zone_code,tree_cover_ratio,grassland_ratio,builtup_landcover_ratio,bare_sparse_ratio,water_ratio,dominant_landcover_class,landcover_source,landcover_warning
NSR-GRID-001,0.03243537621743481,0.0,0.967564623782565,0.0,0.0,50,esa_worldcover_v200,
NSR-GRID-002,0.05859849103207445,0.0,0.9414015089679255,0.0,0.0,50,esa_worldcover_v200,
NSR-GRID-003,0.003491667921841411,0.0,0.9965083320781586,0.0,0.0,50,esa_worldcover_v200,
NSR-GRID-004,0.012716935966487137,0.0,0.9872830640335128,0.0,0.0,50,esa_worldcover_v200,
NSR-GRID-005,0.0,0.0,1.0,0.0,0.0,50,esa_worldcover_v200,
NSR-GRID-006,0.014791987673343557,0.0041602465331278754,0.9792839662829692,0.00037705066618326716,0.0,50,esa_worldcover_v200,
NSR-GRID-007,0.025260581890691452,0.0,0.9733581074956941,0.0,0.0,50,esa_worldcover_v200,
NSR-GRID-008,0.05813468684854509,0.0,0.9418653131514502,0.0,0.0,50,esa_worldcover_v200,
NSR-GRID-009,0.05535605085948304,0.0,0.9446439491405118,0.0,0.0,50,esa_worldcover_v200,
NSR-GRID-010,0.037531045901941076,0.03619065140544318,0.9013574779557667,0.01888904950260858,0.0,50,esa_worldcover_v200,
NSR-GRID-011,0.04543083771417965,0.0,0.9545691622858203,0.0,0.0,50,esa_worldcover_v200,
NSR-GRID-012,0.0,0.0,0.9898593039661389,0.01014069603386111,0.0,50,esa_worldcover_v200,
NSR-GRID-013,0.0,0.0,0.9890340660679601,0.01096593393203988,0.0,50,esa_worldcover_v200,
NSR-GRID-014,0.0,0.14147480301657278,0.33763650605925644,0.5044926044818532,0.0,59,esa_worldcover_v200,
NSR-GRID-015,0.0,0.08744662681468832,0.5609502367828586,0.3516031364024534,0.0,49,esa_worldcover_v200,
NSR-GRID-016,0.0,0.0,1.0,0.0,0.0,50,esa_worldcover_v200,
NSR-GRID-017,0.013263035590972368,0.05921232914250639,0.8698907169712051,0.0007453606778397693,0.0,50,esa_worldcover_v200,
NSR-GRID-018,0.0,0.14757380140712265,0.6023355334735621,0.24639152825125127,0.0,50,esa_worldcover_v200,
NSR-GRID-019,0.0,0.0,1.0,0.0,0.0,50,esa_worldcover_v200,
NSR-GRID-020,0.0,0.006882312456985543,0.5018385606135088,0.49127912692950554,0.0,50,esa_worldcover_v200,
NSR-GRID-021,0.0,0.0,1.0,0.0,0.0,50,esa_worldcover_v200,
NSR-GRID-022,0.0,0.0,1.0,0.0,0.0,50,esa_worldcover_v200,
NSR-GRID-023,0.0,0.0,0.8123711340206186,0.18762886597938144,0.0,50,esa_worldcover_v200,
NSR-GRID-024,0.0009245009054670651,0.0,0.9981509981890658,0.0009245009054670651,0.0,50,esa_worldcover_v200,
NSR-GRID-025,0.0,0.008320508149203586,0.9898304900398622,0.0013867513582005977,0.0,50,esa_worldcover_v200,
NSR-GRID-026,0.022624893727714576,0.08828983647210467,0.7670457120379077,0.08412958239750287,0.0,50,esa_worldcover_v200,
NSR-GRID-027,0.015620439808646467,0.0,0.9843795601913536,0.0,0.0,50,esa_worldcover_v200,
NSR-GRID-028,0.0035457328844972144,0.0,0.9964542671155027,0.0,0.0,50,esa_worldcover_v200,
NSR-GRID-029,0.040215789387817336,0.0,0.9394451906919072,0.020339019920275432,0.0,50,esa_worldcover_v200,
NSR-GRID-030,0.0,0.0,0.9675101377868903,0.03248986221311021,0.0,50,esa_worldcover_v200,
NSR-GRID-031,0.0,0.028556201497691527,0.7989573079983833,0.16731653642080446,0.0,50,esa_worldcover_v200,
NSR-GRID-032,0.0,0.013046339248326407,0.9623836896287316,0.022806168415061064,0.0,50,esa_worldcover_v200,
NSR-GRID-033,0.0,0.055219895259485764,0.17619537060703508,0.7685847341334793,0.0,60,esa_worldcover_v200,
NSR-GRID-034,0.007091465768994429,0.10585535367597897,0.5050475936691641,0.3440847350398546,0.0,49,esa_worldcover_v200,
NSR-GRID-035,0.0,0.004622504527335326,0.2771363675090509,0.7182411279636141,0.0,60,esa_worldcover_v200,
NSR-GRID-036,0.0,0.027254649242543783,0.17184296536384575,0.7945831497927129,0.0,60,esa_worldcover_v200,
NSR-GRID-037,0.0,0.0374749161151385,0.4080348192419463,0.5531035132847151,0.0,60,esa_worldcover_v200,
NSR-GRID-038,0.0,0.013451593363516838,0.6247869482254637,0.36129761036400326,0.0,50,esa_worldcover_v200,
NSR-GRID-039,0.0,0.0021576185492548808,0.9743038870299674,0.022128948570923252,0.0,50,esa_worldcover_v200,
NSR-GRID-040,0.000982395851592736,0.0027622659827136933,0.7182642798942104,0.2779910582714849,0.0,50,esa_worldcover_v200,
NSR-GRID-041,0.0,0.0,1.0,0.0,0.0,50,esa_worldcover_v200,
NSR-GRID-042,0.0,0.0,0.2544501951641973,0.7455498048358026,0.0,60,esa_worldcover_v200,
NSR-GRID-043,0.0,0.003993848457989508,0.7908475716428314,0.19868549924163478,0.0,50,esa_worldcover_v200,
NSR-GRID-044,0.0,0.0,0.9434000532130659,0.0565999467869342,0.0,50,esa_worldcover_v200,
NSR-GRID-045,0.0,0.0,0.39846879511093375,0.6015312048890686,0.0,60,esa_worldcover_v200,
NSR-GRID-046,0.0,0.005648146325136364,0.8741706207792728,0.09570593215333462,0.0,50,esa_worldcover_v200,
NSR-GRID-047,0.0,0.0007074607983487035,0.05155863324122475,0.9477339059604265,0.0,60,esa_worldcover_v200,
NSR-GRID-048,0.0,0.021597418473274347,0.6640909745376344,0.31431160698909527,0.0,50,esa_worldcover_v200,
NSR-GRID-049,0.0,0.0007173681871121319,0.17280696325387032,0.8264756685590176,0.0,60,esa_worldcover_v200,
NSR-GRID-050,0.0,0.0007399325645772551,0.8854265203437939,0.11383354709163028,0.0,50,esa_worldcover_v200,
NSR-GRID-051,0.0,0.0,0.1330682769748175,0.8669317230251827,0.0,60,esa_worldcover_v200,
NSR-GRID-052,0.003544456285039151,0.0,0.9905481165732289,0.005907427141731918,0.0,50,esa_worldcover_v200,
NSR-GRID-053,0.0,0.0016978739824699985,0.06089928520240335,0.9374028408151226,0.0,60,esa_worldcover_v200,
NSR-GRID-054,0.0009244171187549708,0.0,0.999075582881245,0.0,0.0,50,esa_worldcover_v200,
NSR-GRID-055,0.008781962628172222,0.0,0.9400361428967557,0.0008011615029209747,0.0,50,esa_worldcover_v200,
NSR-GRID-056,0.0,0.0,0.8405380470147622,0.15668870162896742,0.0,50,esa_worldcover_v200,
NSR-GRID-057,0.005831078178499492,0.002773251356264912,0.9373172690180646,0.05407840144716579,0.0,50,esa_worldcover_v200,
NSR-GRID-058,0.004159877034397369,0.0,0.9676816524952923,0.025385219114045822,0.0,50,esa_worldcover_v200,
NSR-GRID-059,0.0,0.0,0.9175365552592947,0.08246344474070083,0.0,50,esa_worldcover_v200,
NSR-GRID-060,0.0,0.0,0.8655843131852656,0.1344156868147301,0.0,50,esa_worldcover_v200,
NSR-GRID-061,0.0,0.019838716401515993,0.45086723013817204,0.5153607311233094,0.0,60,esa_worldcover_v200,
NSR-GRID-062,0.0004622085593774854,0.11301452422425966,0.558130429817705,0.30032680864021793,0.0,50,esa_worldcover_v200,
NSR-GRID-063,0.0,0.0712888730992804,0.7068093290000487,0.21700238717126488,0.0,50,esa_worldcover_v200,
NSR-GRID-064,0.0,0.015252882459457018,0.5170772468320557,0.4676698707084828,0.0,50,esa_worldcover_v200,
NSR-GRID-065,0.0004622085593774854,0.0,0.8273986358503416,0.17213915559027598,0.0,49,esa_worldcover_v200,
NSR-GRID-066,0.0,0.0018488342375099416,0.30490539225193375,0.6932457735105512,0.0,60,esa_worldcover_v200,
NSR-GRID-067,0.0,0.003697668475019883,0.3866456165409026,0.6096567149840734,0.0,60,esa_worldcover_v200,
NSR-GRID-068,0.0,0.0,0.9217308713628223,0.0782691286371734,0.0,50,esa_worldcover_v200,
NSR-GRID-069,0.0,0.04344579199889783,0.619915932419667,0.3366382755814303,0.0,50,esa_worldcover_v200,
NSR-GRID-070,0.0,0.0015751342670550384,0.4589314100623699,0.5394934556705724,0.0,60,esa_worldcover_v200,
NSR-GRID-071,0.0,0.06596169287963168,0.3204954150723485,0.6116940578105068,0.0,60,esa_worldcover_v200,
NSR-GRID-072,0.0,0.0205383732796325,0.09783595765082019,0.8816256690695423,0.0,60,esa_worldcover_v200,
NSR-GRID-073,0.0,0.0,0.08557746162309501,0.9144225383769004,0.0,60,esa_worldcover_v200,
NSR-GRID-074,0.0,0.0,0.0490086079546998,0.950991392045296,0.0,60,esa_worldcover_v200,
NSR-GRID-075,0.0,0.0,0.0849593709613392,0.9150406290386558,0.0,60,esa_worldcover_v200,
NSR-GRID-076,0.0,0.0,0.0327116779258254,0.9672883220741743,0.0,59,esa_worldcover_v200,
NSR-GRID-077,0.0,0.0,0.0,1.0,0.0,60,esa_worldcover_v200,
NSR-GRID-078,0.0,0.0,1.0,0.0,0.0,50,esa_worldcover_v200,
NSR-GRID-079,0.0,0.008825084043385424,0.2684229443727934,0.7227519715838217,0.0,60,esa_worldcover_v200,
NSR-GRID-080,0.04164732068903563,0.0,0.9583526793109644,0.0,0.0,50,esa_worldcover_v200,
NSR-GRID-081,5.816595473961643e-05,0.0029101154230664348,0.1618994819594655,0.8351322366627275,0.0,60,esa_worldcover_v200,
NSR-GRID-082,0.005731905613895808,0.0,0.967334301340164,0.02693379304594052,0.0,50,esa_worldcover_v200,
NSR-GRID-083,0.0,0.0027735027164011955,0.9630199637813174,0.033282032596814344,0.0,50,esa_worldcover_v200,
NSR-GRID-084,0.0,0.0,0.9551617060848473,0.0448382939151527,0.0,50,esa_worldcover_v200,
NSR-GRID-085,0.0,0.0,0.9972264972835988,0.0027735027164011977,0.0,50,esa_worldcover_v200,
NSR-GRID-086,0.0,0.0,0.9428350273452917,0.057164972654713576,0.0,50,esa_worldcover_v200,
NSR-GRID-087,0.0,0.0,0.9000578266252686,0.09994217337473675,0.0,50,esa_worldcover_v200,
NSR-GRID-088,0.0023112522636676647,0.0,0.7518168255539345,0.24587192218240297,0.0,50,esa_worldcover_v200,
NSR-GRID-089,0.0,0.04465158098718583,0.8714128005307771,0.06992127240328562,0.0,50,esa_worldcover_v200,
NSR-GRID-090,0.000462250452733533,0.11848657389028201,0.696542547888245,0.16406990677042868,0.0,49,esa_worldcover_v200,
NSR-GRID-091,0.0,0.008509033824043936,0.4685243696625949,0.5229665965133656,0.0,59,esa_worldcover_v200,
NSR-GRID-092,0.0,0.0,0.8902762444960518,0.10972375550395297,0.0,50,esa_worldcover_v200,
NSR-GRID-093,0.0,0.000924500905467066,0.5668078796481129,0.43226761944642444,0.0,49,esa_worldcover_v200,
NSR-GRID-094,0.0,0.000924500905467066,0.7272903603559553,0.2717851387385828,0.0,50,esa_worldcover_v200,
NSR-GRID-095,0.0,0.0,0.5347313237221532,0.46526867627785184,0.0,50,esa_worldcover_v200,
NSR-GRID-096,0.0,0.012943012676538924,0.8368981000600065,0.15015888726345963,0.0,50,esa_worldcover_v200,
NSR-GRID-097,0.0,0.01710326675114072,0.8288241254855943,0.15407260776327017,0.0,50,esa_worldcover_v200,
NSR-GRID-098,0.0,0.032526117150579556,0.8654434250764567,0.10203045777296822,0.0,50,esa_worldcover_v200,
NSR-GRID-099,0.0,0.23212586264091906,0.489791515982086,0.2753091186605983,0.0,49,esa_worldcover_v200,
NSR-GRID-100,0.0,0.009245009054670659,0.2744190599457271,0.7163359309996066,0.0,59,esa_worldcover_v200,
NSR-GRID-101,0.0,0.0,0.2500629929538536,0.749937007046151,0.0,59,esa_worldcover_v200,
NSR-GRID-102,0.0,0.0,0.00407505497154895,0.995924945028451,0.0,60,esa_worldcover_v200,
NSR-GRID-103,0.0,0.0,0.055131070662686035,0.9448689293373191,0.0,59,esa_worldcover_v200,
NSR-GRID-104,0.04680768325504766,0.008969596496075486,0.3973229361741322,0.5390712144004747,0.0,60,esa_worldcover_v200,
NSR-GRID-105,0.016809413271431994,0.0,0.9831905867285679,0.0,0.0,50,esa_worldcover_v200,
NSR-GRID-106,0.0009542484638470788,0.0011320006286813387,0.07706772544587713,0.9184604043019741,0.0,60,esa_worldcover_v200,
NSR-GRID-107,0.007671966781996873,0.0,0.992328033218003,0.0,0.0,50,esa_worldcover_v200,
NSR-GRID-108,0.03478393254903942,0.0,0.9624430674092749,0.002773000041685615,0.0,50,esa_worldcover_v200,
NSR-GRID-109,0.0046216667361426945,0.0,0.9939918332430145,0.0013865000208428083,0.0,50,esa_worldcover_v200,
NSR-GRID-110,0.011554166840356735,0.0,0.9884458331596433,0.0,0.0,50,esa_worldcover_v200,
NSR-GRID-111,0.029116500437698974,0.0,0.970883499562301,0.0,0.0,50,esa_worldcover_v200,
NSR-GRID-112,0.00785683345144258,0.0,0.9820189977689128,0.010124168779644347,0.0,50,esa_worldcover_v200,
NSR-GRID-113,0.035124667194684475,0.0,0.9500859992496589,0.0,0.0,50,esa_worldcover_v200,
NSR-GRID-114,0.02321164152540372,0.0,0.9767883584745962,0.0,0.0,50,esa_worldcover_v200,
NSR-GRID-115,0.0,0.0,0.9907566665277148,0.009243333472285389,0.0,50,esa_worldcover_v200,
NSR-GRID-116,0.0,0.0,0.7481282249718613,0.2518717750281367,0.0,50,esa_worldcover_v200,
NSR-GRID-117,0.0,0.006470333430599772,0.39110175097734584,0.6024279155920544,0.0,60,esa_worldcover_v200,
NSR-GRID-118,0.0,0.01359132504091532,0.39434960462094104,0.5920590703381434,0.0,60,esa_worldcover_v200,
NSR-GRID-119,0.0,0.0006506581797157754,0.9915776920302526,0.007771649790031323,0.0,50,esa_worldcover_v200,
NSR-GRID-120,0.0,0.0,0.9967648332847001,0.003235166715299886,0.0,50,esa_worldcover_v200,
NSR-GRID-121,0.0,0.0,0.9392694866687569,0.0607305133312429,0.0,50,esa_worldcover_v200,
NSR-GRID-122,0.0,0.006470333430599772,0.95193104110746,0.04159862546194004,0.0,49,esa_worldcover_v200,
NSR-GRID-123,0.0,0.004375177843548417,0.9404276219802846,0.055197200176166965,0.0,49,esa_worldcover_v200,
NSR-GRID-124,0.0,0.09980081522576371,0.7076551112915477,0.1906954067882313,0.0,49,esa_worldcover_v200,
NSR-GRID-125,0.0,0.015260562320910382,0.3454233718593044,0.639316065819783,0.0,60,esa_worldcover_v200,
NSR-GRID-126,0.0,0.0,0.1534828336798075,0.8465171663201914,0.0,60,esa_worldcover_v200,
NSR-GRID-127,0.0,0.0027730000416856166,0.003773454958685917,0.9934535449996286,0.0,60,esa_worldcover_v200,
NSR-GRID-128,0.0,0.0,1.0,0.0,0.0,50,esa_worldcover_v200,
NSR-GRID-129,0.005312250988234934,0.007468399918753819,0.5001692628991354,0.4777536469644653,0.0,50,esa_worldcover_v200,
NSR-GRID-130,0.019263515086180554,0.0,0.9411722670717415,0.02602769372746473,0.0,50,esa_worldcover_v200,
NSR-GRID-131,0.0,0.0,0.0343674170170985,0.9656325829829022,0.0,60,esa_worldcover_v200,
NSR-GRID-132,0.04517098385494841,0.0004621675112551396,0.9497451735212502,0.0,0.0,50,esa_worldcover_v200,
NSR-GRID-133,0.012940690315143917,0.0,0.9870593096848561,0.0,0.0,50,esa_worldcover_v200,
NSR-GRID-134,0.0,0.0,1.0,0.0,0.0,50,esa_worldcover_v200,
NSR-GRID-135,0.0,0.0,1.0,0.0,0.0,50,esa_worldcover_v200,
NSR-GRID-136,0.21490789273364005,0.00046216751125513993,0.667087148480832,0.018468576234077945,0.0,49,esa_worldcover_v200,
NSR-GRID-137,0.0009243350225102799,0.0009243350225102799,0.9969351950528138,0.0,0.0,50,esa_worldcover_v200,
NSR-GRID-138,0.0031318645468583596,0.0,0.9968681354531416,0.0,0.0,50,esa_worldcover_v200,
NSR-GRID-139,0.0018486700450205597,0.0,0.9327446587935122,0.06540667116147253,0.0,50,esa_worldcover_v200,
NSR-GRID-140,0.0,0.0,0.14411107969580372,0.8558889203042004,0.0,59,esa_worldcover_v200,
NSR-GRID-141,0.0,0.0,0.0,1.0,0.0,60,esa_worldcover_v200,
NSR-GRID-142,0.0018486700450205597,0.0005473513270551069,0.5104957335595266,0.4871082450684026,0.0,49,esa_worldcover_v200,
NSR-GRID-143,0.0,0.0036973400900411194,0.8658010541044143,0.13050160580554943,0.0,49,esa_worldcover_v200,
NSR-GRID-144,0.0013865025337654196,0.0,0.9953783248874486,0.0032351725787859793,0.0,50,esa_worldcover_v200,
NSR-GRID-145,0.0,0.017063949484184864,0.8385023597729439,0.14443369074287593,0.0,49,esa_worldcover_v200,
NSR-GRID-146,0.0,0.005290458687661779,0.9668272472215581,0.027882294090780683,0.0,50,esa_worldcover_v200,
NSR-GRID-147,0.0,0.054327337842638525,0.886662026867342,0.056237630222493076,0.0,50,esa_worldcover_v200,
NSR-GRID-148,0.0,0.09190789998332606,0.735332071887895,0.15788548395281954,0.0,49,esa_worldcover_v200,
NSR-GRID-149,0.0,0.025475398189028425,0.8701871144073063,0.10349833619695986,0.0,49,esa_worldcover_v200,
NSR-GRID-150,0.0,0.07204919637225717,0.5728448494602634,0.33659750465792404,0.0,50,esa_worldcover_v200,
NSR-GRID-151,0.0,0.014531265464775546,0.3135664134317479,0.6719023211034754,0.0,60,esa_worldcover_v200,
NSR-GRID-152,0.0,0.0,1.0,0.0,0.0,50,esa_worldcover_v200,
NSR-GRID-153,0.0,0.0,0.9995378752045582,0.0004621247954418178,0.0,50,esa_worldcover_v200,
NSR-GRID-154,0.02587898854474182,0.010148622958722282,0.9289052716659509,0.014325868658696363,0.0,50,esa_worldcover_v200,
NSR-GRID-155,0.013863743863254546,0.0,0.9861362561367455,0.0,0.0,50,esa_worldcover_v200,
NSR-GRID-156,0.02264411497664909,0.0,0.95933301800112,0.0,0.0,50,esa_worldcover_v200,
NSR-GRID-157,0.0,0.0,0.9935302528638146,0.006469747136185455,0.0,50,esa_worldcover_v200,
NSR-GRID-158,0.0,0.0,0.9916998762230452,0.008300123776955009,0.0,50,esa_worldcover_v200,
NSR-GRID-159,0.035942435560774824,0.0,0.9552590707848331,0.008798493654392264,0.0,50,esa_worldcover_v200,
NSR-GRID-160,0.013504917551499723,0.0,0.9864950824485004,0.0,0.0,50,esa_worldcover_v200,
NSR-GRID-161,0.0,0.002310623977209091,0.8509620350888641,0.14672734093392686,0.0,50,esa_worldcover_v200,
NSR-GRID-162,0.0,0.0,0.7260143639259952,0.273985636074005,0.0,50,esa_worldcover_v200,
NSR-GRID-163,0.0018484991817672726,0.00046212479544181816,0.8707536621124722,0.12693571391031866,0.0,50,esa_worldcover_v200,
NSR-GRID-164,0.004159123158976364,0.0,0.9075569183706388,0.08828395847038499,0.0,50,esa_worldcover_v200,
NSR-GRID-165,0.0,0.0,0.99491662725014,0.00508337274986,0.0,50,esa_worldcover_v200,
NSR-GRID-166,0.0,0.050474901186845174,0.885927665689862,0.06267318353240942,0.0,50,esa_worldcover_v200,
NSR-GRID-167,0.0,0.0013863743863254546,0.7888198420076875,0.20979378360598666,0.0,50,esa_worldcover_v200,
NSR-GRID-168,0.0,0.005103307544957489,0.8736949505164018,0.12120174193864061,0.0,50,esa_worldcover_v200,
NSR-GRID-169,0.0,0.04010155871975119,0.7743218092095129,0.18068173374725177,0.0,50,esa_worldcover_v200,
NSR-GRID-170,0.0,0.10815532467438317,0.5547636005139553,0.32718797968100755,0.0,49,esa_worldcover_v200,
NSR-GRID-171,0.0,0.00611092082443063,0.22300149148512402,0.7579698404672719,0.0,59,esa_worldcover_v200,
NSR-GRID-172,0.0,0.0,0.650420708998115,0.34957929100188506,0.0,50,esa_worldcover_v200,
NSR-GRID-173,0.0,0.0,0.16563222771805505,0.8343677722819448,0.0,60,esa_worldcover_v200,
NSR-GRID-174,0.0,0.0,0.9652397646868385,0.0347602353131616,0.0,50,esa_worldcover_v200,
NSR-GRID-175,0.00786587191421024,0.0,0.9888952396505267,0.00323888843526304,0.0,50,esa_worldcover_v200,
NSR-GRID-176,0.002533760822402953,0.024975124558449708,0.969201575354011,0.0,0.0,50,esa_worldcover_v200,
NSR-GRID-177,0.007497974622518611,0.0,0.9925020253774812,0.0,0.0,50,esa_worldcover_v200,
NSR-GRID-178,0.0,0.0,0.9833619997498861,0.01663800025011381,0.0,50,esa_worldcover_v200,
NSR-GRID-179,0.014327166882042448,0.0,0.984748499770729,0.000924333347228545,0.0,50,esa_worldcover_v200,
NSR-GRID-180,0.004159500062528453,0.0,0.9875214998124147,0.008319000125056906,0.0,50,esa_worldcover_v200,
NSR-GRID-181,0.0004621666736142725,0.0,0.9995378333263857,0.0,0.0,50,esa_worldcover_v200,
NSR-GRID-182,0.0,0.004159500062528453,0.9895060978814645,0.006334402056007381,0.0,50,esa_worldcover_v200,
NSR-GRID-183,0.008781166798671178,0.0032351667152999077,0.9508363404374098,0.03714732604862011,0.0,50,esa_worldcover_v200,
NSR-GRID-184,0.006008166756985543,0.004621666736142726,0.9072621789980639,0.08164582083519907,0.0,49,esa_worldcover_v200,
NSR-GRID-185,0.0,0.004485735361550291,0.8098211324352237,0.18569313220323105,0.0,49,esa_worldcover_v200,
NSR-GRID-186,0.0,0.006470333430599815,0.9935296665694002,0.0,0.0,50,esa_worldcover_v200,
NSR-GRID-187,0.0,0.0,0.994916166590243,0.005083833409756998,0.0,50,esa_worldcover_v200,
NSR-GRID-188,0.0,0.0,0.9732215192052911,0.02677848079470932,0.0,50,esa_worldcover_v200,
NSR-GRID-189,0.0004621666736142725,0.0,0.9330238931108218,0.06651394021556938,0.0,49,esa_worldcover_v200,
NSR-GRID-190,0.0,0.0,0.8255166751548301,0.17448332484517506,0.0,50,esa_worldcover_v200,
NSR-GRID-191,0.0,0.0,0.45282546955228065,0.5471745304477247,0.0,60,esa_worldcover_v200,
NSR-GRID-192,0.0,0.0,0.08912385885611072,0.910876141143894,0.0,60,esa_worldcover_v200,
NSR-GRID-193,0.0,0.0,1.0,0.0,0.0,50,esa_worldcover_v200,
NSR-GRID-194,0.0,0.01916864968862337,0.7138271479925068,0.26700420231887007,0.0,50,esa_worldcover_v200,
NSR-GRID-195,0.02969869695682555,0.0,0.9539961360864859,0.0,0.0,50,esa_worldcover_v200,
NSR-GRID-196,0.0,0.05702526717172378,0.577819191547607,0.35972527482787653,0.0,50,esa_worldcover_v200,
NSR-GRID-197,0.10634106560347953,0.007169264226168903,0.8672562522653138,0.0,0.0,50,esa_worldcover_v200,
NSR-GRID-198,0.2735628851032983,0.012939470822761872,0.6638365349764405,0.0023106197897789058,0.0,50,esa_worldcover_v200,
NSR-GRID-199,0.008318231243204062,0.0,0.9653407031533164,0.005545487495469374,0.0,50,esa_worldcover_v200,
NSR-GRID-200,0.0073939833272924985,0.0,0.9926060166727075,0.0,0.0,50,esa_worldcover_v200,
NSR-GRID-201,0.03439833272924974,0.0,0.9622816237767308,0.0,0.0,50,esa_worldcover_v200,
NSR-GRID-202,0.045324392895976805,0.0,0.9287966654584993,0.022729249728162385,0.0,50,esa_worldcover_v200,
NSR-GRID-203,0.0,0.008780355201159842,0.8106578470460313,0.17919354838709675,0.0,50,esa_worldcover_v200,
NSR-GRID-204,0.0046212395795578115,0.0017451975353388915,0.9416527727437475,0.0408716926422617,0.0,50,esa_worldcover_v200,
NSR-GRID-205,0.0,0.013504893077201886,0.8483381660021745,0.13769481696266767,0.0,50,esa_worldcover_v200,
NSR-GRID-206,0.0,0.008265675969554187,0.9755599855019934,0.01617433852845234,0.0,50,esa_worldcover_v200,
NSR-GRID-207,0.0,0.0001884740848133382,0.9770822761870241,0.022729249728162385,0.0,50,esa_worldcover_v200,
NSR-GRID-208,0.0,0.0,0.9973124320405944,0.0026875679594055824,0.0,50,esa_worldcover_v200,
NSR-GRID-209,0.0,0.0,0.9893439652047842,0.010656034795215659,0.0,50,esa_worldcover_v200,
NSR-GRID-210,0.00046212395795578115,0.0,0.9768557448350852,0.022682131206959052,0.0,50,esa_worldcover_v200,
NSR-GRID-211,0.0018484958318231246,0.0,0.9939923885465748,0.004159115621602031,0.0,50,esa_worldcover_v200,
NSR-GRID-212,0.0,0.0015096049293222185,0.8033544762595144,0.19486226893802105,0.0,50,esa_worldcover_v200,
NSR-GRID-213,0.0,0.10324162008073134,0.7353813176394481,0.14237697666528204,0.0,49,esa_worldcover_v200,
NSR-GRID-214,0.017841606687636506,0.0,0.9821583933123635,0.0,0.0,50,esa_worldcover_v200,
NSR-GRID-215,0.11789115843493085,0.024611849639755767,0.8367159072788111,0.0,0.0,50,esa_worldcover_v200,
NSR-GRID-216,0.14097360142647913,0.0010274568359403269,0.827526782737271,0.023104188109769257,0.0,50,esa_worldcover_v200,
NSR-GRID-217,0.0050829213841492365,0.0,0.9639574665487596,0.030959612067090803,0.0,50,esa_worldcover_v200,
NSR-GRID-218,0.026800858207332336,0.0,0.9731991417926676,0.0,0.0,50,esa_worldcover_v200,
NSR-GRID-219,0.00022469955494991276,0.0,0.9268004957886911,0.07297480465635421,0.0,50,esa_worldcover_v200,
NSR-GRID-220,0.0018483350487815404,0.0009241675243907702,0.9304899175135132,0.06627549615111365,0.0,50,esa_worldcover_v200,
NSR-GRID-221,0.0009241675243907702,0.0,0.9395431350661726,0.05953269740943131,0.0,50,esa_worldcover_v200,
NSR-GRID-222,0.0,0.0,0.8871283396877353,0.11287166031225934,0.0,50,esa_worldcover_v200,
NSR-GRID-223,0.0013862512865861554,0.0,0.995014931647845,0.003598817065568764,0.0,50,esa_worldcover_v200,
NSR-GRID-224,0.0004620837621953851,0.0,0.9995379162378046,0.0,0.0,50,esa_worldcover_v200,
NSR-GRID-225,0.0,0.0,0.8907652107101915,0.10923478928980394,0.0,50,esa_worldcover_v200,
NSR-GRID-226,0.017559182963424635,0.0009241675243907702,0.7605192009393846,0.2209974485727947,0.0,50,esa_worldcover_v200,
NSR-GRID-227,0.002772502573172311,0.0,0.9949170786158508,0.0023104188109769257,0.0,50,esa_worldcover_v200,
NSR-GRID-228,0.0004620837621953851,0.0,0.9755476145605312,0.02399030167727335,0.0,50,esa_worldcover_v200,
NSR-GRID-229,0.0,0.0,0.9805924819877938,0.019407518012206176,0.0,50,esa_worldcover_v200,
NSR-GRID-230,0.0,0.00013228280251083573,0.9980846175033703,0.0017830996941186625,0.0,50,esa_worldcover_v200,
NSR-GRID-231,0.0,0.02169399015167997,0.5158502580734478,0.42631228535078924,0.0,49,esa_worldcover_v200,
NSR-GRID-232,0.02352898293191904,0.0,0.9764710170680809,0.0,0.0,50,esa_worldcover_v200,
NSR-GRID-233,0.0,0.0,0.9997390358825664,0.0,0.0,50,esa_worldcover_v200,
NSR-GRID-234,0.0,0.0,0.9985302645886192,0.0,0.0,50,esa_worldcover_v200,
NSR-GRID-235,0.0023106197897789092,0.0018484958318231274,0.9759351214208046,0.0023450525552736537,0.0,50,esa_worldcover_v200,
NSR-GRID-236,0.0,0.0018484958318231274,0.83195904313157,0.16619246103660762,0.0,50,esa_worldcover_v200,
NSR-GRID-237,0.0,0.023568321855744874,0.3331732511779643,0.6427963030083368,0.0,60,esa_worldcover_v200,
NSR-GRID-238,0.007856107285248291,0.0,0.621301196085538,0.37084269662921443,0.0,50,esa_worldcover_v200,
NSR-GRID-239,0.0046212395795578185,0.0,0.6842986589343973,0.31108010148604687,0.0,50,esa_worldcover_v200,
NSR-GRID-240,0.0009242479159115637,0.0,0.5119789778905407,0.48709677419354813,0.0,50,esa_worldcover_v200,
NSR-GRID-241,0.0,0.0,0.9072272562522649,0.09277274374773475,0.0,50,esa_worldcover_v200,
NSR-GRID-242,0.0,0.0,0.9833635375135918,0.016636462486408148,0.0,50,esa_worldcover_v200,
NSR-GRID-243,0.0,0.0,0.7350851757883299,0.2649148242116715,0.0,50,esa_worldcover_v200,
NSR-GRID-244,0.0,0.01117615077926787,0.18751902863356312,0.8013048205871691,0.0,60,esa_worldcover_v200,
NSR-GRID-245,0.0,0.004998187749184496,0.46120152229068617,0.53323486770569,0.0,60,esa_worldcover_v200,
NSR-GRID-246,0.00046212395795578186,0.021719826023921748,0.8278669807901413,0.14995106922798146,0.0,50,esa_worldcover_v200,
NSR-GRID-247,0.0,0.002395795578108014,0.7751341065603476,0.22247009786154437,0.0,50,esa_worldcover_v200,
NSR-GRID-248,0.0,0.014514316781442575,0.894333091699892,0.08237223631750647,0.0,50,esa_worldcover_v200,
NSR-GRID-249,0.013674313358302123,0.0,0.9863256866416978,0.0,0.0,50,esa_worldcover_v200,
NSR-GRID-250,0.0,0.0163158231492738,0.5857956363171035,0.39788854053362377,0.0,50,esa_worldcover_v200,
NSR-GRID-251,0.00654576083610479,0.013484342864912926,0.9568501028322736,0.0,0.0,50,esa_worldcover_v200,
NSR-GRID-252,0.007119056204124287,0.0,0.9837071638107698,0.0,0.0,50,esa_worldcover_v200,
NSR-GRID-253,0.0064685748660533735,0.0004620410618609552,0.9800815004194611,0.012987883652624814,0.0,50,esa_worldcover_v200,
NSR-GRID-254,0.0,0.0,0.9383836535308044,0.06161634646919079,0.0,50,esa_worldcover_v200,
NSR-GRID-255,0.0,0.0018481642474438209,0.8714964151049337,0.12665542064761823,0.0,50,esa_worldcover_v200,
NSR-GRID-256,0.0,0.0,0.7186369245097346,0.2813630754902612,0.0,50,esa_worldcover_v200,
NSR-GRID-257,0.0,0.0,0.39335095733096,0.6066490426690364,0.0,59,esa_worldcover_v200,
NSR-GRID-258,0.0,0.0004620410618609552,0.4339797680372668,0.5655581909008679,0.0,60,esa_worldcover_v200,
NSR-GRID-259,0.005082451680470508,0.005082451680470508,0.882043634795493,0.10779146184356174,0.0,50,esa_worldcover_v200,
NSR-GRID-260,0.0,0.0,0.952456880697373,0.047543119302625884,0.0,50,esa_worldcover_v200,
NSR-GRID-261,0.0036963284948876417,0.0,0.553771614009083,0.4425320574960264,0.0,50,esa_worldcover_v200,
NSR-GRID-262,0.0,0.0013861231855828657,0.012362769274812929,0.9862511075396039,0.0,60,esa_worldcover_v200,
NSR-GRID-263,0.0027722463711657313,0.06825343042839344,0.16180134408650823,0.7575733965816173,0.0,60,esa_worldcover_v200,
NSR-GRID-264,0.0,0.014323272917689613,0.3395693777303448,0.6461073493519616,0.0,60,esa_worldcover_v200,
NSR-GRID-265,0.0,0.0023102053093047763,0.9670356351433861,0.030654159547308383,0.0,50,esa_worldcover_v200,
NSR-GRID-266,0.0,0.004620410618609553,0.8892496634347911,0.10612992594659507,0.0,50,esa_worldcover_v200,
NSR-GRID-267,0.0,0.0,1.0,0.0,0.0,50,esa_worldcover_v200,
NSR-GRID-268,0.0,0.0,0.8983001343536424,0.10169986564635783,0.0,50,esa_worldcover_v200,
NSR-GRID-269,0.0,0.0025204701714710525,0.6587540376943729,0.3387254921341573,0.0,50,esa_worldcover_v200,
NSR-GRID-270,0.003717831192239217,0.006881632638183963,0.5116027315124467,0.4669213259535606,0.0,50,esa_worldcover_v200,
NSR-GRID-271,0.00046204106186095777,0.001848164247443831,0.8929822304443424,0.10470756424635701,0.0,50,esa_worldcover_v200,
NSR-GRID-272,0.0,0.0,0.9747508149135983,0.02524918508640175,0.0,50,esa_worldcover_v200,
NSR-GRID-273,0.0,0.00046204106186095777,0.8916794558424687,0.10785850309567542,0.0,50,esa_worldcover_v200,
NSR-GRID-274,0.0,0.0,0.9230801287916858,0.07691987120831913,0.0,50,esa_worldcover_v200,
NSR-GRID-275,0.0,0.0,0.7834658153031661,0.21653418469683802,0.0,50,esa_worldcover_v200,
NSR-GRID-276,0.0,0.0,0.3070145080893435,0.6929854919106613,0.0,59,esa_worldcover_v200,
NSR-GRID-277,0.0,0.0,0.05254403432512123,0.9474559656748831,0.0,59,esa_worldcover_v200,
NSR-GRID-278,0.0,0.00046204106186095777,0.21760140895345015,0.7782402214898045,0.0,59,esa_worldcover_v200,
NSR-GRID-279,0.0,0.001848164247443831,0.23646717968323977,0.761684656069321,0.0,59,esa_worldcover_v200,
NSR-GRID-280,0.0,0.0,0.19306068682856883,0.806939313171436,0.0,59,esa_worldcover_v200,
NSR-GRID-281,0.0,0.0,0.0022341044285276897,0.9977658955714722,0.0,60,esa_worldcover_v200,
NSR-GRID-282,0.0,0.02415478194379776,0.0304059257219166,0.9449772512724298,0.0,59,esa_worldcover_v200,
NSR-GRID-283,0.003696328494887662,0.033899318534732,0.14755960782679484,0.8126378196010545,0.0,59,esa_worldcover_v200,
NSR-GRID-284,0.0,0.020706687274302058,0.2782375036012031,0.6687980953036734,0.0,59,esa_worldcover_v200,
NSR-GRID-285,0.0,0.0,0.9139090664514403,0.08609093354856077,0.0,50,esa_worldcover_v200,
NSR-GRID-286,0.0,0.003928619390943738,0.1802955684772394,0.8157758121318167,0.0,60,esa_worldcover_v200,
NSR-GRID-287,0.0009239984128968426,0.0,0.9596031517404682,0.03947284984663432,0.0,50,esa_worldcover_v200,
NSR-GRID-288,0.0,0.0,0.9907038512616202,0.009296148738379804,0.0,50,esa_worldcover_v200,
NSR-GRID-289,0.0,0.0,0.9119049042574587,0.08809509574254132,0.0,50,esa_worldcover_v200,
NSR-GRID-290,0.0,0.0036959936515873703,0.738917907270418,0.2573860990779934,0.0,49,esa_worldcover_v200,
NSR-GRID-291,0.0,0.0,0.16141708744829664,0.8385829125517031,0.0,59,esa_worldcover_v200,
NSR-GRID-292,0.0,0.0,0.28609889681836487,0.7139011031816346,0.0,60,esa_worldcover_v200,
NSR-GRID-293,0.0,0.0,0.2956450686567052,0.704354931343295,0.0,60,esa_worldcover_v200,
NSR-GRID-294,0.0,0.0,0.13303946560280014,0.8669605343971993,0.0,59,esa_worldcover_v200,
NSR-GRID-295,0.0,0.0,0.05026732542318215,0.9497326745768178,0.0,60,esa_worldcover_v200,
NSR-GRID-296,0.0,0.0,0.0,1.0,0.0,60,esa_worldcover_v200,
NSR-GRID-297,0.0,0.0004619992064484213,0.0,0.9995380007935516,0.0,60,esa_worldcover_v200,
NSR-GRID-298,0.0,0.0,0.0,1.0,0.0,60,esa_worldcover_v200,
NSR-GRID-299,0.0,0.0,0.01501950361355848,0.9849804963864415,0.0,60,esa_worldcover_v200,
NSR-GRID-300,0.0004715036157855701,0.0,0.5937654278756613,0.4057630685085497,0.0,49,esa_worldcover_v200,
NSR-GRID-301,0.0,0.0,0.9876462938881662,0.012353706111833548,0.0,50,esa_worldcover_v200,
NSR-GRID-302,0.0,0.0005001990988569965,0.34208518292575313,0.6574146179753906,0.0,59,esa_worldcover_v200,
NSR-GRID-303,0.0,0.0035263775344397995,0.15167572077543418,0.8447979016901258,0.0,60,esa_worldcover_v200,
NSR-GRID-304,0.003696328494887669,0.0328592731641117,0.6102330317684966,0.3532113665725091,0.0,49,esa_worldcover_v200,
NSR-GRID-305,0.0,0.0009240821237219173,0.8810941857115206,0.11751969110290159,0.0,50,esa_worldcover_v200,
NSR-GRID-306,0.0,0.0,0.8328281080415114,0.16717189195849333,0.0,50,esa_worldcover_v200,
NSR-GRID-307,0.0,0.04481798300051299,0.5632733525518285,0.3919086644476638,0.0,50,esa_worldcover_v200,
NSR-GRID-308,0.0,0.017764119884254272,0.19367130580051892,0.7885645743152321,0.0,60,esa_worldcover_v200,
NSR-GRID-309,0.0,0.0,0.02628560660555658,0.9737143933944435,0.0,60,esa_worldcover_v200,
NSR-GRID-310,0.0,0.0,0.001415113997307485,0.9985848860026926,0.0,60,esa_worldcover_v200,
NSR-GRID-311,0.0,0.0,0.06412586360910268,0.9358741363909026,0.0,60,esa_worldcover_v200,
NSR-GRID-312,0.0,0.0,0.05052373713306263,0.9494762628669392,0.0,60,esa_worldcover_v200,
NSR-GRID-313,0.0,0.0027722463711657517,0.005544492742331503,0.9916832608865027,0.0,60,esa_worldcover_v200,
NSR-GRID-314,0.0,0.0,0.0,1.0,0.0,60,esa_worldcover_v200,
NSR-GRID-315,0.0,0.0,0.0,1.0,0.0,60,esa_worldcover_v200,
NSR-GRID-316,0.0,0.0,0.0,1.0,0.0,60,esa_worldcover_v200,
NSR-GRID-317,0.0,0.0053573820259833075,0.24032322871556788,0.7543193892584498,0.0,59,esa_worldcover_v200,
NSR-GRID-318,0.0,0.0028691176056932287,0.1620601389553036,0.8350707434390027,0.0,60,esa_worldcover_v200,
NSR-GRID-319,0.0,0.011306200384784009,0.324207696404697,0.6501653991499974,0.0,60,esa_worldcover_v200,
NSR-GRID-320,0.0,0.0001884064797336223,0.7891948883872768,0.2106167051329896,0.0,50,esa_worldcover_v200,
NSR-GRID-321,0.0,0.0,0.8778999199272464,0.12210008007275393,0.0,50,esa_worldcover_v200,
NSR-GRID-322,0.0036956655640056684,0.0050815401505077944,0.5554132442508855,0.42241276236508096,0.0,50,esa_worldcover_v200,
NSR-GRID-323,0.0,0.01751455621216019,0.28548473001713787,0.6970007137707022,0.0,60,esa_worldcover_v200,
NSR-GRID-324,0.0,0.09726303356171592,0.5492320624350088,0.3535049040032754,0.0,49,esa_worldcover_v200,
NSR-GRID-325,0.0,0.0,0.4698821372541207,0.5301178627458797,0.0,60,esa_worldcover_v200,
NSR-GRID-326,0.0,0.0,0.14707661984282533,0.8529233801571744,0.0,60,esa_worldcover_v200,
NSR-GRID-327,0.0,0.0,0.007664882843778424,0.9923351171562216,0.0,60,esa_worldcover_v200,
NSR-GRID-328,0.0,0.0,0.0015742810662357479,0.9984257189337644,0.0,60,esa_worldcover_v200,
NSR-GRID-329,0.0,0.0,0.0,1.0,0.0,60,esa_worldcover_v200,
NSR-GRID-330,0.0,0.0,0.0,1.0,0.0,60,esa_worldcover_v200,
NSR-GRID-331,0.0,0.0,0.0,1.0,0.0,60,esa_worldcover_v200,
NSR-GRID-332,0.0,0.0018594727698976233,0.2423807997841156,0.7557597274459864,0.0,60,esa_worldcover_v200,
NSR-GRID-333,0.0,0.0,0.11081483892202955,0.8891851610779704,0.0,60,esa_worldcover_v200,
NSR-GRID-334,0.0,0.0004619983694175179,0.5015726062143282,0.4979653954162491,0.0,50,esa_worldcover_v200,
NSR-GRID-335,0.0,0.005081982063592697,0.5319594166138215,0.462958601322581,0.0,50,esa_worldcover_v200,
NSR-GRID-336,0.0,0.0,0.7581139595977853,0.2418860404022092,0.0,50,esa_worldcover_v200,
NSR-GRID-337,0.0,0.0,0.24900987408279562,0.7509901259171985,0.0,60,esa_worldcover_v200,
NSR-GRID-338,0.0,0.04473231270948438,0.012671437630220078,0.9421342512908729,0.0,60,esa_worldcover_v200,
NSR-GRID-339,0.0,0.05787480750067918,0.23156264154361703,0.710562550955699,0.0,60,esa_worldcover_v200,
NSR-GRID-340,0.0,0.056559470966572836,0.43026179907600115,0.5131787299574208,0.0,60,esa_worldcover_v200,
NSR-GRID-341,0.0,0.13622067216233305,0.7902454932511968,0.07029984600054325,0.0,50,esa_worldcover_v200,
NSR-GRID-342,0.0,0.0630981067125643,0.5566717999818798,0.37745810308904576,0.0,50,esa_worldcover_v200,
NSR-GRID-343,0.0,0.04289518978168295,0.40666183531116684,0.5320518162877048,0.0004619983694175179,60,esa_worldcover_v200,
NSR-GRID-344,0.0,0.0,0.163406105625509,0.8365938943744865,0.0,60,esa_worldcover_v200,
NSR-GRID-345,0.0,0.0,0.0016450765467886518,0.998354923453211,0.0,60,esa_worldcover_v200,
NSR-GRID-346,0.0,0.0,0.0,1.0,0.0,60,esa_worldcover_v200,
NSR-GRID-347,0.0,0.0,0.007084909579934835,0.9929150904200653,0.0,60,esa_worldcover_v200,
NSR-GRID-348,0.0,0.0015678692006371668,0.4977158199505096,0.500716310848853,0.0,60,esa_worldcover_v200,
NSR-GRID-349,0.0,0.003595140438651666,0.4005038390831477,0.5959010204782044,0.0,59,esa_worldcover_v200,
NSR-GRID-350,0.0,0.0,0.48796191290548124,0.5120380870945189,0.0,60,esa_worldcover_v200,
NSR-GRID-351,0.0,0.0,0.1547487490896709,0.8452512509103293,0.0,60,esa_worldcover_v200,
NSR-GRID-352,0.0,0.0,0.5203189141989651,0.4796810858010345,0.0,50,esa_worldcover_v200,
NSR-GRID-353,0.0,0.0,0.30084529291772877,0.6991547070822717,0.0,60,esa_worldcover_v200,
NSR-GRID-354,0.0,0.0,0.14617987746332448,0.8538201225366755,0.0,60,esa_worldcover_v200,
NSR-GRID-355,0.03510882285805391,0.043174069471266306,0.24087224953713657,0.6808448581335432,0.0,60,esa_worldcover_v200,
NSR-GRID-356,0.0,0.18360573770194874,0.2583052837147967,0.5571650621922531,0.0,60,esa_worldcover_v200,
NSR-GRID-357,0.004157623759506384,0.029829818223979152,0.22400262319791087,0.7276892307580836,0.0,60,esa_worldcover_v200,
NSR-GRID-358,0.0,0.00910691705404732,0.7698578618038467,0.22094645270453947,0.0,50,esa_worldcover_v200,
NSR-GRID-359,0.0,0.004157623759506384,0.872093739470071,0.12374863677042346,0.0,50,esa_worldcover_v200,
NSR-GRID-360,0.0,0.014697517019989234,0.30117681585802913,0.6841256671219816,0.0,60,esa_worldcover_v200,
NSR-GRID-361,0.0,0.0,0.2128594668821268,0.787140533117873,0.0,60,esa_worldcover_v200,
NSR-GRID-362,0.0,0.004746020123125327,0.223096845930627,0.7721571339462479,0.0,60,esa_worldcover_v200,
NSR-GRID-363,0.0,0.014590966570474415,0.39747289447364154,0.5879361389558875,0.0,59,esa_worldcover_v200,
NSR-GRID-364,0.0,0.019286331466953084,0.7501689161650497,0.23054475236799568,0.0,50,esa_worldcover_v200,
NSR-GRID-365,0.0,0.05055529491041547,0.21267133895723003,0.7349257040588797,0.0,59,esa_worldcover_v200,
NSR-GRID-366,0.0,0.0,0.05158600051806987,0.9484139994819304,0.0,59,esa_worldcover_v200,
NSR-GRID-367,0.0,0.006928732775532595,0.19505333765662075,0.7980179295678468,0.0,59,esa_worldcover_v200,
NSR-GRID-368,0.0,0.0,0.018203094290543016,0.9817969057094571,0.0,60,esa_worldcover_v200,
NSR-GRID-369,0.0,0.0,0.057920583136641765,0.9420794168633585,0.0,59,esa_worldcover_v200,
NSR-GRID-370,0.0,0.0,0.0,1.0,0.0,60,esa_worldcover_v200,
NSR-GRID-371,0.0,0.005948747303228507,0.05696958059882356,0.9370816720979482,0.0,60,esa_worldcover_v200,
NSR-GRID-372,0.0,0.01358393910685462,0.2887950163844147,0.6971591289903623,0.00046191551836883963,59,esa_worldcover_v200,
NSR-GRID-373,0.0,0.04586368239051236,0.4196276055205239,0.523987906870587,0.009700225885745633,59,esa_worldcover_v200,
NSR-GRID-374,0.0,0.027118969511764297,0.07305510923849137,0.8881747815864173,0.0,59,esa_worldcover_v200,
NSR-GRID-375,0.0,0.0,0.0,1.0,0.0,60,esa_worldcover_v200,
NSR-GRID-376,0.0,0.04765873988722725,0.11721010051483198,0.8351311595979407,0.0,60,esa_worldcover_v200,
NSR-GRID-377,0.0,0.07280901619334361,0.4174261534705831,0.5097648303360726,0.0,60,esa_worldcover_v200,
NSR-GRID-378,0.0,0.0,0.10122115901203729,0.8987788409879626,0.0,60,esa_worldcover_v200,
NSR-GRID-379,0.0,0.02112642698119464,0.5512134274390919,0.4276601455797138,0.0,50,esa_worldcover_v200,
NSR-GRID-380,0.0,0.0,0.0,1.0,0.0,60,esa_worldcover_v200,
NSR-GRID-381,0.0,0.0,0.03186216178510173,0.9681378382148982,0.0,60,esa_worldcover_v200,
NSR-GRID-382,0.0,0.0,0.05728340767241856,0.9427165923275814,0.0,59,esa_worldcover_v200,
NSR-GRID-383,0.0,0.0,0.031302230690381946,0.9686977693096183,0.0,59,esa_worldcover_v200,
NSR-GRID-384,0.0,0.005077134432745642,0.029774995158169632,0.962840082030565,0.0,60,esa_worldcover_v200,
NSR-GRID-385,0.0,0.0,0.0,1.0,0.0,60,esa_worldcover_v200,
NSR-GRID-386,0.0,0.0,0.0,1.0,0.0,60,esa_worldcover_v200,
NSR-GRID-387,0.0,0.0,0.0,1.0,0.0,60,esa_worldcover_v200,
NSR-GRID-388,0.0,0.0,0.0,1.0,0.0,60,esa_worldcover_v200,
NSR-GRID-389,0.0,0.0,0.0004619155183688423,0.9995380844816312,0.0,60,esa_worldcover_v200,
NSR-GRID-390,0.0,0.0,0.0,1.0,0.0,60,esa_worldcover_v200,
NSR-GRID-391,0.0,0.0,0.0,1.0,0.0,60,esa_worldcover_v200,
NSR-GRID-392,0.0,0.034180279061614686,0.161322668536357,0.8044970524020278,0.0,60,esa_worldcover_v200,
NSR-GRID-393,0.0,0.0005470033454145,0.06337993729385491,0.9360730593607307,0.0,60,esa_worldcover_v200,
NSR-GRID-394,0.0032331157998837165,0.025864926399069732,0.04507524918538161,0.7661397684111005,0.14437809161038148,60,esa_worldcover_v200,
NSR-GRID-395,0.0,0.039721136969999946,0.05616021764212578,0.8915267008272064,0.00018837201299042383,59,esa_worldcover_v200,
NSR-GRID-396,0.0,0.021161059882376168,0.07039317223903684,0.9084457678785869,0.0,60,esa_worldcover_v200,
NSR-GRID-397,0.0,0.021246189542092994,0.11259393695695881,0.8661598735009484,0.0,60,esa_worldcover_v200,
NSR-GRID-398,0.0,0.0,0.0665064070883233,0.9334935929116767,0.0,60,esa_worldcover_v200,
NSR-GRID-399,0.0,0.006751017778168291,0.1657880092551914,0.8274609729666402,0.0,60,esa_worldcover_v200,
NSR-GRID-400,0.0004844381372498711,0.03364660332875478,0.07378087818185586,0.8906347659403859,0.0,59,esa_worldcover_v200,
NSR-GRID-401,0.0,0.0,0.0,0.9995380844816312,0.0,60,esa_worldcover_v200,
NSR-GRID-402,0.0,0.005081070702057224,0.0,0.9792138016734022,0.015705127624540512,60,esa_worldcover_v200,
NSR-GRID-403,0.0,0.027338152953813772,0.0,0.9726618470461863,0.0,60,esa_worldcover_v200,
NSR-GRID-404,0.0046191551836883855,0.1043784156841146,0.0,0.8161721151564404,0.059587101869580175,60,esa_worldcover_v200,
NSR-GRID-405,0.0,0.0,0.0,1.0,0.0,60,esa_worldcover_v200,
NSR-GRID-406,0.0,0.009298789851956512,0.09668130720560236,0.8940199029424414,0.0,60,esa_worldcover_v200,
NSR-GRID-407,0.0,0.011835029287699158,0.05677615401531354,0.9313888166969871,0.0,59,esa_worldcover_v200,
NSR-GRID-408,0.0,0.000923745698243072,0.0,0.999076254301757,0.0,60,esa_worldcover_v200,
NSR-GRID-409,0.0,0.0,0.0,1.0,0.0,60,esa_worldcover_v200,
NSR-GRID-410,0.0,0.0,0.005884803477630863,0.9941151965223692,0.0,60,esa_worldcover_v200,
NSR-GRID-411,0.0,0.0,0.0,1.0,0.0,60,esa_worldcover_v200,
NSR-GRID-412,0.0,0.0,0.7387717690192483,0.2612282309807516,0.0,50,esa_worldcover_v200,
NSR-GRID-413,0.0,0.0023238245980071234,0.07634807007446313,0.9213281053275295,0.0,60,esa_worldcover_v200,
NSR-GRID-414,0.002040157772201047,0.029922313992282023,0.15719615650276925,0.8033607932346762,0.0,59,esa_worldcover_v200,
NSR-GRID-415,0.0,0.0,0.0,1.0,0.0,60,esa_worldcover_v200,
NSR-GRID-416,0.05565266095622532,0.09751528202949215,0.0004982955587959789,0.8074261489285681,0.0,59,esa_worldcover_v200,
