zone_code,zone_area_m2,zone_area_km2,road_count,road_length_m,road_density_m_per_km2,primary_road_count,secondary_road_count,tertiary_road_count,residential_road_count,service_road_count,unknown_road_count,avg_base_speed_kph,avg_base_travel_time_sec,intersection_proxy_count
NSR-GRID-001,107009.46844016502,0.10700946844016501,49,3266.9375210621474,30529.424813364763,0,0,0,0,0,49,25.04766931403103,10.087913884592572,25
NSR-GRID-002,63524.7553032876,0.0635247553032876,29,1793.113171189965,28226.998476878285,0,0,0,0,0,29,23.5,9.472057837540532,15
NSR-GRID-003,32752.61164646124,0.03275261164646124,4,222.34488847842866,6788.615542432688,0,0,0,0,0,4,23.5,8.515336154493012,3
NSR-GRID-004,36001.88432497364,0.036001884324973636,5,342.1216150567688,9502.880792810261,0,0,0,0,0,5,46.25073891625616,8.0242681245891,6
NSR-GRID-005,222.39283081796867,0.00022239283081796867,0,0.0,0.0,0,0,0,0,0,0,50.0,0.0,0
NSR-GRID-006,249999.99999906868,0.2499999999990687,68,6697.9917066530425,26791.966826711978,0,0,0,0,0,68,23.5,15.089343018742772,30
NSR-GRID-007,249999.99999883585,0.24999999999883585,90,5991.511325815853,23966.045303375013,0,0,0,0,0,90,34.45405947819741,8.137196421452938,51
NSR-GRID-008,249999.99999883585,0.24999999999883585,102,7656.922940909893,30627.691763782193,0,0,0,0,0,102,27.960929199265912,10.673787302798988,60
NSR-GRID-009,249861.9762376526,0.24986197623765258,106,7499.926780456009,30016.278960839412,0,0,0,0,0,106,29.881541035412216,9.793158000304063,53
NSR-GRID-010,172222.32035380253,0.17222232035380253,4,137.8728667836195,800.5516735599792,0,0,0,0,0,4,23.5,5.280237451287555,3
NSR-GRID-011,175292.39498564362,0.1752923949856436,66,5169.7006390404185,29491.870651113048,0,0,0,0,0,66,30.830521968453002,11.105717523728135,34
NSR-GRID-012,92270.11025503465,0.09227011025503465,6,433.2014612754163,4694.927318045326,0,0,0,0,0,6,36.13929939792009,10.06222229734843,6
NSR-GRID-013,62990.013203858885,0.06299001320385889,0,0.0,0.0,0,0,0,0,0,0,50.0,0.0,0
NSR-GRID-014,58765.20395012443,0.058765203950124426,1,52.893708361894355,900.0855064978016,0,0,0,0,0,1,61.417898193760266,3.100356015148774,2
NSR-GRID-015,58140.38513680349,0.05814038513680349,0,0.0,0.0,0,0,0,0,0,0,50.0,0.0,0
NSR-GRID-016,14133.448882657405,0.014133448882657405,1,31.404131616684996,2221.972278487508,0,0,0,0,0,1,61.417898193760266,1.8407480090478212,2
NSR-GRID-017,41101.14592178519,0.04110114592178519,0,0.0,0.0,0,0,0,0,0,0,50.0,0.0,0
NSR-GRID-018,31000.71799177103,0.03100071799177103,1,48.329717773509316,1558.9870462464182,0,0,0,0,0,1,61.417898193760266,2.8328384575411873,2
NSR-GRID-019,34989.0648634173,0.034989064863417296,0,0.0,0.0,0,0,0,0,0,0,50.0,0.0,0
NSR-GRID-020,22804.381647114446,0.022804381647114444,0,0.0,0.0,0,0,0,0,0,0,50.0,0.0,0
NSR-GRID-021,6029.341268914189,0.006029341268914188,0,0.0,0.0,0,0,0,0,0,0,50.0,0.0,0
NSR-GRID-022,4799.967152327217,0.004799967152327217,0,0.0,0.0,0,0,0,0,0,0,50.0,0.0,0
NSR-GRID-023,201.18721741787826,0.00020118721741787827,0,0.0,0.0,0,0,0,0,0,0,50.0,0.0,0
NSR-GRID-024,250000.00000093132,0.2500000000009313,26,3213.3489593986783,12853.395837546832,0,0,0,0,0,26,33.70866489832007,14.324102198678988,20
NSR-GRID-025,250000.00000116415,0.2500000000011642,21,2153.38412313426,8613.536492496929,0,0,0,0,0,21,54.19544139494879,7.220115942410773,19
NSR-GRID-026,250000.00000093132,0.2500000000009313,57,3634.907860372569,14539.631441436111,0,0,0,0,0,57,26.826131420505288,9.447561684336614,28
NSR-GRID-027,250000.00000093132,0.2500000000009313,30,3303.7210337898305,13214.884135110093,0,0,0,0,0,30,23.5,16.870064853394876,19
NSR-GRID-028,250000.0000006985,0.2500000000006985,102,6257.265534288359,25029.062137083507,0,0,0,0,0,102,31.49958144177211,8.551590287154637,51
NSR-GRID-029,250000.00000093132,0.2500000000009313,73,5354.134879327784,21416.539517231355,0,0,0,0,0,73,37.524428099062014,9.078613200902728,44
NSR-GRID-030,250000.00000093132,0.2500000000009313,37,2577.0404887478567,10308.161954953026,0,0,0,0,0,37,45.020969245107175,6.239402729293123,26
NSR-GRID-031,250000.00000116415,0.2500000000011642,11,1637.3926248276484,6549.570499280094,0,0,0,0,0,11,61.417898193760266,8.72504539723953,9
NSR-GRID-032,250000.00000093132,0.2500000000009313,0,0.0,0.0,0,0,0,0,0,0,50.0,0.0,0
NSR-GRID-033,250000.00000093132,0.2500000000009313,8,1356.3892777545946,5425.5571109981665,0,0,0,0,0,8,61.417898193760266,9.93806680039693,6
NSR-GRID-034,250000.00000093132,0.2500000000009313,0,0.0,0.0,0,0,0,0,0,0,50.0,0.0,0
NSR-GRID-035,250000.00000116415,0.2500000000011642,2,602.7653364288183,2411.0613457040454,0,0,0,0,0,2,61.417898193760266,17.665495522966314,4
NSR-GRID-036,250000.00000093132,0.2500000000009313,2,1469.2416308116733,5876.9665232248,0,0,0,0,0,2,61.417898193760266,43.05967825726887,4
NSR-GRID-037,250000.00000093132,0.2500000000009313,2,1249.8440532935124,4999.376213155426,0,0,0,0,0,2,61.417898193760266,36.629701798504094,4
NSR-GRID-038,249194.25055649967,0.24919425055649966,0,0.0,0.0,0,0,0,0,0,0,50.0,0.0,0
NSR-GRID-039,245968.64793792792,0.24596864793792791,5,755.1096022739234,3069.942484964511,0,0,0,0,0,5,73.70509031198688,7.590827761420071,7
NSR-GRID-040,235129.33038640767,0.23512933038640768,111,5267.410256164225,22402.182864672177,0,0,0,0,0,111,24.83902868385627,5.918547339511398,48
NSR-GRID-041,187939.62307205322,0.18793962307205322,22,2622.696247753921,13954.99365638516,0,0,0,0,0,22,26.947081653978206,17.886739949130526,17
NSR-GRID-042,220715.06558442605,0.22071506558442605,11,1744.1253412543665,7902.158090731774,0,0,0,0,0,11,40.73540826989103,14.359069570421667,10
NSR-GRID-043,214096.69416824396,0.21409669416824398,0,0.0,0.0,0,0,0,0,0,0,50.0,0.0,0
NSR-GRID-044,207662.24575367873,0.20766224575367873,364,10817.314821589796,52090.90743639985,0,0,0,0,0,364,23.5,4.552529034103725,131
NSR-GRID-045,147784.5702287196,0.1477845702287196,0,0.0,0.0,0,0,0,0,0,0,50.0,0.0,0
NSR-GRID-046,184003.634426618,0.184003634426618,0,0.0,0.0,0,0,0,0,0,0,50.0,0.0,0
NSR-GRID-047,163208.51403346236,0.16320851403346237,1,647.6642600420874,3968.323980385594,0,0,0,0,0,1,61.417898193760266,37.96273406810251,2
NSR-GRID-048,160382.11072337435,0.16038211072337435,8,1796.806327454491,11203.283953243432,0,0,0,0,0,8,61.417898193760266,13.164938415894321,8
NSR-GRID-049,160951.8689997111,0.1609518689997111,2,381.14058656171375,2368.040762312601,0,0,0,0,0,2,61.417898193760266,11.170246393758621,3
NSR-GRID-050,156038.13409619033,0.15603813409619033,0,0.0,0.0,0,0,0,0,0,0,50.0,0.0,0
NSR-GRID-051,66690.49469000674,0.06669049469000675,0,0.0,0.0,0,0,0,0,0,0,50.0,0.0,0
NSR-GRID-052,97945.67297601212,0.09794567297601213,23,1873.5341324666501,19128.299143194385,0,0,0,0,0,23,25.148604269293923,12.413438691346604,14
NSR-GRID-053,246768.39033576226,0.24676839033576226,2,1514.9686366327096,6139.232964851725,0,0,0,0,0,2,61.417898193760266,44.39981871955234,2
NSR-GRID-054,250000.00000023283,0.2500000000002328,65,5754.720763074051,23018.88305227477,0,0,0,0,0,65,32.25028419856006,11.794723332233753,40
NSR-GRID-055,250000.00000046566,0.2500000000004657,11,1428.123636642318,5712.494546558631,0,0,0,0,0,11,47.62957157784744,11.55832410626252,11
NSR-GRID-056,250000.00000023283,0.2500000000002328,27,2766.8932619503653,11067.573047791155,0,0,0,0,0,27,55.80043179468467,8.414743300456195,22
NSR-GRID-057,250000.00000023283,0.2500000000002328,23,2572.9370794585648,10291.748317824675,0,0,0,0,0,23,38.337438423645324,14.32271686757963,12
NSR-GRID-058,250000.0,0.25,30,3462.623660326298,13850.494641305191,0,0,0,0,0,30,54.69299397920088,11.025294910922195,21
NSR-GRID-059,250000.00000023283,0.2500000000002328,57,4213.414177477627,16853.656709894814,0,0,0,0,0,57,54.76563535274969,4.9597685844534904,41
NSR-GRID-060,250000.00000023283,0.2500000000002328,23,1795.6005200078196,7182.40208002459,0,0,0,0,0,23,54.82348111658457,4.733977450411869,20
NSR-GRID-061,250000.00000046566,0.2500000000004657,10,1743.7520762816132,6975.008305113461,0,0,0,0,0,10,57.62610837438424,10.68519848687879,11
NSR-GRID-062,250000.00000023283,0.2500000000002328,2,541.6794026460169,2166.71761058205,0,0,0,0,0,2,81.89655172413794,11.90554308131456,4
NSR-GRID-063,250000.00000023283,0.2500000000002328,16,2234.6507826863935,8938.60313073725,0,0,0,0,0,16,65.25764573070607,7.085669915909873,15
NSR-GRID-064,250000.0,0.25,21,1716.5226825551956,6866.0907302207825,0,0,0,0,0,21,54.19544139494879,5.60359634725239,17
NSR-GRID-065,250000.00000023283,0.2500000000002328,108,6148.3002432777885,24593.200973088253,0,0,0,0,0,108,34.03274949826674,7.0266478005247635,57
NSR-GRID-066,250000.00000023283,0.2500000000002328,8,1333.3070753129512,5333.228301246838,0,0,0,0,0,8,61.417898193760266,9.768946862981117,8
NSR-GRID-067,250000.00000046566,0.2500000000004657,29,1961.7121654719788,7846.848661873299,0,0,0,0,0,29,61.417898193760266,3.9650150309377885,22
NSR-GRID-068,250000.00000023283,0.2500000000002328,366,13318.642352091923,53274.56940831808,0,0,0,0,0,366,23.914403258948198,5.4483974205361765,139
NSR-GRID-069,250000.00000023283,0.2500000000002328,230,8821.177962032558,35284.71184809737,0,0,0,0,0,230,24.944099378881987,5.699059959074213,103
NSR-GRID-070,250000.0,0.25,2,836.7844206680079,3347.1376826720316,0,0,0,0,0,2,61.417898193760266,24.523990587412143,4
NSR-GRID-071,250000.00000023283,0.2500000000002328,20,2688.1314535375554,10752.525814140208,0,0,0,0,0,20,61.417898193760266,7.878219148924214,16
NSR-GRID-072,250000.00000023283,0.2500000000002328,4,901.8573678919796,3607.429471564559,0,0,0,0,0,4,61.417898193760266,13.215555318127821,6
NSR-GRID-073,250000.00000046566,0.2500000000004657,19,2686.724245670421,10746.896982661667,0,0,0,0,0,19,53.43518278454758,8.674518391649263,18
NSR-GRID-074,250000.00000023283,0.2500000000002328,4,1450.5559177819346,5802.223671122335,0,0,0,0,0,4,61.417898193760266,21.25602412972792,7
NSR-GRID-075,250000.00000023283,0.2500000000002328,9,2291.1969952178606,9164.787980862908,0,0,0,0,0,9,61.417898193760266,14.922014999534023,10
NSR-GRID-076,250000.0,0.25,18,3577.6836108233747,14310.734443293499,0,0,0,0,0,18,52.99169859514687,15.767668308684456,20
NSR-GRID-077,250000.00000023283,0.2500000000002328,14,1338.5168108830017,5354.067243527021,0,0,0,0,0,14,28.91684259910861,11.328296798130566,9
NSR-GRID-078,976.081983192798,0.0009760819831927981,0,0.0,0.0,0,0,0,0,0,0,50.0,0.0,0
NSR-GRID-079,107224.3933673024,0.1072243933673024,5,1315.7236995747435,12270.749763700389,0,0,0,0,0,5,78.5671592775041,13.758200346744683,6
NSR-GRID-080,194320.70538382785,0.19432070538382784,40,3451.211949257369,17760.39224662362,0,0,0,0,0,40,30.135632183908047,12.07376156464036,24
NSR-GRID-081,249426.70827624356,0.24942670827624355,14,4153.238515770571,16651.137901282014,0,0,0,0,0,14,61.417898193760266,17.38867088827707,14
NSR-GRID-082,250000.00000046566,0.2500000000004657,39,3411.667100915909,13646.668403638216,0,0,0,0,0,39,47.80634499600017,8.791670328764841,29
NSR-GRID-083,250000.00000023283,0.2500000000002328,22,1627.1094524249288,6508.437809693654,0,0,0,0,0,22,61.417898193760266,4.335125132305817,16
NSR-GRID-084,250000.00000023283,0.2500000000002328,7,785.256326082745,3141.025304328055,0,0,0,0,0,7,48.52709359605912,13.354592960319712,8
NSR-GRID-085,250000.0,0.25,48,5706.2429779084005,22824.971911633602,0,0,0,0,0,48,57.47235905856596,10.843011559698638,34
NSR-GRID-086,250000.00000023283,0.2500000000002328,83,4750.455060504004,19001.82024199832,0,0,0,0,0,83,47.19215779373653,5.092939007006717,54
NSR-GRID-087,250000.00000023283,0.2500000000002328,59,4936.420568568396,19745.682274255196,0,0,0,0,0,59,47.784113996270634,7.309929978173958,45
NSR-GRID-088,250000.00000046566,0.2500000000004657,60,7149.9309361829055,28599.723744678347,0,0,0,0,0,60,38.531869184455395,12.326096636390153,46
NSR-GRID-089,250000.00000023283,0.2500000000002328,31,2236.8760151285796,8947.504060505986,0,0,0,0,0,31,48.42767095714816,7.314774596412377,24
NSR-GRID-090,250000.00000023283,0.2500000000002328,2,927.7589855157387,3711.0359420594987,0,0,0,0,0,2,61.417898193760266,27.190220164486014,4
NSR-GRID-091,250000.0,0.25,42,3118.688103669265,12474.75241467706,0,0,0,0,0,42,32.52807099851435,9.47786047833518,23
NSR-GRID-092,250000.00000023283,0.2500000000002328,127,8025.085418616421,32100.34167443579,0,0,0,0,0,127,27.97849191264885,8.544875339902788,56
NSR-GRID-093,250000.00000023283,0.2500000000002328,202,9636.143726192935,38544.57490473585,0,0,0,0,0,202,24.250849469183372,6.669956332213112,87
NSR-GRID-094,250000.00000046566,0.2500000000004657,220,9720.765265121456,38883.06106041339,0,0,0,0,0,220,26.947081653978206,6.015438256864284,89
NSR-GRID-095,250000.00000023283,0.2500000000002328,166,8703.495915062513,34813.98366021763,0,0,0,0,0,166,24.413684293825547,7.280847633553026,69
NSR-GRID-096,250000.00000023283,0.2500000000002328,234,10938.895237363819,43755.58094941453,0,0,0,0,0,234,25.519034286275666,5.833664549921633,102
NSR-GRID-097,250000.0,0.25,0,0.0,0.0,0,0,0,0,0,0,50.0,0.0,0
NSR-GRID-098,250000.00000023283,0.2500000000002328,0,0.0,0.0,0,0,0,0,0,0,50.0,0.0,0
NSR-GRID-099,250000.00000023283,0.2500000000002328,0,0.0,0.0,0,0,0,0,0,0,50.0,0.0,0
NSR-GRID-100,250000.00000046566,0.2500000000004657,12,2642.956153052714,10571.824612191163,0,0,0,0,0,12,51.9384236453202,14.102335047571207,13
NSR-GRID-101,250000.00000023283,0.2500000000002328,4,296.84273996251727,1187.3709598489634,0,0,0,0,0,4,42.45894909688013,7.345249739895797,5
NSR-GRID-102,250000.00000023283,0.2500000000002328,0,0.0,0.0,0,0,0,0,0,0,50.0,0.0,0
NSR-GRID-103,250000.0,0.25,6,2931.6343201717004,11726.537280686802,0,0,0,0,0,6,61.417898193760266,28.639543908744884,4
NSR-GRID-104,88516.04390336429,0.08851604390336429,1,143.33456029375213,1619.3059921457282,0,0,0,0,0,1,90.0,5.733382411750085,2
NSR-GRID-105,96250.82177632888,0.09625082177632889,25,1201.9257977822597,12487.434139267278,0,0,0,0,0,25,38.21274220032841,5.9819303496816545,18
NSR-GRID-106,242291.923422081,0.242291923422081,26,2327.178309703689,9604.853008862632,0,0,0,0,0,26,38.0838069976001,10.47024572206968,14
NSR-GRID-107,249999.99999976717,0.24999999999976716,100,7229.435245719376,28917.740982904437,0,0,0,0,0,100,36.16487684729064,8.379131289342494,58
NSR-GRID-108,249999.99999953434,0.24999999999953434,46,5668.870617803618,22675.48247125671,0,0,0,0,0,46,27.308470764617688,16.23602046263352,29
NSR-GRID-109,249999.99999953434,0.24999999999953434,56,5512.519774228898,22050.079096956662,0,0,0,0,0,56,25.585591133004925,14.013430057699134,29
NSR-GRID-110,249999.9999993015,0.2499999999993015,73,6731.680952143112,26926.723808647683,0,0,0,0,0,73,29.18297455968689,12.821249968526628,45
NSR-GRID-111,249999.99999953434,0.24999999999953434,89,6758.096285630636,27032.385142572894,0,0,0,0,0,89,26.783832401616205,11.089119203448059,48
NSR-GRID-112,249999.99999953434,0.24999999999953434,183,9231.476529634181,36925.906118605504,0,0,0,0,0,183,26.193621183163298,7.333190651679812,86
NSR-GRID-113,249999.99999976717,0.24999999999976716,95,6117.339457728612,24469.357830937235,0,0,0,0,0,95,23.899135770460635,9.85041600435909,44
NSR-GRID-114,249999.99999953434,0.24999999999953434,62,6565.647210087514,26262.588840398974,0,0,0,0,0,62,35.15616558080407,14.35495184187692,40
NSR-GRID-115,249999.99999953434,0.24999999999953434,77,4928.556145586095,19714.224582381103,0,0,0,0,0,77,38.76564732476063,7.408352286018277,50
NSR-GRID-116,249999.9999993015,0.2499999999993015,40,3511.9886510257143,14047.954604142107,0,0,0,0,0,40,51.9384236453202,7.0252851625091015,34
NSR-GRID-117,249999.99999953434,0.24999999999953434,24,1716.036088698198,6864.144354805578,0,0,0,0,0,24,55.098248494800224,5.453867602664542,19
NSR-GRID-118,249999.99999953434,0.24999999999953434,94,5915.75599652167,23663.023986130753,0,0,0,0,0,94,25.113527582713203,7.605038362075216,47
NSR-GRID-119,249999.99999976717,0.24999999999976716,440,16563.79616296287,66255.1846519132,0,0,0,0,0,440,24.18941633079564,5.721517475003605,161
NSR-GRID-120,249999.99999953434,0.24999999999953434,424,17806.567549676518,71226.27019883874,0,0,0,0,0,424,28.191438563063482,5.490720390283643,174
NSR-GRID-121,249999.99999953434,0.24999999999953434,251,9509.27300727973,38037.092029189764,0,0,0,0,0,251,23.651067323481115,5.772723952763089,97
NSR-GRID-122,249999.9999993015,0.2499999999993015,0,0.0,0.0,0,0,0,0,0,0,50.0,0.0,0
NSR-GRID-123,249999.99999953434,0.24999999999953434,0,0.0,0.0,0,0,0,0,0,0,50.0,0.0,0
NSR-GRID-124,249999.99999953434,0.24999999999953434,0,0.0,0.0,0,0,0,0,0,0,50.0,0.0,0
NSR-GRID-125,249999.99999976717,0.24999999999976716,9,898.5794408035875,3594.317763217698,0,0,0,0,0,9,27.713099799306697,9.154132483745894,10
NSR-GRID-126,249999.99999953434,0.24999999999953434,0,0.0,0.0,0,0,0,0,0,0,50.0,0.0,0
NSR-GRID-127,249999.99999953434,0.24999999999953434,4,771.7466694190541,3086.9866776819663,0,0,0,0,0,4,42.45894909688013,11.727047936470889,5
NSR-GRID-128,6879.73768644593,0.00687973768644593,0,0.0,0.0,0,0,0,0,0,0,50.0,0.0,0
NSR-GRID-129,86879.08946799196,0.08687908946799196,1,950.8158375353835,10944.127561162846,0,0,0,0,0,1,90.0,38.03263350141533,2
NSR-GRID-130,221985.76904162727,0.22198576904162726,120,6470.072495036561,29146.339078264424,0,0,0,0,0,120,28.555719759168035,7.411244900751963,59
NSR-GRID-131,249821.99553554883,0.24982199553554885,35,4028.9657513680695,16127.345963797496,0,0,0,0,0,35,39.75052779732583,14.370097432497573,25
NSR-GRID-132,249999.99999953434,0.24999999999953434,80,6327.35941343123,25309.43765377206,0,0,0,0,0,80,27.291789819376028,11.680405284009238,37
NSR-GRID-133,249999.99999953434,0.24999999999953434,63,6419.564169279206,25678.256677164653,0,0,0,0,0,63,30.120585398910524,14.00366830613476,36
NSR-GRID-134,249999.9999993015,0.2499999999993015,86,6867.413957373698,27469.655829571544,0,0,0,0,0,86,36.55046397067247,8.890865427846979,59
NSR-GRID-135,249999.99999953434,0.24999999999953434,73,5200.652310243675,20802.609241013448,0,0,0,0,0,73,28.174809366354005,9.840018591710148,48
NSR-GRID-136,249999.99999953434,0.24999999999953434,26,3545.1045653597253,14180.418261465315,0,0,0,0,0,26,58.501136794240246,9.33112327427884,28
NSR-GRID-137,249999.99999976717,0.24999999999976716,77,5749.125766833104,22996.50306735383,0,0,0,0,0,77,34.33368519821722,9.108103562257757,49
NSR-GRID-138,249999.99999953434,0.24999999999953434,66,5909.608602669905,23638.43441072365,0,0,0,0,0,66,37.678633626909495,11.08534940339339,45
NSR-GRID-139,249999.99999953434,0.24999999999953434,143,8443.22524745485,33772.900989882306,0,0,0,0,0,143,33.96319772181842,7.3481325638876465,74
NSR-GRID-140,249999.9999993015,0.2499999999993015,7,1325.5871224836164,5302.3484899492805,0,0,0,0,0,7,61.417898193760266,11.099867305516026,8
NSR-GRID-141,249999.99999953434,0.24999999999953434,0,0.0,0.0,0,0,0,0,0,0,50.0,0.0,0
NSR-GRID-142,249999.99999953434,0.24999999999953434,67,4012.7564741098813,16051.025896469422,0,0,0,0,0,67,32.55502046418155,7.759213926710453,43
NSR-GRID-143,249999.99999976717,0.24999999999976716,227,9148.51965052876,36594.07860214912,0,0,0,0,0,227,27.843019176377826,5.652852612285593,120
NSR-GRID-144,249999.99999953434,0.24999999999953434,463,16042.633744058765,64170.53497635458,0,0,0,0,0,463,26.20257157752503,5.068379775536721,188
NSR-GRID-145,249999.99999953434,0.24999999999953434,350,12227.078543485586,48908.31417403344,0,0,0,0,0,350,23.5,5.351669636054481,138
NSR-GRID-146,249999.9999993015,0.2499999999993015,0,0.0,0.0,0,0,0,0,0,0,50.0,0.0,0
NSR-GRID-147,249999.99999953434,0.24999999999953434,0,0.0,0.0,0,0,0,0,0,0,50.0,0.0,0
NSR-GRID-148,249999.99999953434,0.24999999999953434,0,0.0,0.0,0,0,0,0,0,0,50.0,0.0,0
NSR-GRID-149,249999.99999976717,0.24999999999976716,11,935.6144833904311,3742.45793356521,0,0,0,0,0,11,54.523734885803854,6.363693514380599,12
NSR-GRID-150,249999.99999953434,0.24999999999953434,12,2700.90228534439,10803.609141397683,0,0,0,0,0,12,29.819649698960045,26.91672644182853,8
NSR-GRID-151,150722.61378567596,0.15072261378567595,6,2411.884332424157,16002.13977083625,0,0,0,0,0,6,58.305966064586755,36.55475943756849,7
NSR-GRID-152,141961.33120926542,0.14196133120926543,26,3483.8745085896157,24541.01042102818,0,0,0,0,0,26,58.501136794240246,8.4451847752911,24
NSR-GRID-153,250000.00000023283,0.2500000000002328,70,7114.233775486875,28456.935101921,0,0,0,0,0,70,28.91684259910861,13.907392200983121,34
NSR-GRID-154,250000.00000023283,0.2500000000002328,64,6048.7050329802105,24194.820131898312,0,0,0,0,0,64,28.239737274220033,13.403410178186265,34
NSR-GRID-155,250000.0,0.25,97,6997.385469001466,27989.541876005864,0,0,0,0,0,97,29.47496318114875,9.57319747828237,56
NSR-GRID-156,250000.00000023283,0.2500000000002328,81,7264.27018800355,29057.08075198714,0,0,0,0,0,81,24.462962962962962,13.337004092987979,39
NSR-GRID-157,250000.00000023283,0.2500000000002328,64,5214.905336979207,20859.621347897402,0,0,0,0,0,64,29.42467159277504,10.975589062105648,39
NSR-GRID-158,250000.00000046566,0.2500000000004657,61,6852.542235267446,27410.168941018725,0,0,0,0,0,61,23.5,17.20903526122274,28
NSR-GRID-159,250000.00000023283,0.2500000000002328,95,7031.100203407892,28124.400813605378,0,0,0,0,0,95,28.16165413533835,10.275367418650895,54
NSR-GRID-160,250000.00000023283,0.2500000000002328,163,9227.800931701495,36911.20372677161,0,0,0,0,0,163,29.5482536996182,7.711187030008955,84
NSR-GRID-161,250000.0,0.25,67,5985.071174088272,23940.284696353086,0,0,0,0,0,67,39.56120873465186,10.492350005979638,40
NSR-GRID-162,250000.00000023283,0.2500000000002328,48,4451.172536228837,17804.690144898766,0,0,0,0,0,48,44.51221264367816,9.95544089271,37
NSR-GRID-163,250000.00000023283,0.2500000000002328,80,6996.648582632228,27986.59433050285,0,0,0,0,0,80,35.927329638752056,9.28517867384397,52
NSR-GRID-164,250000.00000046566,0.2500000000004657,68,6098.596569165266,24394.386276615624,0,0,0,0,0,68,32.24306964164977,10.94246837974787,42
NSR-GRID-165,250000.00000023283,0.2500000000002328,562,16932.108743080145,67728.43497225751,0,0,0,0,0,562,24.714452255316164,4.536709710656846,232
NSR-GRID-166,250000.00000023283,0.2500000000002328,322,11600.764187022138,46403.05674804534,0,0,0,0,0,322,27.268238329814686,5.216375946029058,130
NSR-GRID-167,250000.0,0.25,24,1112.9822799815315,4451.929119926126,0,0,0,0,0,24,23.5,7.104142212648074,13
NSR-GRID-168,250000.00000023283,0.2500000000002328,8,341.0701154648805,1364.2804618582513,0,0,0,0,0,8,23.5,6.531129870604095,5
NSR-GRID-169,250000.00000023283,0.2500000000002328,30,2925.4663635641405,11701.865454245664,0,0,0,0,0,30,26.027859879584017,13.725503720020397,15
NSR-GRID-170,250000.00000046566,0.2500000000004657,27,2032.598517507795,8130.394070016035,0,0,0,0,0,27,61.417898193760266,4.4126084356178685,22
NSR-GRID-171,250000.00000023283,0.2500000000002328,15,2158.749201643568,8634.99680656623,0,0,0,0,0,15,41.195019157088126,11.116149395387039,14
NSR-GRID-172,9917.376863937601,0.0099173768639376,0,0.0,0.0,0,0,0,0,0,0,50.0,0.0,0
NSR-GRID-173,209429.1362238968,0.2094291362238968,3,1598.8268196415183,7634.2138847970145,0,0,0,0,0,3,70.94526546250684,29.290728627410612,4
NSR-GRID-174,106460.87763711301,0.10646087763711301,2,309.32930210537364,2905.5678383543523,0,0,0,0,0,2,61.417898193760266,9.065643080671876,4
NSR-GRID-175,249874.9082202187,0.2498749082202187,77,6775.7429432114,27116.539997844964,0,0,0,0,0,77,29.596293689889748,12.262275201441108,40
NSR-GRID-176,250000.00000023283,0.2500000000002328,55,5080.98938383988,20323.957535340593,0,0,0,0,0,55,28.532467532467532,12.838497075402167,32
NSR-GRID-177,250000.0,0.25,87,6958.601888720822,27834.407554883288,0,0,0,0,0,87,41.150576600041525,8.099693040166613,54
NSR-GRID-178,250000.00000023283,0.2500000000002328,59,6339.801320261493,25359.205281022358,0,0,0,0,0,59,30.06779661016949,14.958071088805454,37
NSR-GRID-179,250000.00000023283,0.2500000000002328,68,6474.455549598881,25897.822198371407,0,0,0,0,0,68,41.07553366174056,10.502763670106894,51
NSR-GRID-180,250000.00000046566,0.2500000000004657,46,5493.653897028275,21974.615588072167,0,0,0,0,0,46,28.313664596273295,15.955973928047621,25
NSR-GRID-181,250000.00000023283,0.2500000000002328,67,6790.402429337711,27161.609717325548,0,0,0,0,0,67,43.1145013847021,10.985586649528935,45
NSR-GRID-182,250000.00000023283,0.2500000000002328,116,6623.465084153038,26493.86033658748,0,0,0,0,0,116,32.19470868014269,7.273736583594315,61
NSR-GRID-183,250000.0,0.25,85,6154.429281695916,24617.717126783664,0,0,0,0,0,85,31.493914807302232,9.02232175527608,46
NSR-GRID-184,250000.00000023283,0.2500000000002328,82,6218.072466645023,24872.28986655693,0,0,0,0,0,82,27.19930714085466,10.450367201804747,38
NSR-GRID-185,250000.00000023283,0.2500000000002328,65,4539.64290760543,18158.57163040481,0,0,0,0,0,65,27.000113679424025,9.23153888861872,40
NSR-GRID-186,250000.00000046566,0.2500000000004657,101,7149.249441949242,28596.997767743702,0,0,0,0,0,101,29.73175470256385,9.7982348827625,52
NSR-GRID-187,250000.00000023283,0.2500000000002328,176,10427.758795118976,41711.03518043706,0,0,0,0,0,176,23.181818181818183,9.175754402655693,75
NSR-GRID-188,250000.00000023283,0.2500000000002328,124,8334.724734917898,33338.898939640545,0,0,0,0,0,124,23.5,10.296845931950731,50
NSR-GRID-189,250000.0,0.25,214,11866.152175884465,47464.60870353786,0,0,0,0,0,214,30.8958688212636,7.534944372623549,86
NSR-GRID-190,250000.00000023283,0.2500000000002328,134,8248.998556997796,32995.99422796046,0,0,0,0,0,134,23.5,9.430420706634507,54
NSR-GRID-191,250000.00000023283,0.2500000000002328,112,7401.245479832784,29604.98191930357,0,0,0,0,0,112,27.562631949331458,9.14286709053393,49
NSR-GRID-192,250000.00000046566,0.2500000000004657,8,1228.069558895555,4912.27823557307,0,0,0,0,0,8,42.45894909688013,17.40356560567841,8
NSR-GRID-193,2145.756291076851,0.002145756291076851,0,0.0,0.0,0,0,0,0,0,0,50.0,0.0,0
NSR-GRID-194,44803.887605518445,0.04480388760551844,1,197.53737376986538,4408.933785146246,0,0,0,0,0,1,90.0,7.901494950794615,2
NSR-GRID-195,198555.73524260474,0.19855573524260475,105,5669.165500110751,28552.01081542116,0,0,0,0,0,105,25.96996637735554,7.916860331331158,44
NSR-GRID-196,242805.5469969008,0.24280554699690082,20,4122.654544734457,16979.24366113052,0,0,0,0,0,20,68.07877668308703,11.088754497546514,20
NSR-GRID-197,250000.0,0.25,44,4512.425074150818,18049.70029660327,0,0,0,0,0,44,23.5,15.710570857778475,29
NSR-GRID-198,249999.99999976717,0.24999999999976716,30,4099.836124691782,16399.3444987824,0,0,0,0,0,30,32.726190476190474,17.297483560235847,23
NSR-GRID-199,250000.0,0.25,64,7230.75125188911,28923.00500755644,0,0,0,0,0,64,23.5,17.307649273138825,30
NSR-GRID-200,250000.0,0.25,55,5081.16531170413,20324.66124681652,0,0,0,0,0,55,35.2200776235259,11.182378226196532,32
NSR-GRID-201,250000.00000023283,0.2500000000002328,151,8674.407759673295,34697.63103866087,0,0,0,0,0,151,28.773350079926924,7.829380394520705,74
NSR-GRID-202,250000.0,0.25,66,5558.261499719119,22233.045998876474,0,0,0,0,0,66,31.97954918644574,11.370901238215723,31
NSR-GRID-203,250000.0,0.25,80,5740.091995258012,22960.367981032046,0,0,0,0,0,80,31.083579638752052,8.717240144301707,39
NSR-GRID-204,249999.99999976717,0.24999999999976716,73,5495.78331815294,21983.133272632236,0,0,0,0,0,73,31.291348943923342,9.49008529775451,39
NSR-GRID-205,250000.0,0.25,44,7322.504964775818,29290.01985910327,0,0,0,0,0,44,32.96234512613823,16.592471320442407,29
NSR-GRID-206,250000.0,0.25,118,7288.713796437313,29154.855185749253,0,0,0,0,0,118,23.5,9.46244849158829,54
NSR-GRID-207,250000.00000023283,0.2500000000002328,63,7426.5757246545545,29706.302898590555,0,0,0,0,0,63,44.35986655198478,12.84858301975755,47
NSR-GRID-208,250000.0,0.25,91,6968.524520095911,27874.098080383643,0,0,0,0,0,91,28.205651491365778,10.809741972118935,48
NSR-GRID-209,250000.0,0.25,66,6051.955766767317,24207.82306706927,0,0,0,0,0,66,34.7139622829278,12.457247531549996,40
NSR-GRID-210,249999.99999976717,0.24999999999976716,48,4603.4967645159095,18413.987058080787,0,0,0,0,0,48,32.68705528188287,11.95462404030974,26
NSR-GRID-211,250000.0,0.25,72,7048.9428088897885,28195.771235559154,0,0,0,0,0,72,33.010616219667945,13.758804815028485,36
NSR-GRID-212,250000.0,0.25,71,5771.076007798858,23084.304031195432,0,0,0,0,0,71,34.298295520247926,9.987146777304108,42
NSR-GRID-213,142932.66366932957,0.14293266366932958,1,416.12702301018646,2911.3500884086498,0,0,0,0,0,1,90.0,16.645080920407455,2
NSR-GRID-214,149021.8868969679,0.14902188689696788,46,4763.439603879077,31964.69795857885,0,0,0,0,0,46,23.5,15.863443639190267,18
NSR-GRID-215,250000.00000046566,0.2500000000004657,73,5521.297541334169,22085.19016529554,0,0,0,0,0,73,23.5,11.586517720083362,32
NSR-GRID-216,250000.00000023283,0.2500000000002328,30,3746.458588756513,14985.834355012097,0,0,0,0,0,30,35.835358511220576,16.21842579740771,21
NSR-GRID-217,250000.00000046566,0.2500000000004657,59,6203.411833415439,24813.647333615536,0,0,0,0,0,59,27.60012245693134,15.13517539651707,25
NSR-GRID-218,250000.00000046566,0.2500000000004657,49,6062.653679581704,24250.614718281642,0,0,0,0,0,49,30.69635736067826,16.713921360039222,27
NSR-GRID-219,250000.0000006985,0.2500000000006985,53,5394.869323975199,21579.477295840505,0,0,0,0,0,53,38.294683520773305,12.17747176023295,33
NSR-GRID-220,250000.00000046566,0.2500000000004657,49,5455.59745019924,21822.389800756308,0,0,0,0,0,49,47.348547300693674,9.372905451789663,32
NSR-GRID-221,250000.00000046566,0.2500000000004657,26,2238.1884057136103,8952.753622837765,0,0,0,0,0,26,41.32060755336617,8.775743022105686,20
NSR-GRID-222,250000.00000023283,0.2500000000002328,88,8488.4371322757,33953.74852907118,0,0,0,0,0,88,33.70751231527094,8.710041489015351,58
NSR-GRID-223,250000.00000046566,0.2500000000004657,177,9513.137250549496,38052.5490021271,0,0,0,0,0,177,26.216243169779116,7.714728314733247,86
NSR-GRID-224,250000.00000046566,0.2500000000004657,302,12666.711386993427,50666.84554787933,0,0,0,0,0,302,24.966414380321666,6.068294533665966,120
NSR-GRID-225,250000.0000006985,0.2500000000006985,185,8842.387601385843,35369.55040544455,0,0,0,0,0,185,27.73847690054587,6.223032697282684,76
NSR-GRID-226,250000.00000046566,0.2500000000004657,22,3872.311927994563,15489.2477119494,0,0,0,0,0,22,26.947081653978206,22.16864915071919,13
NSR-GRID-227,250000.00000046566,0.2500000000004657,60,7228.312264185753,28913.249056689154,0,0,0,0,0,60,23.5,18.455265355367878,28
NSR-GRID-228,250000.00000023283,0.2500000000002328,39,4743.232411132113,18972.929644510783,0,0,0,0,0,39,23.5,18.63135480641092,18
NSR-GRID-229,250000.00000046566,0.2500000000004657,72,6399.856160582562,25599.42464228256,0,0,0,0,0,72,25.60654989965335,12.898052557883288,32
NSR-GRID-230,250000.00000046566,0.2500000000004657,49,3949.1629640583496,15796.651856203973,0,0,0,0,0,49,36.655189169263764,10.213824586924456,25
NSR-GRID-231,68583.19683972541,0.06858319683972541,4,851.8789655930025,12421.103197971212,0,0,0,0,0,4,75.70894909688013,10.311034196152105,4
NSR-GRID-232,99226.7463629456,0.09922674636294561,18,862.305009123913,8690.24774801973,0,0,0,0,0,18,23.5,7.338766035097131,11
NSR-GRID-233,249999.99999953434,0.24999999999953434,55,7440.040624487087,29760.16249800378,0,0,0,0,0,55,25.568248992386923,19.287048742024382,31
NSR-GRID-234,249999.9999993015,0.2499999999993015,78,6508.061688415029,26032.24675373285,0,0,0,0,0,78,31.764157298640058,11.106297557586846,39
NSR-GRID-235,249999.99999953434,0.24999999999953434,3,638.8934190688025,2555.5736762799697,0,0,0,0,0,3,73.044061302682,10.954886134786827,6
NSR-GRID-236,249999.99999953434,0.24999999999953434,6,1015.1335985533029,4060.534394220775,0,0,0,0,0,6,48.778598795840175,10.384194217911546,5
NSR-GRID-237,249999.99999976717,0.24999999999976716,0,0.0,0.0,0,0,0,0,0,0,50.0,0.0,0
NSR-GRID-238,249999.99999953434,0.24999999999953434,15,1061.1308557938403,4244.523423183267,0,0,0,0,0,15,70.71882868089764,3.4472118018993942,13
NSR-GRID-239,249999.99999953434,0.24999999999953434,21,5036.02684551877,20144.1073821126,0,0,0,0,0,21,59.57639377590117,12.72215036739347,23
NSR-GRID-240,249999.9999993015,0.2499999999993015,76,4938.908381009353,19755.63352409261,0,0,0,0,0,76,35.972992826894824,7.872898734601456,43
NSR-GRID-241,249999.99999953434,0.24999999999953434,220,10913.842082803696,43655.3683312961,0,0,0,0,0,220,27.291789819376028,7.008778522862654,97
NSR-GRID-242,249999.99999953434,0.24999999999953434,317,13046.52879877896,52186.11519521304,0,0,0,0,0,317,25.294222312007584,6.028373978086704,130
NSR-GRID-243,249999.99999976717,0.24999999999976716,154,7543.0910601621445,30172.364240676678,0,0,0,0,0,154,31.56605463502015,5.970072233541301,73
NSR-GRID-244,249999.99999953434,0.24999999999953434,28,2131.936735238043,8527.746940968056,0,0,0,0,0,28,52.23560286183439,6.288827696667091,17
NSR-GRID-245,249999.99999953434,0.24999999999953434,35,3418.146205763017,13672.584823077535,0,0,0,0,0,35,49.41400422237861,6.945376742172578,22
NSR-GRID-246,249999.9999993015,0.2499999999993015,69,6700.732989259775,26802.93195711399,0,0,0,0,0,69,31.995764022750528,12.118501355520271,35
NSR-GRID-247,249999.99999953434,0.24999999999953434,55,5144.76449722271,20579.05798892917,0,0,0,0,0,55,25.568248992386923,13.827949268818578,28
NSR-GRID-248,249999.99999953434,0.24999999999953434,54,5423.49340048023,21693.973601961326,0,0,0,0,0,54,32.62838289849784,12.862879503030141,30
NSR-GRID-249,23310.75947505367,0.02331075947505367,17,528.4095307341761,22668.052977838874,0,0,0,0,0,17,25.730464599632956,4.708002895959816,12
NSR-GRID-250,35468.3465495468,0.035468346549546795,0,0.0,0.0,0,0,0,0,0,0,50.0,0.0,0
NSR-GRID-251,240098.78764469648,0.24009878764469647,120,8258.83986850412,34397.67418037001,0,0,0,0,0,120,29.18768472906404,9.939031351573037,57
NSR-GRID-252,249999.9999993015,0.2499999999993015,143,8627.301405268085,34509.20562116876,0,0,0,0,0,143,28.538042417352763,8.638153318240247,65
NSR-GRID-253,249999.99999953434,0.24999999999953434,78,5575.275023795435,22301.10009522328,0,0,0,0,0,78,35.65317249800008,9.249646996739457,45
NSR-GRID-254,249999.99999953434,0.24999999999953434,35,2126.6345541653736,8506.53821667734,0,0,0,0,0,35,46.25073891625616,6.0511115449891415,21
NSR-GRID-255,249999.99999976717,0.24999999999976716,0,0.0,0.0,0,0,0,0,0,0,50.0,0.0,0
NSR-GRID-256,249999.99999953434,0.24999999999953434,18,2587.4845457504725,10349.938183021168,0,0,0,0,0,18,49.642081736909326,11.547721675537039,17
NSR-GRID-257,249999.99999953434,0.24999999999953434,35,4035.7810597648995,16143.124239089666,0,0,0,0,0,35,25.666737039643444,17.294662858757256,24
NSR-GRID-258,249999.9999993015,0.2499999999993015,71,4694.349837218168,18777.399348925137,0,0,0,0,0,71,31.51082356206203,8.127968421803827,40
NSR-GRID-259,249999.99999953434,0.24999999999953434,87,6327.428593239156,25309.714373003764,0,0,0,0,0,87,40.06184059037805,7.951503780277254,51
NSR-GRID-260,249999.99999953434,0.24999999999953434,93,6958.8632494706735,27835.452997934543,0,0,0,0,0,93,32.062106043752316,9.694481011522425,54
NSR-GRID-261,249999.99999976717,0.24999999999976716,72,5157.5873465728155,20630.349386310478,0,0,0,0,0,72,45.1654921547163,6.484794414218488,45
NSR-GRID-262,249999.99999953434,0.24999999999953434,0,0.0,0.0,0,0,0,0,0,0,50.0,0.0,0
NSR-GRID-263,249999.99999953434,0.24999999999953434,0,0.0,0.0,0,0,0,0,0,0,50.0,0.0,0
NSR-GRID-264,249999.9999993015,0.2499999999993015,40,3126.816943699532,12507.267774833073,0,0,0,0,0,40,61.68197865353038,5.817421381265754,27
NSR-GRID-265,249999.99999953434,0.24999999999953434,72,7188.575131599397,28754.300526451145,0,0,0,0,0,72,36.33929711731436,12.179663523345788,40
NSR-GRID-266,249999.99999953434,0.24999999999953434,42,5533.903783445522,22135.615133823318,0,0,0,0,0,42,50.41013761826569,13.366263040862718,34
NSR-GRID-267,15062.471754349259,0.01506247175434926,0,0.0,0.0,0,0,0,0,0,0,50.0,0.0,0
NSR-GRID-268,7773.379785807113,0.007773379785807113,0,0.0,0.0,0,0,0,0,0,0,50.0,0.0,0
NSR-GRID-269,229337.42076566967,0.22933742076566968,47,2474.170056705265,10788.33994227789,0,0,0,0,0,47,24.3067637913566,8.025432121197385,22
NSR-GRID-270,248794.41235496107,0.24879441235496105,11,1938.3443372089891,7790.948031596087,0,0,0,0,0,11,46.50455291834602,20.943779930673745,7
NSR-GRID-271,250000.00000046566,0.2500000000004657,100,7304.765385101849,29219.061540352966,0,0,0,0,0,100,23.5,11.190278887815598,44
NSR-GRID-272,250000.0000006985,0.2500000000006985,98,6450.222776773855,25800.891107023333,0,0,0,0,0,98,23.5,10.082849325395518,44
NSR-GRID-273,250000.0000006985,0.2500000000006985,30,2554.1841750405943,10216.736700133832,0,0,0,0,0,30,31.083579638752052,9.98596691665898,16
NSR-GRID-274,250000.00000093132,0.2500000000009313,8,1383.5569447730318,5534.227779071511,0,0,0,0,0,8,61.417898193760266,10.137120342081605,9
NSR-GRID-275,250000.0000006985,0.2500000000006985,87,9318.33775452758,37273.35101800618,0,0,0,0,0,87,36.09570050771002,10.684900729320015,54
NSR-GRID-276,250000.0000006985,0.2500000000006985,61,3369.206952033297,13476.827808095533,0,0,0,0,0,61,30.337653772645293,7.750802792775238,34
NSR-GRID-277,250000.00000046566,0.2500000000004657,22,3057.6302528019496,12230.521011185016,0,0,0,0,0,22,37.28832661591282,16.35039025535193,16
NSR-GRID-278,250000.0000006985,0.2500000000006985,36,2903.945790422114,11615.783161656002,0,0,0,0,0,36,24.553274949826672,12.043975638728185,20
NSR-GRID-279,250000.0000006985,0.2500000000006985,16,1851.6725360454404,7406.690144161067,0,0,0,0,0,16,23.5,17.728779600435068,10
NSR-GRID-280,250000.00000093132,0.2500000000009313,17,3321.3978056169644,13285.591222418365,0,0,0,0,0,17,33.26890756302521,17.76020311446119,11
NSR-GRID-281,250000.0000006985,0.2500000000006985,0,0.0,0.0,0,0,0,0,0,0,50.0,0.0,0
NSR-GRID-282,250000.0000006985,0.2500000000006985,0,0.0,0.0,0,0,0,0,0,0,50.0,0.0,0
NSR-GRID-283,250000.00000046566,0.2500000000004657,5,923.3366414679647,3693.346565864979,0,0,0,0,0,5,49.73858784893268,9.436265812567564,5
NSR-GRID-284,250000.0000006985,0.2500000000006985,10,1700.3209006636976,6801.283602635787,0,0,0,0,0,10,23.5,26.047469116550257,5
NSR-GRID-285,43727.11798286552,0.04372711798286552,0,0.0,0.0,0,0,0,0,0,0,50.0,0.0,0
NSR-GRID-286,226187.54891098218,0.22618754891098217,0,0.0,0.0,0,0,0,0,0,0,50.0,0.0,0
NSR-GRID-287,249999.99999976717,0.24999999999976716,0,0.0,0.0,0,0,0,0,0,0,50.0,0.0,0
NSR-GRID-288,249999.99999976717,0.24999999999976716,0,0.0,0.0,0,0,0,0,0,0,50.0,0.0,0
NSR-GRID-289,250000.0,0.25,7,2739.0221392424683,10956.088556969873,0,0,0,0,0,7,66.7270701384002,21.53601854801928,8
NSR-GRID-290,249999.99999976717,0.24999999999976716,28,3884.194940094522,15536.779760392557,0,0,0,0,0,28,39.316326530612244,16.631430670877375,25
NSR-GRID-291,249999.99999976717,0.24999999999976716,31,3173.182533703912,12692.73013482747,0,0,0,0,0,31,23.5,15.680792204988448,17
NSR-GRID-292,249999.99999953434,0.24999999999953434,35,4557.20851299635,18228.834052019352,0,0,0,0,0,35,23.5,19.94644455536396,24
NSR-GRID-293,249999.99999976717,0.24999999999976716,20,2243.9381173545985,8975.752469426754,0,0,0,0,0,20,23.5,17.18761111165224,11
NSR-GRID-294,249999.99999976717,0.24999999999976716,0,0.0,0.0,0,0,0,0,0,0,50.0,0.0,0
NSR-GRID-295,250000.0,0.25,0,0.0,0.0,0,0,0,0,0,0,50.0,0.0,0
NSR-GRID-296,249999.99999976717,0.24999999999976716,0,0.0,0.0,0,0,0,0,0,0,50.0,0.0,0
NSR-GRID-297,249999.99999976717,0.24999999999976716,0,0.0,0.0,0,0,0,0,0,0,50.0,0.0,0
NSR-GRID-298,249999.99999953434,0.24999999999953434,5,342.86884762460124,1371.4753905009595,0,0,0,0,0,5,61.417898193760266,4.019440221006995,5
NSR-GRID-299,249999.99999976717,0.24999999999976716,0,0.0,0.0,0,0,0,0,0,0,50.0,0.0,0
NSR-GRID-300,245228.0807691621,0.2452280807691621,0,0.0,0.0,0,0,0,0,0,0,50.0,0.0,0
NSR-GRID-301,686.995674059287,0.000686995674059287,0,0.0,0.0,0,0,0,0,0,0,50.0,0.0,0
NSR-GRID-302,230453.0157796013,0.23045301577960128,0,0.0,0.0,0,0,0,0,0,0,50.0,0.0,0
NSR-GRID-303,196135.49251730772,0.19613549251730772,1,1212.0095818866648,6179.450574350854,0,0,0,0,0,1,90.0,48.480383275466586,2
NSR-GRID-304,250000.0,0.25,3,835.1390314089389,3340.5561256357555,0,0,0,0,0,3,60.945265462506846,16.454230413279532,4
NSR-GRID-305,250000.0,0.25,2,1696.4840016892983,6785.936006757193,0,0,0,0,0,2,80.0,38.17089003800921,4
NSR-GRID-306,250000.00000023283,0.2500000000002328,0,0.0,0.0,0,0,0,0,0,0,50.0,0.0,0
NSR-GRID-307,250000.0,0.25,4,566.0848340765657,2264.339336306263,0,0,0,0,0,4,74.4973316912972,6.575346496926355,5
NSR-GRID-308,250000.0,0.25,1,557.647917900927,2230.591671603708,0,0,0,0,0,1,23.5,85.4269150826952,2
NSR-GRID-309,249999.99999976717,0.24999999999976716,7,669.0974429791559,2676.3897719191164,0,0,0,0,0,7,23.5,14.64286197401192,6
NSR-GRID-310,250000.0,0.25,0,0.0,0.0,0,0,0,0,0,0,50.0,0.0,0
NSR-GRID-311,250000.0,0.25,1,1344.7008312412424,5378.80332496497,0,0,0,0,0,1,78.85714285714286,61.38851620883933,2
NSR-GRID-312,250000.00000023283,0.2500000000002328,0,0.0,0.0,0,0,0,0,0,0,50.0,0.0,0
NSR-GRID-313,250000.0,0.25,0,0.0,0.0,0,0,0,0,0,0,50.0,0.0,0
NSR-GRID-314,250000.0,0.25,0,0.0,0.0,0,0,0,0,0,0,50.0,0.0,0
NSR-GRID-315,249999.99999976717,0.24999999999976716,2,1629.8335631721136,6519.334252694526,0,0,0,0,0,2,61.417898193760266,47.76621310704268,2
NSR-GRID-316,250000.0,0.25,0,0.0,0.0,0,0,0,0,0,0,50.0,0.0,0
NSR-GRID-317,172663.67750056554,0.17266367750056555,0,0.0,0.0,0,0,0,0,0,0,50.0,0.0,0
NSR-GRID-318,161205.47515631816,0.16120547515631817,2,30.10681201073387,186.76048057015316,0,0,0,0,0,2,23.5,2.3060536859285516,2
NSR-GRID-319,250000.0,0.25,11,2351.3224716360623,9405.28988654425,0,0,0,0,0,11,69.63151216599493,11.8607459948951,12
NSR-GRID-320,250000.0,0.25,4,543.1929772269984,2172.7719089079937,0,0,0,0,0,4,74.7830459770115,6.4356379491024205,6
NSR-GRID-321,250000.00000023283,0.2500000000002328,3,748.0486817804044,2992.194727118831,0,0,0,0,0,3,73.42501368363438,12.9868960052775,4
NSR-GRID-322,250000.0,0.25,5,2959.933026376495,11839.73210550598,0,0,0,0,0,5,75.8264367816092,26.92478821344752,7
NSR-GRID-323,250000.0,0.25,2,1072.539380627592,4290.157522510368,0,0,0,0,0,2,80.0,24.13213606412082,4
NSR-GRID-324,249999.99999976717,0.24999999999976716,3,811.9068611346294,3247.627444541542,0,0,0,0,0,3,73.80596606458676,14.05843388263051,3
NSR-GRID-325,250000.0,0.25,15,4165.212089751021,16660.848359004085,0,0,0,0,0,15,73.50120415982487,14.377143208546055,15
NSR-GRID-326,250000.0,0.25,2,896.6121518747385,3586.448607498954,0,0,0,0,0,2,70.70894909688013,24.01414626600088,3
NSR-GRID-327,250000.00000023283,0.2500000000002328,0,0.0,0.0,0,0,0,0,0,0,50.0,0.0,0
NSR-GRID-328,250000.0,0.25,0,0.0,0.0,0,0,0,0,0,0,50.0,0.0,0
NSR-GRID-329,250000.0,0.25,0,0.0,0.0,0,0,0,0,0,0,50.0,0.0,0
NSR-GRID-330,249999.99999976717,0.24999999999976716,11,823.256282558072,3293.025130235355,0,0,0,0,0,11,54.523734885803854,4.54507717101201,9
NSR-GRID-331,250000.0,0.25,0,0.0,0.0,0,0,0,0,0,0,50.0,0.0,0
NSR-GRID-332,107470.59357670801,0.107470593576708,0,0.0,0.0,0,0,0,0,0,0,50.0,0.0,0
NSR-GRID-333,122582.80277809386,0.12258280277809386,0,0.0,0.0,0,0,0,0,0,0,50.0,0.0,0
NSR-GRID-334,250000.0,0.25,10,3829.8403218210033,15319.361287284013,0,0,0,0,0,10,70.70894909688013,20.61229864237376,11
NSR-GRID-335,250000.0,0.25,7,2258.2221429295164,9032.888571718066,0,0,0,0,0,7,74.69082805536007,16.415786149632456,10
NSR-GRID-336,250000.00000023283,0.2500000000002328,0,0.0,0.0,0,0,0,0,0,0,50.0,0.0,0
NSR-GRID-337,250000.0,0.25,0,0.0,0.0,0,0,0,0,0,0,50.0,0.0,0
NSR-GRID-338,250000.0,0.25,0,0.0,0.0,0,0,0,0,0,0,50.0,0.0,0
NSR-GRID-339,249999.99999976717,0.24999999999976716,0,0.0,0.0,0,0,0,0,0,0,50.0,0.0,0
NSR-GRID-340,250000.0,0.25,6,3175.113004235514,12700.452016942056,0,0,0,0,0,6,67.23097974822113,29.182049146802537,8
NSR-GRID-341,250000.0,0.25,1,605.4449536212674,2421.7798144850694,0,0,0,0,0,1,80.0,27.24502291295703,2
NSR-GRID-342,250000.00000023283,0.2500000000002328,13,2450.7316666484226,9802.92666658456,0,0,0,0,0,13,64.27668308702792,9.617045107513864,12
NSR-GRID-343,250000.0,0.25,1,711.7368561299455,2846.947424519782,0,0,0,0,0,1,80.0,32.028158525847545,2
NSR-GRID-344,250000.0,0.25,4,1646.2433313277843,6584.973325311137,0,0,0,0,0,4,66.0634236453202,20.813781321863804,5
NSR-GRID-345,249999.99999976717,0.24999999999976716,9,1091.610165507763,4366.440662035118,0,0,0,0,0,9,44.56549899653348,7.442271945107355,8
NSR-GRID-346,250000.0,0.25,0,0.0,0.0,0,0,0,0,0,0,50.0,0.0,0
NSR-GRID-347,20634.72995968396,0.020634729959683958,0,0.0,0.0,0,0,0,0,0,0,50.0,0.0,0
NSR-GRID-348,90248.32836157619,0.09024832836157619,0,0.0,0.0,0,0,0,0,0,0,50.0,0.0,0
NSR-GRID-349,243699.7897818291,0.2436997897818291,10,2680.210214922874,10997.999700050284,0,0,0,0,0,10,64.9057471264368,15.023119098636906,12
NSR-GRID-350,249999.99999976717,0.24999999999976716,21,3758.4929778338546,15033.971911349421,0,0,0,0,0,21,70.04883102666355,9.736356495870572,20
NSR-GRID-351,250000.0,0.25,1,1132.968991802006,4531.875967208024,0,0,0,0,0,1,78.85714285714286,51.722497451830705,2
NSR-GRID-352,249999.99999976717,0.24999999999976716,0,0.0,0.0,0,0,0,0,0,0,50.0,0.0,0
NSR-GRID-353,249999.99999976717,0.24999999999976716,0,0.0,0.0,0,0,0,0,0,0,50.0,0.0,0
NSR-GRID-354,249999.99999953434,0.24999999999953434,0,0.0,0.0,0,0,0,0,0,0,50.0,0.0,0
NSR-GRID-355,249999.99999976717,0.24999999999976716,5,796.4720301580584,3185.8881206352007,0,0,0,0,0,5,68.3935960591133,8.587857572667975,5
NSR-GRID-356,249999.99999976717,0.24999999999976716,2,1427.8517424751537,5711.406969905935,0,0,0,0,0,2,61.417898193760266,41.846647508956735,4
NSR-GRID-357,250000.0,0.25,15,880.3911439869543,3521.564575947817,0,0,0,0,0,15,61.417898193760266,3.440265472619761,11
NSR-GRID-358,249999.99999976717,0.24999999999976716,0,0.0,0.0,0,0,0,0,0,0,50.0,0.0,0
NSR-GRID-359,249999.99999976717,0.24999999999976716,3,188.01165266382907,752.0466106560167,0,0,0,0,0,3,67.61193212917351,2.9891782118519976,3
NSR-GRID-360,249999.99999953434,0.24999999999953434,18,4950.811422994092,19803.245692013254,0,0,0,0,0,18,64.51491516146689,15.701333312920902,18
NSR-GRID-361,249999.99999976717,0.24999999999976716,3,1475.9905330882425,5903.962132358469,0,0,0,0,0,3,77.13929939792008,25.232962887765254,5
NSR-GRID-362,66887.15122068682,0.06688715122068682,0,0.0,0.0,0,0,0,0,0,0,50.0,0.0,0
NSR-GRID-363,181823.5731418102,0.1818235731418102,9,2354.918056480621,12951.665264239104,0,0,0,0,0,9,61.417898193760266,15.337014946694271,11
NSR-GRID-364,250000.0,0.25,7,753.9812955624272,3015.925182249709,0,0,0,0,0,7,69.38165611072016,5.307820500051863,7
NSR-GRID-365,250000.00000023283,0.2500000000002328,0,0.0,0.0,0,0,0,0,0,0,50.0,0.0,0
NSR-GRID-366,250000.0,0.25,0,0.0,0.0,0,0,0,0,0,0,50.0,0.0,0
NSR-GRID-367,250000.0,0.25,1,141.26883638460848,565.0753455384339,0,0,0,0,0,1,61.417898193760266,8.280449607379404,2
NSR-GRID-368,249999.99999976717,0.24999999999976716,0,0.0,0.0,0,0,0,0,0,0,50.0,0.0,0
NSR-GRID-369,250000.0,0.25,1,998.6699728614043,3994.679891445617,0,0,0,0,0,1,78.85714285714286,45.59145528280323,2
NSR-GRID-370,250000.0,0.25,0,0.0,0.0,0,0,0,0,0,0,50.0,0.0,0
NSR-GRID-371,250000.00000023283,0.2500000000002328,1,133.2924079303486,533.1696317208979,0,0,0,0,0,1,61.417898193760266,7.812912565575312,2
NSR-GRID-372,250000.0,0.25,7,2889.388583117364,11557.554332469455,0,0,0,0,0,7,61.417898193760266,24.19443378914696,8
NSR-GRID-373,250000.0,0.25,10,567.0155858929727,2268.062343571891,0,0,0,0,0,10,66.64967159277504,3.1959068713565535,8
NSR-GRID-374,249999.99999976717,0.24999999999976716,5,536.1530721522763,2144.6122886111025,0,0,0,0,0,5,78.85714285714286,4.8953106587816535,6
NSR-GRID-375,250000.0,0.25,0,0.0,0.0,0,0,0,0,0,0,50.0,0.0,0
NSR-GRID-376,18380.532457322777,0.01838053245732278,0,0.0,0.0,0,0,0,0,0,0,50.0,0.0,0
NSR-GRID-377,22145.339540245743,0.022145339540245744,0,0.0,0.0,0,0,0,0,0,0,50.0,0.0,0
NSR-GRID-378,93458.23219590948,0.09345823219590949,1,132.60939149455942,1418.9161123503843,0,0,0,0,0,1,61.417898193760266,7.772877669540873,2
NSR-GRID-379,28667.36694694496,0.02866736694694496,1,361.4465841592571,12608.293772783201,0,0,0,0,0,1,90.0,14.457863366370285,2
NSR-GRID-380,184181.18524770753,0.18418118524770752,0,0.0,0.0,0,0,0,0,0,0,50.0,0.0,0
NSR-GRID-381,220625.70493310166,0.22062570493310166,0,0.0,0.0,0,0,0,0,0,0,50.0,0.0,0
NSR-GRID-382,231654.22470562375,0.23165422470562375,1,2.02713876205448,8.750709228940162,0,0,0,0,0,1,78.85714285714286,0.09254329131118277,2
NSR-GRID-383,228067.6854582592,0.2280676854582592,0,0.0,0.0,0,0,0,0,0,0,50.0,0.0,0
NSR-GRID-384,249788.817346345,0.249788817346345,1,167.9047917874164,672.1869840738618,0,0,0,0,0,1,90.0,6.716191671496656,2
NSR-GRID-385,250000.00000046566,0.2500000000004657,1,384.78249849173665,1539.1299939640796,0,0,0,0,0,1,61.417898193760266,22.553962856237604,2
NSR-GRID-386,250000.0000006985,0.2500000000006985,0,0.0,0.0,0,0,0,0,0,0,50.0,0.0,0
NSR-GRID-387,250000.00000046566,0.2500000000004657,0,0.0,0.0,0,0,0,0,0,0,50.0,0.0,0
NSR-GRID-388,250000.00000046566,0.2500000000004657,5,1168.9897785248932,4675.959114090862,0,0,0,0,0,5,68.3935960591133,12.346761417780215,6
NSR-GRID-389,250000.00000023283,0.2500000000002328,0,0.0,0.0,0,0,0,0,0,0,50.0,0.0,0
NSR-GRID-390,16709.39533818946,0.01670939533818946,0,0.0,0.0,0,0,0,0,0,0,50.0,0.0,0
NSR-GRID-391,72286.65684200812,0.07228665684200812,0,0.0,0.0,0,0,0,0,0,0,50.0,0.0,0
NSR-GRID-392,175985.82833380724,0.17598582833380724,3,1091.8598637623586,6204.248797189143,0,0,0,0,0,3,80.47263273125343,16.841349560379623,4
NSR-GRID-393,249999.9999993015,0.2499999999993015,1,355.0760678295204,1420.30427132205,0,0,0,0,0,1,61.417898193760266,20.812725309381218,2
NSR-GRID-394,249999.99999953434,0.24999999999953434,1,1305.2717609345545,5221.087043747943,0,0,0,0,0,1,78.85714285714286,59.58849343396879,2
NSR-GRID-395,249999.9999993015,0.2499999999993015,1,1302.9293185801325,5211.717274335092,0,0,0,0,0,1,78.85714285714286,59.48155584822344,2
NSR-GRID-396,249999.9999993015,0.2499999999993015,11,2898.2013000565285,11592.805200258505,0,0,0,0,0,11,67.75944170771757,13.283284712196672,12
NSR-GRID-397,249999.99999906868,0.2499999999990687,6,2664.0556497814086,10656.222599165332,0,0,0,0,0,6,57.49822112753147,49.338472850593384,7
NSR-GRID-398,114667.82389441034,0.11466782389441034,2,158.6034159988655,1383.1553666258847,0,0,0,0,0,2,78.85714285714286,3.620295365191495,3
NSR-GRID-399,30943.106496765715,0.030943106496765713,0,0.0,0.0,0,0,0,0,0,0,50.0,0.0,0
NSR-GRID-400,238599.63776716334,0.23859963776716334,0,0.0,0.0,0,0,0,0,0,0,50.0,0.0,0
NSR-GRID-401,250000.00000046566,0.2500000000004657,0,0.0,0.0,0,0,0,0,0,0,50.0,0.0,0
NSR-GRID-402,250000.0000006985,0.2500000000006985,0,0.0,0.0,0,0,0,0,0,0,50.0,0.0,0
NSR-GRID-403,250000.00000046566,0.2500000000004657,0,0.0,0.0,0,0,0,0,0,0,50.0,0.0,0
NSR-GRID-404,250000.00000046566,0.2500000000004657,0,0.0,0.0,0,0,0,0,0,0,50.0,0.0,0
NSR-GRID-405,128726.92739254094,0.12872692739254094,0,0.0,0.0,0,0,0,0,0,0,50.0,0.0,0
NSR-GRID-406,58785.69014827303,0.058785690148273034,0,0.0,0.0,0,0,0,0,0,0,50.0,0.0,0
NSR-GRID-407,203592.5118599565,0.2035925118599565,1,1385.6295521507482,6805.896442320382,0,0,0,0,0,1,90.0,55.42518208602993,2
NSR-GRID-408,249999.99999976717,0.24999999999976716,0,0.0,0.0,0,0,0,0,0,0,50.0,0.0,0
NSR-GRID-409,250000.0,0.25,2,3735.4490220028,14941.7960880112,0,0,0,0,0,2,78.85714285714286,85.26568419789001,4
NSR-GRID-410,249999.99999976717,0.24999999999976716,0,0.0,0.0,0,0,0,0,0,0,50.0,0.0,0
NSR-GRID-411,142261.0065376625,0.1422610065376625,1,212.1271071782195,1491.1120927719605,0,0,0,0,0,1,78.85714285714286,9.684063588570888,2
NSR-GRID-412,510.08798176941735,0.0005100879817694174,0,0.0,0.0,0,0,0,0,0,0,50.0,0.0,0
NSR-GRID-413,63105.70294122791,0.06310570294122791,0,0.0,0.0,0,0,0,0,0,0,50.0,0.0,0
NSR-GRID-414,169960.8067364859,0.1699608067364859,0,0.0,0.0,0,0,0,0,0,0,50.0,0.0,0
NSR-GRID-415,104938.1882495476,0.1049381882495476,0,0.0,0.0,0,0,0,0,0,0,50.0,0.0,0
NSR-GRID-416,234618.9323401306,0.2346189323401306,0,0.0,0.0,0,0,0,0,0,0,50.0,0.0,0
