zone_code,built_surface_mean,built_surface_sum,built_surface_max,built_surface_nres_mean,built_surface_nres_sum,builtup_source,builtup_warning
NSR-GRID-001,4113.756665050896,33281.098039215685,5946.0,0.0,0.0,ghsl_p2023a_2020,
NSR-GRID-002,3967.219512195121,19136.0,5492.0,0.0,0.0,ghsl_p2023a_2020,
NSR-GRID-003,4228.885271317829,10696.592156862744,6010.0,0.0,0.0,ghsl_p2023a_2020,
NSR-GRID-004,3238.604815864023,8966.490196078432,4832.0,0.0,0.0,ghsl_p2023a_2020,
NSR-GRID-005,4321.0,84.72549019607843,4321.0,0.0,0.0,ghsl_p2023a_2020,
NSR-GRID-006,4724.81881754609,87436.94117647059,6086.0,0.0,0.0,ghsl_p2023a_2020,
NSR-GRID-007,4016.3692242475627,74310.70588235295,5809.0,0.0,0.0,ghsl_p2023a_2020,
NSR-GRID-008,4123.742263671047,76297.31764705882,6051.0,0.0,0.0,ghsl_p2023a_2020,
NSR-GRID-009,4480.859050445105,82904.67843137257,5983.0,0.0,0.0,ghsl_p2023a_2020,
NSR-GRID-010,3743.5059871046965,47814.11372549019,5010.0,0.0,0.0,ghsl_p2023a_2020,
NSR-GRID-011,3686.9107358262972,47944.2980392157,4899.0,0.0,0.0,ghsl_p2023a_2020,
NSR-GRID-012,3582.309468822171,24331.60784313726,4601.0,0.0,0.0,ghsl_p2023a_2020,
NSR-GRID-013,3567.6044330775785,16410.98039215686,4518.0,73.24211423699916,336.9137254901961,ghsl_p2023a_2020,
NSR-GRID-014,1788.582278481013,7757.537254901961,2846.0,0.0,0.0,ghsl_p2023a_2020,
NSR-GRID-015,1105.1292705447831,4693.549019607844,2747.0,0.0,0.0,ghsl_p2023a_2020,
NSR-GRID-016,1905.1653846153847,1942.521568627451,2211.0,0.0,0.0,ghsl_p2023a_2020,
NSR-GRID-017,2504.6199213630402,7494.215686274509,3398.0,0.0,0.0,ghsl_p2023a_2020,
NSR-GRID-018,1457.4575971731444,3234.98431372549,2731.0,0.0,0.0,ghsl_p2023a_2020,
NSR-GRID-019,3433.8671875000005,8618.333333333334,4518.0,0.0,0.0,ghsl_p2023a_2020,
NSR-GRID-020,332.3292079207921,526.5137254901961,2307.0,0.0,0.0,ghsl_p2023a_2020,
NSR-GRID-021,1765.0,692.156862745098,2199.0,0.0,0.0,ghsl_p2023a_2020,
NSR-GRID-022,1744.4305555555557,492.5450980392157,1856.0,0.0,0.0,ghsl_p2023a_2020,
NSR-GRID-023,0.0,0.0,0.0,0.0,0.0,ghsl_partial_null_fallback,
NSR-GRID-024,3902.48866446826,74254.41176470589,5578.0,4.194558944765045,79.81176470588235,ghsl_p2023a_2020,
NSR-GRID-025,3728.202432488146,70923.56862745098,5645.0,130.26963512677796,2478.1882352941175,ghsl_p2023a_2020,
NSR-GRID-026,2655.42412371134,50505.12549019608,4967.0,0.0,0.0,ghsl_p2023a_2020,
NSR-GRID-027,4037.2133580705013,76802.04705882355,5127.0,0.0,0.0,ghsl_p2023a_2020,
NSR-GRID-028,4162.111592409241,79129.08627450981,5913.0,0.0,0.0,ghsl_p2023a_2020,
NSR-GRID-029,3624.8972984120433,68929.90980392156,5728.0,0.0,0.0,ghsl_p2023a_2020,
NSR-GRID-030,3616.79587628866,68790.03921568628,4517.0,0.0,0.0,ghsl_p2023a_2020,
NSR-GRID-031,2433.150484436199,46287.10980392157,4792.0,4.3104514533085965,82.0,ghsl_p2023a_2020,
NSR-GRID-032,3559.84948453608,67706.94117647057,4797.0,1.5573195876288655,29.619607843137256,ghsl_p2023a_2020,
NSR-GRID-033,749.6763553906409,14261.490196078432,3222.0,0.0,0.0,ghsl_p2023a_2020,
NSR-GRID-034,1759.1361386138615,33444.282352941176,4191.0,0.0,0.0,ghsl_p2023a_2020,
NSR-GRID-035,1071.2575257731958,20374.898039215685,4016.0,0.0,0.0,ghsl_p2023a_2020,
NSR-GRID-036,807.9177489177488,15369.447058823529,3260.0,0.0,0.0,ghsl_p2023a_2020,
NSR-GRID-037,1711.2685089709219,32540.945098039218,3839.0,18.994019385440293,361.18431372549014,ghsl_p2023a_2020,
NSR-GRID-038,2221.015336787564,42025.09411764706,4033.0,0.0,0.0,ghsl_p2023a_2020,
NSR-GRID-039,3059.1661415668977,57116.43137254902,4797.0,0.6275992438563326,11.717647058823529,ghsl_p2023a_2020,
NSR-GRID-040,2222.904604538445,39567.70196078432,4909.0,0.0,0.0,ghsl_p2023a_2020,
NSR-GRID-041,3928.723919625653,55972.760784313716,5747.0,0.0,0.0,ghsl_p2023a_2020,
NSR-GRID-042,1362.4311840562723,22787.329411764706,5799.0,942.8007033997657,15768.803921568628,ghsl_p2023a_2020,
NSR-GRID-043,2488.734235322542,40395.57254901961,4611.0,0.0,0.0,ghsl_p2023a_2020,
NSR-GRID-044,4015.499252988048,63240.17647058824,5433.0,0.0,0.0,ghsl_p2023a_2020,
NSR-GRID-045,879.0248599439775,9845.078431372547,4552.0,0.0,0.0,ghsl_p2023a_2020,
NSR-GRID-046,2642.0817645406005,36875.1725490196,4694.0,0.0,0.0,ghsl_p2023a_2020,
NSR-GRID-047,73.90860215053763,916.4666666666667,3716.0,0.0,0.0,ghsl_p2023a_2020,
NSR-GRID-048,2736.8980707395503,33379.42352941177,4800.0,0.0,0.0,ghsl_p2023a_2020,
NSR-GRID-049,331.4327354260089,4057.7764705882355,3716.0,0.0,0.0,ghsl_p2023a_2020,
NSR-GRID-050,2900.3167107001323,34439.839215686276,4694.0,0.0,0.0,ghsl_p2023a_2020,
NSR-GRID-051,181.66855295068711,881.2705882352941,991.0,0.0,0.0,ghsl_p2023a_2020,
NSR-GRID-052,3771.184901531728,27034.219607843133,5544.0,0.9950765864332602,7.133333333333333,ghsl_p2023a_2020,
NSR-GRID-053,37.33841528881254,681.9019607843137,991.0,0.0,0.0,ghsl_p2023a_2020,
NSR-GRID-054,4043.4755244755247,74828.08235294117,5870.0,54.901462174189454,1016.0,ghsl_p2023a_2020,
NSR-GRID-055,3357.04810341174,62125.137254901965,5110.0,0.0,0.0,ghsl_p2023a_2020,
NSR-GRID-056,2892.4255138800595,53526.8862745098,4967.0,0.0,0.0,ghsl_p2023a_2020,
NSR-GRID-057,3468.396906124178,64185.7450980392,5473.0,3.0801017164653524,57.0,ghsl_p2023a_2020,
NSR-GRID-058,3672.891101694916,67984.49411764707,5728.0,0.0,0.0,ghsl_p2023a_2020,
NSR-GRID-059,3353.898728813559,62080.00784313725,5728.0,159.95741525423725,2960.7803921568625,ghsl_p2023a_2020,
NSR-GRID-060,4080.953813559322,75537.65490196079,9537.0,1608.3146186440677,29769.58823529412,ghsl_p2023a_2020,
NSR-GRID-061,1067.032422123331,19746.37647058823,3211.0,0.0,0.0,ghsl_p2023a_2020,
NSR-GRID-062,2090.2027972027972,38681.047058823526,5270.0,13.988768806950626,258.87450980392157,ghsl_p2023a_2020,
NSR-GRID-063,1729.9730875185421,32014.678431372547,3969.0,0.45730027548209373,8.462745098039216,ghsl_p2023a_2020,
NSR-GRID-064,2138.1048728813557,39575.901960784315,6201.0,8.460381355932203,156.6,ghsl_p2023a_2020,
NSR-GRID-065,3902.349936413734,72201.12549019608,6201.0,36.99067401441288,684.4,ghsl_p2023a_2020,
NSR-GRID-066,835.2557203389829,15460.419607843136,4694.0,0.0,0.0,ghsl_p2023a_2020,
NSR-GRID-067,1198.8323797414703,22185.450980392154,5238.0,0.0,0.0,ghsl_p2023a_2020,
NSR-GRID-068,3930.615091140314,72724.0862745098,5290.0,0.0,0.0,ghsl_p2023a_2020,
NSR-GRID-069,2436.12653666808,45073.117647058825,5052.0,0.0,0.0,ghsl_p2023a_2020,
NSR-GRID-070,2078.7591689633246,38452.96862745098,5334.0,0.0,0.0,ghsl_p2023a_2020,
NSR-GRID-071,1380.7626112759644,25546.81568627451,5334.0,0.0,0.0,ghsl_p2023a_2020,
NSR-GRID-072,295.8667090485272,5475.274509803921,2201.0,0.0,0.0,ghsl_p2023a_2020,
NSR-GRID-073,266.23140495867773,4926.8470588235305,3123.0,0.0,0.0,ghsl_p2023a_2020,
NSR-GRID-074,86.8968220338983,1608.443137254902,2890.0,0.0,0.0,ghsl_p2023a_2020,
NSR-GRID-075,369.5777542372882,6840.811764705883,2890.0,0.5942796610169492,11.0,ghsl_p2023a_2020,
NSR-GRID-076,5.7850328598685605,107.01176470588237,147.0,0.0,0.0,ghsl_p2023a_2020,
NSR-GRID-077,5.632627118644068,104.25882352941176,123.0,0.0,0.0,ghsl_p2023a_2020,
NSR-GRID-078,2758.0,194.68235294117648,2758.0,0.0,0.0,ghsl_p2023a_2020,
NSR-GRID-079,95.95986294664709,768.807843137255,541.0,0.0,0.0,ghsl_p2023a_2020,
NSR-GRID-080,3586.229744426318,51726.09019607842,5254.0,78.15198477433388,1127.2274509803922,ghsl_p2023a_2020,
NSR-GRID-081,7.528325907065562,139.14117647058822,294.0,0.0,0.0,ghsl_p2023a_2020,
NSR-GRID-082,3794.1447954208174,70184.23921568626,5763.0,12.455374178503286,230.4,ghsl_p2023a_2020,
NSR-GRID-083,3622.0131439474235,67000.14117647058,5093.0,0.0,0.0,ghsl_p2023a_2020,
NSR-GRID-084,3614.186519711742,66869.53725490195,5147.0,0.0,0.0,ghsl_p2023a_2020,
NSR-GRID-085,3692.531779661016,68348.03921568627,5147.0,0.0,0.0,ghsl_p2023a_2020,
NSR-GRID-086,3574.9794404408644,66144.12941176472,4864.0,37.7929207291225,699.243137254902,ghsl_p2023a_2020,
NSR-GRID-087,3703.492372881355,68550.91764705881,5089.0,45.959745762711854,850.7058823529411,ghsl_p2023a_2020,
NSR-GRID-088,2694.1991947446486,49858.53333333333,5328.0,0.0,0.0,ghsl_p2023a_2020,
NSR-GRID-089,3143.5584745762703,58186.650980392165,5590.0,168.0190677966101,3110.0,ghsl_p2023a_2020,
NSR-GRID-090,2340.609156422213,43305.858823529416,3970.0,0.0,0.0,ghsl_p2023a_2020,
NSR-GRID-091,1904.8467895740619,35250.87058823529,5615.0,0.0,0.0,ghsl_p2023a_2020,
NSR-GRID-092,4137.173553719009,76562.04705882353,5615.0,0.0,0.0,ghsl_p2023a_2020,
NSR-GRID-093,2325.030514939606,43026.74117647059,4782.0,0.0,0.0,ghsl_p2023a_2020,
NSR-GRID-094,3156.540907164052,58402.19607843136,5422.0,0.0,0.0,ghsl_p2023a_2020,
NSR-GRID-095,2299.0563559322036,42555.08235294118,4695.0,0.0,0.0,ghsl_p2023a_2020,
NSR-GRID-096,3301.563771186441,61111.2980392157,5537.0,0.0,0.0,ghsl_p2023a_2020,
NSR-GRID-097,2947.633029467881,54525.431372549014,5439.0,0.0,0.0,ghsl_p2023a_2020,
NSR-GRID-098,3322.0112311930498,61476.74901960786,6496.0,0.0,0.0,ghsl_p2023a_2020,
NSR-GRID-099,2835.537515896566,52463.003921568634,5438.0,0.0,0.0,ghsl_p2023a_2020,
NSR-GRID-100,758.1606953572185,14024.486274509803,3652.0,0.0,0.0,ghsl_p2023a_2020,
NSR-GRID-101,385.41483050847455,7133.952941176471,1196.0,0.0,0.0,ghsl_p2023a_2020,
NSR-GRID-102,18.059758423394783,334.21176470588233,222.0,0.0,0.0,ghsl_p2023a_2020,
NSR-GRID-103,132.43789741415853,2450.3607843137256,1357.0,0.0,0.0,ghsl_p2023a_2020,
NSR-GRID-104,266.68013856812934,1811.3333333333333,1799.0,0.0,0.0,ghsl_p2023a_2020,
NSR-GRID-105,3617.1870310825293,26469.298039215686,4501.0,0.10771704180064308,0.788235294117647,ghsl_p2023a_2020,
NSR-GRID-106,91.41150159744411,1683.0470588235294,1799.0,0.0,0.0,ghsl_p2023a_2020,
NSR-GRID-107,3836.614924757782,72985.9568627451,5821.0,0.0,0.0,ghsl_p2023a_2020,
NSR-GRID-108,3850.464329896907,73234.32156862743,5821.0,19.874226804123715,378.0,ghsl_p2023a_2020,
NSR-GRID-109,4594.39381443299,87383.56862745098,6734.0,0.0,0.0,ghsl_p2023a_2020,
NSR-GRID-110,4067.287422680414,77358.21176470589,6061.0,0.0,0.0,ghsl_p2023a_2020,
NSR-GRID-111,4045.7400535971997,76964.25490196081,6061.0,0.0,0.0,ghsl_p2023a_2020,
NSR-GRID-112,4113.963718820861,78262.10980392156,5350.0,0.0,0.0,ghsl_p2023a_2020,
NSR-GRID-113,4232.122499484431,80476.71372549022,5982.0,0.0,0.0,ghsl_p2023a_2020,
NSR-GRID-114,4321.896701030927,82200.78039215684,5961.0,0.0,0.0,ghsl_p2023a_2020,
NSR-GRID-115,3917.2079983508556,74519.12156862745,5466.0,0.0,0.0,ghsl_p2023a_2020,
NSR-GRID-116,2755.062049062049,52411.00392156863,5908.0,0.0,0.0,ghsl_p2023a_2020,
NSR-GRID-117,1389.5499896928468,26434.145098039215,5908.0,0.0,0.0,ghsl_p2023a_2020,
NSR-GRID-118,1345.2657184085758,25591.701960784318,4646.0,0.0,0.0,ghsl_p2023a_2020,
NSR-GRID-119,4527.309484536082,86107.65098039214,5422.0,0.0,0.0,ghsl_p2023a_2020,
NSR-GRID-120,4640.928865979382,88268.64705882352,5379.0,0.0,0.0,ghsl_p2023a_2020,
NSR-GRID-121,4124.776082474227,78451.62352941177,5567.0,0.0,0.0,ghsl_p2023a_2020,
NSR-GRID-122,3938.955463917525,74917.3882352941,6572.0,0.0,0.0,ghsl_p2023a_2020,
NSR-GRID-123,4137.688865979382,78697.21960784314,6108.0,0.0,0.0,ghsl_p2023a_2020,
NSR-GRID-124,3674.5207173778613,69902.35294117648,7253.0,0.0,0.0,ghsl_p2023a_2020,
NSR-GRID-125,1107.9938157081017,21077.95294117647,5766.0,0.0,0.0,ghsl_p2023a_2020,
NSR-GRID-126,450.65340206185584,8571.25098039216,2655.0,0.0,0.0,ghsl_p2023a_2020,
NSR-GRID-127,22.064742268041236,419.6627450980392,344.0,0.0,0.0,ghsl_p2023a_2020,
NSR-GRID-128,2474.408,1212.9450980392157,4118.0,0.0,0.0,ghsl_p2023a_2020,
NSR-GRID-129,425.4084507042254,2724.2823529411767,1114.0,0.0,0.0,ghsl_p2023a_2020,
NSR-GRID-130,3558.004294917681,58476.84705882353,4947.0,0.0,0.0,ghsl_p2023a_2020,
NSR-GRID-131,12.384566461734149,229.09019607843138,344.0,0.0,0.0,ghsl_p2023a_2020,
NSR-GRID-132,4274.974994702267,79112.18431372549,5767.0,42.30959949141767,782.9764705882353,ghsl_p2023a_2020,
NSR-GRID-133,4458.2113958907,82538.10196078432,7180.0,383.17644566829046,7094.023529411764,ghsl_p2023a_2020,
NSR-GRID-134,3961.371477007839,73308.67450980391,6061.0,0.0,0.0,ghsl_p2023a_2020,
NSR-GRID-135,4130.348590803135,76435.74509803922,6061.0,0.0,0.0,ghsl_p2023a_2020,
NSR-GRID-136,2346.619966087325,43417.0705882353,4575.0,0.0,0.0,ghsl_p2023a_2020,
NSR-GRID-137,4225.372561492791,78144.53725490197,5982.0,0.0,0.0,ghsl_p2023a_2020,
NSR-GRID-138,4221.700233199067,78093.17647058824,5541.0,0.0,0.0,ghsl_p2023a_2020,
NSR-GRID-139,3531.750529885545,65344.30980392158,5706.0,0.0,0.0,ghsl_p2023a_2020,
NSR-GRID-140,308.40771349862257,5707.356862745099,5156.0,0.0,0.0,ghsl_p2023a_2020,
NSR-GRID-141,8.252542372881354,152.75294117647059,59.0,0.0,0.0,ghsl_p2023a_2020,
NSR-GRID-142,2023.2663135593214,37450.262745098036,5187.0,0.0,0.0,ghsl_p2023a_2020,
NSR-GRID-143,4347.331214240305,80451.20000000001,5840.0,0.0,0.0,ghsl_p2023a_2020,
NSR-GRID-144,4577.472345835981,84710.16470588236,5528.0,0.0,0.0,ghsl_p2023a_2020,
NSR-GRID-145,3378.1900826446285,62516.38823529413,5166.0,1.787031150667514,33.07058823529412,ghsl_p2023a_2020,
NSR-GRID-146,3617.1388005933454,66938.34509803921,4939.0,0.0,0.0,ghsl_p2023a_2020,
NSR-GRID-147,3675.006144067797,68023.64313725491,5425.0,0.0,0.0,ghsl_p2023a_2020,
NSR-GRID-148,2847.140042372881,52700.00392156863,6635.0,0.0,0.0,ghsl_p2023a_2020,
NSR-GRID-149,3922.67069294342,72592.48235294118,7008.0,0.0,0.0,ghsl_p2023a_2020,
NSR-GRID-150,2353.986649713922,43562.6,7008.0,0.0,0.0,ghsl_p2023a_2020,
NSR-GRID-151,98.27966976264189,1120.3882352941175,945.0,0.0,0.0,ghsl_p2023a_2020,
NSR-GRID-152,3402.1373546511627,36716.4,4928.0,17.569040697674417,189.60784313725492,ghsl_p2023a_2020,
NSR-GRID-153,4276.533704390848,81354.76470588233,5774.0,19.272727272727277,366.63529411764705,ghsl_p2023a_2020,
NSR-GRID-154,4292.994226804126,81651.06666666668,7180.0,149.49030927835057,2843.247058823529,ghsl_p2023a_2020,
NSR-GRID-155,4367.681368507832,83105.84313725491,5809.0,0.0,0.0,ghsl_p2023a_2020,
NSR-GRID-156,4114.499072356215,78272.29411764705,5666.0,0.0,0.0,ghsl_p2023a_2020,
NSR-GRID-157,3878.1947650453426,73792.16078431372,5176.0,0.0,0.0,ghsl_p2023a_2020,
NSR-GRID-158,4312.3159521846665,82052.38039215686,5674.0,253.54245671887884,4824.266666666666,ghsl_p2023a_2020,
NSR-GRID-159,4316.911321922046,82089.03137254901,6386.0,546.324396782842,10388.733333333334,ghsl_p2023a_2020,
NSR-GRID-160,4269.007630439266,81178.10980392156,5706.0,0.0,0.0,ghsl_p2023a_2020,
NSR-GRID-161,3389.4563827593324,64452.839215686276,5298.0,0.0,0.0,ghsl_p2023a_2020,
NSR-GRID-162,2447.4016494845364,46548.61960784314,5220.0,0.0,0.0,ghsl_p2023a_2020,
NSR-GRID-163,3208.920824742268,61032.4156862745,5627.0,0.0,0.0,ghsl_p2023a_2020,
NSR-GRID-164,3814.4900020614323,72565.06274509805,5421.0,0.0,0.0,ghsl_p2023a_2020,
NSR-GRID-165,4411.474237427865,83939.10980392156,5324.0,0.0,0.0,ghsl_p2023a_2020,
NSR-GRID-166,3816.902268041238,72595.9843137255,4972.0,0.7247422680412373,13.784313725490197,ghsl_p2023a_2020,
NSR-GRID-167,3936.3661855670116,74868.1411764706,8173.0,0.0,0.0,ghsl_p2023a_2020,
NSR-GRID-168,3875.7074226804125,73714.43529411763,8173.0,0.0,0.0,ghsl_p2023a_2020,
NSR-GRID-169,2881.758194186767,54821.211764705884,4972.0,0.0,0.0,ghsl_p2023a_2020,
NSR-GRID-170,2152.167765869745,40950.26666666667,7605.0,0.0,0.0,ghsl_p2023a_2020,
NSR-GRID-171,489.2999381570811,9308.211764705882,7605.0,0.0,0.0,ghsl_p2023a_2020,
NSR-GRID-172,47.99999999999999,32.94117647058823,105.0,0.0,0.0,ghsl_p2023a_2020,
NSR-GRID-173,245.8716387620497,3800.886274509804,2068.0,0.0,0.0,ghsl_p2023a_2020,
NSR-GRID-174,3306.10628742515,25982.105882352946,4443.0,0.0,0.0,ghsl_p2023a_2020,
NSR-GRID-175,4004.2948283170826,74087.30588235293,5625.0,0.0,0.0,ghsl_p2023a_2020,
NSR-GRID-176,4029.709684255139,74573.33333333334,5778.0,0.0,0.0,ghsl_p2023a_2020,
NSR-GRID-177,3807.5911403136915,70447.90196078431,5094.0,0.0,0.0,ghsl_p2023a_2020,
NSR-GRID-178,4038.5765154726573,74721.58431372549,5523.0,0.0,0.0,ghsl_p2023a_2020,
NSR-GRID-179,3946.596948506039,73035.25882352941,5885.0,0.0,0.0,ghsl_p2023a_2020,
NSR-GRID-180,4125.0069915254235,76353.0705882353,5420.0,0.0,0.0,ghsl_p2023a_2020,
NSR-GRID-181,3901.90681914443,72254.13333333335,5501.0,0.0,0.0,ghsl_p2023a_2020,
NSR-GRID-182,4226.9286016949145,78239.61960784314,5238.0,0.0,0.0,ghsl_p2023a_2020,
NSR-GRID-183,3833.288832379741,70938.39215686274,5404.0,0.0,0.0,ghsl_p2023a_2020,
NSR-GRID-184,3791.6401780038136,70167.64705882352,5219.0,0.0,0.0,ghsl_p2023a_2020,
NSR-GRID-185,3020.1015045560493,55889.6431372549,5515.0,0.0,0.0,ghsl_p2023a_2020,
NSR-GRID-186,4129.981351981352,76428.94901960786,5515.0,0.0,0.0,ghsl_p2023a_2020,
NSR-GRID-187,4528.655084745763,83824.51764705883,5762.0,0.0,0.0,ghsl_p2023a_2020,
NSR-GRID-188,4490.558262711864,83119.35294117648,5500.0,0.0,0.0,ghsl_p2023a_2020,
NSR-GRID-189,4186.853420885405,77514.25490196078,5532.0,0.0,0.0,ghsl_p2023a_2020,
NSR-GRID-190,3266.4879237288133,60462.05098039216,4614.0,0.0,0.0,ghsl_p2023a_2020,
NSR-GRID-191,1984.7010593220343,36736.4274509804,4683.0,0.0,0.0,ghsl_p2023a_2020,
NSR-GRID-192,345.40856113583385,6392.090196078431,3090.0,0.0,0.0,ghsl_p2023a_2020,
NSR-GRID-193,4220.4324324324325,612.3764705882353,4443.0,0.0,0.0,ghsl_p2023a_2020,
NSR-GRID-194,1225.250293772033,4088.972549019608,4074.0,0.0,0.0,ghsl_p2023a_2020,
NSR-GRID-195,3766.540122633965,55405.066666666666,5049.0,0.0,0.0,ghsl_p2023a_2020,
NSR-GRID-196,1113.153276725452,20049.854901960785,4176.0,0.0,0.0,ghsl_p2023a_2020,
NSR-GRID-197,3647.679864492907,67560.75294117647,5657.0,0.0,0.0,ghsl_p2023a_2020,
NSR-GRID-198,2681.0175810209707,49635.62352941176,5102.0,0.0,0.0,ghsl_p2023a_2020,
NSR-GRID-199,4432.0946632782725,82071.96470588235,6661.0,0.0,0.0,ghsl_p2023a_2020,
NSR-GRID-200,4521.630029648455,83729.94901960784,6254.0,0.0,0.0,ghsl_p2023a_2020,
NSR-GRID-201,4196.1203389830525,77669.36470588236,5420.0,17.606779661016954,325.89803921568625,ghsl_p2023a_2020,
NSR-GRID-202,4047.313571882278,74962.59607843136,5626.0,265.62481473639633,4919.788235294117,ghsl_p2023a_2020,
NSR-GRID-203,3544.4866581956794,65635.55294117646,5626.0,146.18127911901738,2706.9333333333334,ghsl_p2023a_2020,
NSR-GRID-204,4027.36713952996,74593.15686274509,5074.0,0.0,0.0,ghsl_p2023a_2020,
NSR-GRID-205,3649.0942197755667,67586.94901960784,5577.0,0.0,0.0,ghsl_p2023a_2020,
NSR-GRID-206,4247.872326910863,78677.25882352941,5577.0,0.0,0.0,ghsl_p2023a_2020,
NSR-GRID-207,4313.145096377888,79852.38431372552,5485.0,0.0,0.0,ghsl_p2023a_2020,
NSR-GRID-208,4548.571368064379,84228.83921568627,5762.0,0.0,0.0,ghsl_p2023a_2020,
NSR-GRID-209,4473.901292099133,82828.58039215686,6210.0,0.0,0.0,ghsl_p2023a_2020,
NSR-GRID-210,4463.962100359942,82679.58039215687,5820.0,0.0,0.0,ghsl_p2023a_2020,
NSR-GRID-211,4414.526360364175,81763.95294117647,5589.0,0.0,0.0,ghsl_p2023a_2020,
NSR-GRID-212,2734.991740787802,50645.61176470588,4887.0,0.0,0.0,ghsl_p2023a_2020,
NSR-GRID-213,1969.9495858840478,21453.137254901965,4337.0,2.482535109830752,27.035294117647055,ghsl_p2023a_2020,
NSR-GRID-214,4533.669201520913,51434.921568627455,6024.0,0.0,0.0,ghsl_p2023a_2020,
NSR-GRID-215,3869.9398062255195,73619.91372549019,5657.0,0.0,0.0,ghsl_p2023a_2020,
NSR-GRID-216,3659.750257572636,69650.0705882353,5541.0,0.0,0.0,ghsl_p2023a_2020,
NSR-GRID-217,4404.557113402061,83772.94901960783,6254.0,132.17938144329898,2514.0,ghsl_p2023a_2020,
NSR-GRID-218,4148.083487940632,78911.18823529415,6254.0,108.43887858173574,2062.8901960784315,ghsl_p2023a_2020,
NSR-GRID-219,3859.3279736136865,73418.03921568625,6172.0,75.08864151721293,1428.4509803921567,ghsl_p2023a_2020,
NSR-GRID-220,3705.061855670104,70468.82352941178,5626.0,930.4692783505154,17697.160784313724,ghsl_p2023a_2020,
NSR-GRID-221,4836.950319521748,92015.86666666665,9396.0,1051.7920016491446,20008.796078431373,ghsl_p2023a_2020,
NSR-GRID-222,3323.612577319588,63213.80784313725,5316.0,0.0,0.0,ghsl_p2023a_2020,
NSR-GRID-223,4529.054410552348,86176.36078431371,5807.0,0.0,0.0,ghsl_p2023a_2020,
NSR-GRID-224,4547.7895713108,86532.84313725492,5807.0,0.0,0.0,ghsl_p2023a_2020,
NSR-GRID-225,3758.2862147125484,71525.34509803921,5095.0,0.0,0.0,ghsl_p2023a_2020,
NSR-GRID-226,3429.8279060181376,65260.88235294119,5681.0,0.0,0.0,ghsl_p2023a_2020,
NSR-GRID-227,4597.042456718878,87470.0,5315.0,0.0,0.0,ghsl_p2023a_2020,
NSR-GRID-228,4735.43569661995,90103.27058823529,5913.0,0.0,0.0,ghsl_p2023a_2020,
NSR-GRID-229,4655.803298969072,88551.55294117646,5366.0,0.0,0.0,ghsl_p2023a_2020,
NSR-GRID-230,4232.114615543187,80509.7568627451,5208.0,242.62502576788287,4615.58431372549,ghsl_p2023a_2020,
NSR-GRID-231,1133.6718386346004,5730.599999999999,3628.0,0.5647788983708302,2.854901960784314,ghsl_p2023a_2020,
NSR-GRID-232,3998.571352218066,29338.537254901963,5718.0,0.0,0.0,ghsl_p2023a_2020,
NSR-GRID-233,4302.962492053402,79630.11764705881,5718.0,0.0,0.0,ghsl_p2023a_2020,
NSR-GRID-234,4335.677897859718,80235.54509803922,5966.0,1.8747616020343298,34.694117647058825,ghsl_p2023a_2020,
NSR-GRID-235,4145.411104047469,76714.49019607843,8196.0,1139.621106166561,21089.694117647057,ghsl_p2023a_2020,
NSR-GRID-236,3067.915272188096,56798.54117647058,8196.0,974.7324719339125,18045.929411764704,ghsl_p2023a_2020,
NSR-GRID-237,546.378470014834,10111.215686274512,4650.0,10.019919474464933,185.42745098039217,ghsl_p2023a_2020,
NSR-GRID-238,2054.3402542372887,38025.43529411765,5197.0,10.122033898305089,187.35686274509806,ghsl_p2023a_2020,
NSR-GRID-239,2805.3021186440683,51925.59215686274,5569.0,0.0,0.0,ghsl_p2023a_2020,
NSR-GRID-240,2457.4784912057653,45477.80784313726,5023.0,0.0,0.0,ghsl_p2023a_2020,
NSR-GRID-241,3666.340186519714,67834.48235294118,4953.0,0.0,0.0,ghsl_p2023a_2020,
NSR-GRID-242,4470.939830508475,82756.21960784312,5106.0,0.0,0.0,ghsl_p2023a_2020,
NSR-GRID-243,3087.484739296313,57124.52156862745,5431.0,0.0,0.0,ghsl_p2023a_2020,
NSR-GRID-244,321.7565677966102,5955.650980392157,4356.0,0.0,0.0,ghsl_p2023a_2020,
NSR-GRID-245,1980.5369781733425,36651.58431372549,6192.0,0.0,0.0,ghsl_p2023a_2020,
NSR-GRID-246,3573.957645065651,66181.2862745098,6623.0,0.0,0.0,ghsl_p2023a_2020,
NSR-GRID-247,3036.747616020345,56197.69411764707,5489.0,0.0,0.0,ghsl_p2023a_2020,
NSR-GRID-248,3342.9268757948294,61850.70196078432,4964.0,0.18736752861381947,3.466666666666667,ghsl_p2023a_2020,
NSR-GRID-249,3876.593818984548,6886.654901960784,5233.0,2.589403973509934,4.6,ghsl_p2023a_2020,
NSR-GRID-250,790.8671532846714,2124.486274509804,2383.0,0.0,0.0,ghsl_p2023a_2020,
NSR-GRID-251,4153.218146718147,75930.6,5483.0,15.515873015873018,283.6666666666667,ghsl_p2023a_2020,
NSR-GRID-252,4444.553586150041,84568.52549019607,5682.0,0.0,0.0,ghsl_p2023a_2020,
NSR-GRID-253,4192.612863327148,79758.29411764705,5803.0,0.0,0.0,ghsl_p2023a_2020,
NSR-GRID-254,3923.76350515464,74628.4431372549,5816.0,1119.3509278350518,21289.615686274512,ghsl_p2023a_2020,
NSR-GRID-255,2784.407957122243,52969.26666666666,5495.0,80.56565656565655,1532.6431372549018,ghsl_p2023a_2020,
NSR-GRID-256,1649.813646670789,31385.278431372546,3907.0,0.0,0.0,ghsl_p2023a_2020,
NSR-GRID-257,1501.0647022460332,28567.321568627453,4700.0,0.0,0.0,ghsl_p2023a_2020,
NSR-GRID-258,1630.8674500103075,31024.85490196079,4838.0,0.0,0.0,ghsl_p2023a_2020,
NSR-GRID-259,3382.262930146301,64369.10588235294,4729.0,0.0,0.0,ghsl_p2023a_2020,
NSR-GRID-260,3899.193568336426,74176.42352941177,4958.0,0.0,0.0,ghsl_p2023a_2020,
NSR-GRID-261,2107.3715463917524,40081.38039215686,5671.0,0.0,0.0,ghsl_p2023a_2020,
NSR-GRID-262,253.10838656501133,4817.0,1349.0,0.0,0.0,ghsl_p2023a_2020,
NSR-GRID-263,764.5948062654577,14548.290196078431,3975.0,0.0,0.0,ghsl_p2023a_2020,
NSR-GRID-264,1510.5546391752582,28730.156862745105,6040.0,0.0,0.0,ghsl_p2023a_2020,
NSR-GRID-265,3914.82608695652,74504.51372549018,5994.0,0.0,0.0,ghsl_p2023a_2020,
NSR-GRID-266,3457.7086338347412,65804.94117647059,5994.0,0.0,0.0,ghsl_p2023a_2020,
NSR-GRID-267,4653.210526315791,5200.64705882353,5524.0,864.7368421052633,966.4705882352941,ghsl_p2023a_2020,
NSR-GRID-268,2006.5704225352115,1117.3843137254903,2614.0,0.0,0.0,ghsl_p2023a_2020,
NSR-GRID-269,4988.153259361998,84622.55294117647,8682.0,2961.3541377716133,50238.50196078431,ghsl_p2023a_2020,
NSR-GRID-270,2241.31275282095,41284.10196078433,6025.0,0.0,0.0,ghsl_p2023a_2020,
NSR-GRID-271,4239.8405336721735,78511.8705882353,5579.0,808.7030919102074,14975.278431372544,ghsl_p2023a_2020,
NSR-GRID-272,4573.1858444585705,84630.83921568627,7100.0,938.0928162746342,17360.235294117647,ghsl_p2023a_2020,
NSR-GRID-273,3517.16776106757,65115.87843137255,6486.0,1311.643295911883,24283.403921568628,ghsl_p2023a_2020,
NSR-GRID-274,3894.695274422548,72074.77254901962,6615.0,1594.2839584657768,29503.631372549018,ghsl_p2023a_2020,
NSR-GRID-275,2897.1852087306625,53614.96862745097,5410.0,0.5083704174613265,9.407843137254902,ghsl_p2023a_2020,
NSR-GRID-276,1644.304596483796,30442.20392156863,4260.0,0.0,0.0,ghsl_p2023a_2020,
NSR-GRID-277,345.1527218809574,6390.062745098039,2882.0,0.0,0.0,ghsl_p2023a_2020,
NSR-GRID-278,1880.6457627118646,34810.38431372549,4685.0,0.0,0.0,ghsl_p2023a_2020,
NSR-GRID-279,1933.5431052743065,35797.086274509806,4252.0,0.0,0.0,ghsl_p2023a_2020,
NSR-GRID-280,551.7771186440675,10213.286274509805,4252.0,0.0,0.0,ghsl_p2023a_2020,
NSR-GRID-281,9.830544376191485,182.0,92.0,0.0,0.0,ghsl_p2023a_2020,
NSR-GRID-282,544.1805084745762,10072.674509803921,2810.0,0.0,0.0,ghsl_p2023a_2020,
NSR-GRID-283,1443.2267429540152,26708.18431372549,3400.0,0.0,0.0,ghsl_p2023a_2020,
NSR-GRID-284,1240.6613689340961,22959.533333333333,5051.0,0.0,0.0,ghsl_p2023a_2020,
NSR-GRID-285,4076.847826086958,13237.764705882353,5376.0,1611.8731884057977,5233.84705882353,ghsl_p2023a_2020,
NSR-GRID-286,646.1406505967703,10827.290196078431,3002.0,0.0,0.0,ghsl_p2023a_2020,
NSR-GRID-287,5187.409658970557,96038.27843137256,7502.0,3406.9233213302264,63074.8431372549,ghsl_p2023a_2020,
NSR-GRID-288,4584.157136806438,84887.80392156863,7502.0,3406.383100381194,63078.2,ghsl_p2023a_2020,
NSR-GRID-289,3554.819241364696,65785.06666666667,6486.0,791.1873278236916,14641.619607843139,ghsl_p2023a_2020,
NSR-GRID-290,2814.9209913154,52114.67450980393,4995.0,24.23893242957001,448.7529411764706,ghsl_p2023a_2020,
NSR-GRID-291,1156.1347172209278,21404.360784313725,3461.0,0.0,0.0,ghsl_p2023a_2020,
NSR-GRID-292,1267.8664971392247,23462.98823529412,5972.0,0.0,0.0,ghsl_p2023a_2020,
NSR-GRID-293,3216.7808857808864,59529.36862745098,6678.0,0.0,0.0,ghsl_p2023a_2020,
NSR-GRID-294,2350.215844100826,43511.25098039216,6269.0,0.0,0.0,ghsl_p2023a_2020,
NSR-GRID-295,17.788135593220336,329.2549019607843,2892.0,0.0,0.0,ghsl_p2023a_2020,
NSR-GRID-296,4.944915254237288,91.52941176470588,50.0,0.0,0.0,ghsl_p2023a_2020,
NSR-GRID-297,18.544049131723842,343.3921568627451,146.0,0.0,0.0,ghsl_p2023a_2020,
NSR-GRID-298,45.68523617877569,845.8039215686276,743.0,0.0,0.0,ghsl_p2023a_2020,
NSR-GRID-299,36.84343220338984,681.9647058823531,1064.0,0.0,0.0,ghsl_p2023a_2020,
NSR-GRID-300,2936.634752539442,53285.52549019608,5839.0,1310.3213745407386,23775.909803921564,ghsl_p2023a_2020,
NSR-GRID-301,3883.0,228.41176470588235,3883.0,141.0,8.294117647058824,ghsl_p2023a_2020,
NSR-GRID-302,1512.9081358962894,26544.121568627448,3883.0,15.363433169423335,269.5529411764706,ghsl_p2023a_2020,
NSR-GRID-303,270.6985294117647,4042.431372549019,1511.0,0.0,0.0,ghsl_p2023a_2020,
NSR-GRID-304,2429.2183055040205,46212.30588235295,8511.0,1640.3428159142445,31205.10980392157,ghsl_p2023a_2020,
NSR-GRID-305,3831.8934679579643,72926.19215686274,8511.0,1882.0475994230376,35817.94901960785,ghsl_p2023a_2020,
NSR-GRID-306,4161.529060181369,79183.29019607844,5377.0,0.0,0.0,ghsl_p2023a_2020,
NSR-GRID-307,2240.2664880461657,42626.56078431372,3924.0,0.0,0.0,ghsl_p2023a_2020,
NSR-GRID-308,926.4774366371315,17632.13725490196,2939.0,0.0,0.0,ghsl_p2023a_2020,
NSR-GRID-309,182.24010717230001,3467.5647058823524,2128.0,0.0,0.0,ghsl_p2023a_2020,
NSR-GRID-310,177.70760354419946,3382.0196078431377,1037.0,0.0,0.0,ghsl_p2023a_2020,
NSR-GRID-311,241.2104720676148,4588.674509803921,1751.0,0.0,0.0,ghsl_p2023a_2020,
NSR-GRID-312,490.7259793814434,9333.415686274511,2633.0,0.0,0.0,ghsl_p2023a_2020,
NSR-GRID-313,384.6201566364387,7318.341176470589,2407.0,0.0,0.0,ghsl_p2023a_2020,
NSR-GRID-314,3.264372553059963,62.12549019607843,44.0,0.0,0.0,ghsl_p2023a_2020,
NSR-GRID-315,0.0,0.0,0.0,0.0,0.0,ghsl_p2023a_2020,
NSR-GRID-316,0.0,0.0,0.0,0.0,0.0,ghsl_p2023a_2020,
NSR-GRID-317,1732.014728444308,22135.827450980392,5305.0,26.795949677815276,342.4627450980392,ghsl_p2023a_2020,
NSR-GRID-318,501.9714003944773,5988.2235294117645,2244.0,0.0,0.0,ghsl_p2023a_2020,
NSR-GRID-319,270.1629237288136,5000.6627450980395,3142.0,0.4076271186440678,7.545098039215686,ghsl_p2023a_2020,
NSR-GRID-320,3551.406952098347,65707.99215686275,5753.0,10.787621873675286,199.5921568627451,ghsl_p2023a_2020,
NSR-GRID-321,3693.339546706208,68377.47450980393,6495.0,0.0,0.0,ghsl_p2023a_2020,
NSR-GRID-322,1370.4163135593224,25366.13725490196,3646.0,0.0,0.0,ghsl_p2023a_2020,
NSR-GRID-323,1142.2644067796612,21143.090196078432,3230.0,0.0,0.0,ghsl_p2023a_2020,
NSR-GRID-324,1288.129872881356,23843.03137254902,3876.0,0.0,0.0,ghsl_p2023a_2020,
NSR-GRID-325,540.2418979029867,10001.890196078431,3876.0,0.0,0.0,ghsl_p2023a_2020,
NSR-GRID-326,103.93750000000001,1923.8627450980393,2134.0,0.0,0.0,ghsl_p2023a_2020,
NSR-GRID-327,422.16461864406784,7814.18431372549,4138.0,0.0,0.0,ghsl_p2023a_2020,
NSR-GRID-328,503.81059322033906,9325.435294117648,4138.0,0.0,0.0,ghsl_p2023a_2020,
NSR-GRID-329,0.29237288135593226,5.411764705882353,408.0,0.0,0.0,ghsl_p2023a_2020,
NSR-GRID-330,0.05509641873278237,1.0196078431372548,13.0,0.0,0.0,ghsl_p2023a_2020,
NSR-GRID-331,0.0,0.0,0.0,0.0,0.0,ghsl_p2023a_2020,
NSR-GRID-332,1330.8183565593467,10860.521568627453,3248.0,0.0,0.0,ghsl_p2023a_2020,
NSR-GRID-333,46.93768421052632,437.1647058823529,512.0,0.0,0.0,ghsl_p2023a_2020,
NSR-GRID-334,1327.8938800741807,25271.643137254905,4359.0,0.0,0.0,ghsl_p2023a_2020,
NSR-GRID-335,1192.8685349268494,22701.92549019608,4359.0,0.0,0.0,ghsl_p2023a_2020,
NSR-GRID-336,3263.393570987017,62106.8588235294,6495.0,37.58705955079332,715.3333333333334,ghsl_p2023a_2020,
NSR-GRID-337,1240.7304759942301,23612.803921568626,4532.0,324.92664331341433,6183.8,ghsl_p2023a_2020,
NSR-GRID-338,592.8773701566364,11280.945098039216,3648.0,0.0,0.0,ghsl_p2023a_2020,
NSR-GRID-339,930.0867504636306,17700.82745098039,3776.0,0.0,0.0,ghsl_p2023a_2020,
NSR-GRID-340,583.1533388293487,11095.921568627451,3369.0,0.0,0.0,ghsl_p2023a_2020,
NSR-GRID-341,2180.205809641532,41500.85882352941,4243.0,154.08220024721876,2933.0,ghsl_p2023a_2020,
NSR-GRID-342,1070.0778899649702,20365.05098039216,3888.0,0.0,0.0,ghsl_p2023a_2020,
NSR-GRID-343,474.1240725474031,9021.372549019608,2698.0,1.4171475680131902,26.96470588235294,ghsl_p2023a_2020,
NSR-GRID-344,449.5983927467544,8556.47450980392,3135.0,0.0,0.0,ghsl_p2023a_2020,
NSR-GRID-345,85.51525144270401,1627.1372549019607,1065.0,0.0,0.0,ghsl_p2023a_2020,
NSR-GRID-346,1.3389690721649483,25.46666666666667,34.0,0.0,0.0,ghsl_p2023a_2020,
NSR-GRID-347,473.26385224274395,703.3999999999999,828.0,0.0,0.0,ghsl_p2023a_2020,
NSR-GRID-348,807.6074161271334,5380.882352941176,2009.0,0.0,0.0,ghsl_p2023a_2020,
NSR-GRID-349,1331.197522816167,24024.199999999997,4738.0,0.0,0.0,ghsl_p2023a_2020,
NSR-GRID-350,1374.7461359305528,25462.454901960784,5352.0,0.0,0.0,ghsl_p2023a_2020,
NSR-GRID-351,518.4916402116404,9607.345098039217,4532.0,13.881058201058204,257.20784313725494,ghsl_p2023a_2020,
NSR-GRID-352,1487.3472369256826,27548.003921568623,4711.0,560.4365869150964,10380.164705882353,ghsl_p2023a_2020,
NSR-GRID-353,2202.6179085520744,40804.57647058823,5396.0,640.7186706181203,11869.627450980392,ghsl_p2023a_2020,
NSR-GRID-354,1462.0635324015252,27073.976470588237,4479.0,0.0,0.0,ghsl_p2023a_2020,
NSR-GRID-355,169.99026248941578,3149.152941176471,3156.0,0.0,0.0,ghsl_p2023a_2020,
NSR-GRID-356,395.3365812327897,7319.152941176469,1988.0,0.0,0.0,ghsl_p2023a_2020,
NSR-GRID-357,496.5293245818338,9196.501960784315,3011.0,0.0,0.0,ghsl_p2023a_2020,
NSR-GRID-358,2231.0099491955975,41330.55294117647,4847.0,188.1210838272651,3485.035294117647,ghsl_p2023a_2020,
NSR-GRID-359,3382.8340038111373,62655.39215686275,7253.0,260.6042769426212,4826.799999999999,ghsl_p2023a_2020,
NSR-GRID-360,313.9443268416597,5815.972549019608,3968.0,0.0,0.0,ghsl_p2023a_2020,
NSR-GRID-361,227.4749100148212,4213.192156862746,1347.0,0.0,0.0,ghsl_p2023a_2020,
NSR-GRID-362,453.0640316205534,2247.552941176471,1232.0,0.0,0.0,ghsl_p2023a_2020,
NSR-GRID-363,1788.9072345390898,24048.525490196076,5098.0,0.0,0.0,ghsl_p2023a_2020,
NSR-GRID-364,3125.1931794111415,57858.96862745098,5356.0,0.0,0.0,ghsl_p2023a_2020,
NSR-GRID-365,1371.7904661016946,25391.572549019606,3890.0,0.0,0.0,ghsl_p2023a_2020,
NSR-GRID-366,61.8595041322314,1144.764705882353,1780.0,0.2776011866920957,5.137254901960784,ghsl_p2023a_2020,
NSR-GRID-367,824.7522236340532,15272.470588235294,3845.0,10.320203303684876,191.10588235294117,ghsl_p2023a_2020,
NSR-GRID-368,353.64146548072847,6548.607843137255,2739.0,0.0,0.0,ghsl_p2023a_2020,
NSR-GRID-369,15.672453948761381,290.27843137254905,312.0,0.0,0.0,ghsl_p2023a_2020,
NSR-GRID-370,36.98262711864406,684.5411764705882,569.0,0.0,0.0,ghsl_p2023a_2020,
NSR-GRID-371,48.557390936044044,899.1686274509804,569.0,0.0,0.0,ghsl_p2023a_2020,
NSR-GRID-372,679.389194915254,12575.360784313723,3702.0,0.0,0.0,ghsl_p2023a_2020,
NSR-GRID-373,899.3983894892984,16644.160784313724,4551.0,0.0,0.0,ghsl_p2023a_2020,
NSR-GRID-374,135.90591226954865,2515.0588235294117,1377.0,0.0,0.0,ghsl_p2023a_2020,
NSR-GRID-375,0.27636594663278263,5.117647058823529,87.0,0.0,0.0,ghsl_p2023a_2020,
NSR-GRID-376,1308.7562814070352,2042.6862745098038,3571.0,0.0,0.0,ghsl_p2023a_2020,
NSR-GRID-377,1313.3030303030303,2549.3529411764707,2703.0,0.0,0.0,ghsl_p2023a_2020,
NSR-GRID-378,0.505971769815418,3.654901960784314,18.0,0.0,0.0,ghsl_p2023a_2020,
NSR-GRID-379,817.8877005347593,1799.3529411764707,1334.0,0.0,0.0,ghsl_p2023a_2020,
NSR-GRID-380,3.6543072205185383,51.403921568627446,301.0,0.0,0.0,ghsl_p2023a_2020,
NSR-GRID-381,0.0,0.0,0.0,0.0,0.0,ghsl_p2023a_2020,
NSR-GRID-382,0.004668741662961316,0.08235294117647059,3.0,0.0,0.0,ghsl_p2023a_2020,
NSR-GRID-383,382.4624238320921,6645.84705882353,1702.0,0.0,0.0,ghsl_p2023a_2020,
NSR-GRID-384,47.549917491749184,904.0078431372548,1334.0,0.0,0.0,ghsl_p2023a_2020,
NSR-GRID-385,0.04265402843601897,0.8117647058823529,23.0,0.0,0.0,ghsl_p2023a_2020,
NSR-GRID-386,0.2822414503502267,5.372549019607843,23.0,0.0,0.0,ghsl_p2023a_2020,
NSR-GRID-387,0.0,0.0,0.0,0.0,0.0,ghsl_p2023a_2020,
NSR-GRID-388,25.85366859027206,491.9294117647059,512.0,0.0,0.0,ghsl_p2023a_2020,
NSR-GRID-389,515.853668590272,9815.38039215686,3954.0,0.0,0.0,ghsl_p2023a_2020,
NSR-GRID-390,2.385852090032155,2.9098039215686278,7.0,0.0,0.0,ghsl_p2023a_2020,
NSR-GRID-391,12.937317784256559,69.6078431372549,141.0,0.0,0.0,ghsl_p2023a_2020,
NSR-GRID-392,28.581032412965197,373.4588235294118,1197.0,0.0,0.0,ghsl_p2023a_2020,
NSR-GRID-393,0.0,0.0,0.0,0.0,0.0,ghsl_p2023a_2020,
NSR-GRID-394,0.0,0.0,0.0,0.0,0.0,ghsl_p2023a_2020,
NSR-GRID-395,0.0,0.0,0.0,0.0,0.0,ghsl_p2023a_2020,
NSR-GRID-396,0.0,0.0,0.0,0.0,0.0,ghsl_p2023a_2020,
NSR-GRID-397,0.0,0.0,0.0,0.0,0.0,ghsl_p2023a_2020,
NSR-GRID-398,0.004160887656033287,0.03529411764705882,3.0,0.0,0.0,ghsl_p2023a_2020,
NSR-GRID-399,145.77722772277227,346.435294117647,773.0,0.0,0.0,ghsl_p2023a_2020,
NSR-GRID-400,4.663783783783784,84.58823529411765,135.0,0.0,0.0,ghsl_p2023a_2020,
NSR-GRID-401,0.0,0.0,0.0,0.0,0.0,ghsl_p2023a_2020,
NSR-GRID-402,0.0,0.0,0.0,0.0,0.0,ghsl_p2023a_2020,
NSR-GRID-403,0.0,0.0,0.0,0.0,0.0,ghsl_p2023a_2020,
NSR-GRID-404,0.0,0.0,0.0,0.0,0.0,ghsl_p2023a_2020,
NSR-GRID-405,0.0,0.0,0.0,0.0,0.0,ghsl_p2023a_2020,
NSR-GRID-406,272.1961678832117,1169.9098039215685,1554.0,0.0,0.0,ghsl_p2023a_2020,
NSR-GRID-407,221.85050609914353,3352.117647058824,2350.0,0.0,0.0,ghsl_p2023a_2020,
NSR-GRID-408,0.0,0.0,0.0,0.0,0.0,ghsl_p2023a_2020,
NSR-GRID-409,0.0,0.0,0.0,0.0,0.0,ghsl_p2023a_2020,
NSR-GRID-410,7.772130453197799,143.921568627451,856.0,0.0,0.0,ghsl_p2023a_2020,
NSR-GRID-411,0.0,0.0,0.0,0.0,0.0,ghsl_p2023a_2020,
NSR-GRID-412,633.0,27.305882352941175,633.0,0.0,0.0,ghsl_p2023a_2020,
NSR-GRID-413,649.7540716612377,3129.011764705882,1664.0,0.0,0.0,ghsl_p2023a_2020,
NSR-GRID-414,350.2836185819071,4494.619607843137,1645.0,0.0,0.0,ghsl_p2023a_2020,
NSR-GRID-415,0.0,0.0,0.0,0.0,0.0,ghsl_p2023a_2020,
NSR-GRID-416,2.4789076376554187,43.7843137254902,191.0,0.0,0.0,ghsl_p2023a_2020,
