zone_code,elevation_mean,elevation_min,elevation_max,elevation_std,slope_mean,slope_min,slope_max,elevation_source,elevation_warning,low_elevation_score,low_slope_score
NSR-GRID-001,72.64079210914176,57.0,84.0,5.061942699091779,5.994002613861012,0.9274099469184875,14.843045234680176,srtm_earth_engine,,0.8659807873128332,0.562558674533516
NSR-GRID-002,79.21488701816571,64.0,90.0,5.548124261900136,7.127927557404519,0.9274099469184875,18.304479598999023,srtm_earth_engine,,0.8345233043348896,0.4501194338280651
NSR-GRID-003,54.376723929349154,44.0,59.0,3.412395704551927,5.901407614880314,2.3345067501068115,12.76917839050293,srtm_earth_engine,,0.9533755727281121,0.5717403328414958
NSR-GRID-004,58.80803620708687,52.0,70.0,4.223742416388545,4.872579186039527,0.0,10.631880760192871,srtm_earth_engine,,0.9321714476772947,0.6737582732825438
NSR-GRID-005,46.63636363636364,46.0,47.0,0.5,4.804499192671343,1.8543341159820557,6.490307807922363,srtm_earth_engine,,0.990413713419618,0.6805090399934599
NSR-GRID-006,56.42074165959391,45.0,68.0,4.815706656989687,4.662196512440635,0.0,21.447528839111328,srtm_earth_engine,,0.9435948114452886,0.6946196788030183
NSR-GRID-007,59.12139256407327,53.0,72.0,3.424290441869212,4.270243845313732,0.0,15.098612785339355,srtm_earth_engine,,0.9306720165917471,0.7334854437155567
NSR-GRID-008,68.19219346627065,59.0,89.0,5.776508941874457,7.524644331783292,0.0,23.608686447143555,srtm_earth_engine,,0.8872676287747246,0.4107812632196385
NSR-GRID-009,82.12943218853887,62.0,123.0,8.987752678881128,9.31520645624471,0.9274099469184875,36.633487701416016,srtm_earth_engine,,0.8205770111410371,0.23323031784469328
NSR-GRID-010,44.90100909607732,31.0,53.0,4.4860947838562675,5.433560588058759,0.9274099469184875,19.328519821166992,srtm_earth_engine,,0.9987175007344044,0.6181317318151618
NSR-GRID-011,81.21651354808695,68.0,103.0,5.627920982961507,7.366792462096407,0.9274099469184875,34.33021545410156,srtm_earth_engine,,0.8249453877753391,0.42643374927931055
NSR-GRID-012,81.15300353356889,73.0,89.0,3.286387793387496,4.472092664826253,0.0,20.44487190246582,srtm_earth_engine,,0.8252492874342698,0.7134702494714338
NSR-GRID-013,86.1729712253475,80.0,94.0,3.250512203237085,4.437477949515074,0.9274099469184875,10.435257911682129,srtm_earth_engine,,0.8012284069329573,0.7169026215424297
NSR-GRID-014,145.73720608575374,140.0,157.0,3.681477518398462,4.768780884971097,0.0,17.641950607299805,srtm_earth_engine,,0.5162095670553242,0.6840508435493009
NSR-GRID-015,139.9039230823215,136.0,145.0,2.368054424169813,2.94693169255651,0.0,8.311233520507812,srtm_earth_engine,,0.5441222156138527,0.8647041937038437
NSR-GRID-016,44.63298791018997,33.0,56.0,5.60257877132388,7.185755470805148,2.1426913738250732,22.755245208740234,srtm_earth_engine,,1.0,0.44438525652526384
NSR-GRID-017,135.98742076069723,128.0,141.0,3.4696248788886175,4.600466301313431,0.9274099469184875,13.665555000305176,srtm_earth_engine,,0.562862940659738,0.7007408053442863
NSR-GRID-018,149.5374622752921,140.0,156.0,4.632065864801872,4.169219186035081,0.9274099469184875,9.076276779174805,srtm_earth_engine,,0.49802508751120744,0.7435029815133595
NSR-GRID-019,91.81917489831497,87.0,99.0,2.321324181014011,3.0445955782418754,0.9274099469184875,6.66301965713501,srtm_earth_engine,,0.7742109454587439,0.8550199079728233
NSR-GRID-020,127.13578928635,122.0,131.0,2.531655622386973,3.3597317395377475,0.9274099469184875,9.600205421447754,srtm_earth_engine,,0.6052185881343571,0.8237712165169246
NSR-GRID-021,94.67315436241608,93.0,96.0,0.8764508485731486,1.5825033261471946,0.0,3.7070302963256836,srtm_earth_engine,,0.7605544632123247,1.0
NSR-GRID-022,127.5322175732218,125.0,130.0,1.6874967938826824,3.343160492805258,1.071717381477356,4.897557258605957,srtm_earth_engine,,0.6033216523190364,0.8254144102845131
NSR-GRID-023,149.56,149.0,151.0,1.0,2.9066273117065426,2.3344295024871826,4.377993106842041,srtm_earth_engine,,0.4979172429940274,0.8687007492128105
NSR-GRID-024,54.73643512023234,46.0,77.0,6.05951846769664,5.82237012742348,0.0,23.28973388671875,srtm_earth_engine,,0.9516543306680605,0.579577637354034
NSR-GRID-025,57.0630976079366,44.0,75.0,4.945753745359682,5.263891018261135,0.0,23.85716438293457,srtm_earth_engine,,0.9405210953535063,0.6349560531315694
NSR-GRID-026,64.10467771398751,55.0,84.0,3.985757033626539,5.262632443830136,0.0,23.85716438293457,srtm_earth_engine,,0.9068266645019125,0.6350808525322692
NSR-GRID-027,67.59576168879904,59.0,85.0,5.321339394292172,5.075151479412649,0.0,23.584991455078125,srtm_earth_engine,,0.8901215946433286,0.6536713398531957
NSR-GRID-028,82.94008419541177,72.0,109.0,7.1539076777470845,8.300377388287865,0.0,33.07526779174805,srtm_earth_engine,,0.8166979871749798,0.33386009100261127
NSR-GRID-029,83.85653705636742,73.0,98.0,5.540442342055068,6.556711088080495,0.0,20.720638275146484,srtm_earth_engine,,0.8123126990596489,0.5067608777392754
NSR-GRID-030,89.17781983098968,73.0,107.0,6.239351422450891,5.9248855498518616,0.0,23.793231964111328,srtm_earth_engine,,0.7868500057733487,0.5694122764771272
NSR-GRID-031,91.1561204842868,71.0,104.0,5.460791784492493,6.77492849813703,0.9274099469184875,25.62436866760254,srtm_earth_engine,,0.7773837050905087,0.4851225849799755
NSR-GRID-032,92.98708246346555,85.0,100.0,3.1458705227069745,3.5386888599937047,0.0,11.929497718811035,srtm_earth_engine,,0.7686224297985722,0.8060259478750502
NSR-GRID-033,131.00758415970773,117.0,140.0,4.7945983960406595,4.049539985441426,0.0,13.141670227050781,srtm_earth_engine,,0.586691791212768,0.7553702911793185
NSR-GRID-034,138.16932036934327,125.0,151.0,4.636683515100643,3.5704885982639443,0.0,13.665555000305176,srtm_earth_engine,,0.5524224053847833,0.8028727070489297
NSR-GRID-035,144.4608882942272,136.0,151.0,3.2734623192510166,3.4329111530155805,0.0,11.662607192993164,srtm_earth_engine,,0.5223168328853749,0.8165147947109057
NSR-GRID-036,148.57760307933194,137.0,157.0,3.8439855006265766,4.1526325813461575,0.0,10.932016372680664,srtm_earth_engine,,0.5026180778370231,0.7451476981656592
NSR-GRID-037,154.23142680022207,141.0,165.0,4.1593252196212545,3.537263895521012,0.0,15.40377426147461,srtm_earth_engine,,0.4755641539248413,0.8061672464012481
NSR-GRID-038,128.23993497964005,120.0,138.0,3.135969909012439,3.248239713518514,0.0,11.197227478027344,srtm_earth_engine,,0.599935177287312,0.8348266914155893
NSR-GRID-039,97.21660619778322,88.0,106.0,3.336755785375398,3.5338757979613127,0.0,9.599995613098145,srtm_earth_engine,,0.7483838763979398,0.8065032078943062
NSR-GRID-040,123.74653158563547,116.0,132.0,3.515606730162036,3.840029271192181,0.0,10.634270668029785,srtm_earth_engine,,0.6214364124742131,0.7761452337925621
NSR-GRID-041,52.45725853849669,40.0,74.0,6.169777191938948,6.575945836628302,0.0,23.28973388671875,srtm_earth_engine,,0.9625603427527448,0.504853572909101
NSR-GRID-042,157.71091707913902,142.0,170.0,4.8253016445252035,4.5918687695285,0.0,19.863492965698242,srtm_earth_engine,,0.458914560675023,0.7015933308587332
NSR-GRID-043,101.21385979665153,94.0,109.0,2.8478673729678246,3.867376844601231,0.0,9.93859577178955,srtm_earth_engine,,0.72925675110008,0.7734334666630367
NSR-GRID-044,120.15215591991162,110.0,128.0,3.9847074570811993,3.098189946883637,0.0,11.79704475402832,srtm_earth_engine,,0.6386357399688065,0.8497055261431616
NSR-GRID-045,175.1356917455572,168.0,182.0,3.689142235207213,3.7425135048179006,0.0,10.93868350982666,srtm_earth_engine,,0.3755358507463078,0.7858148321115389
NSR-GRID-046,107.52744709730534,98.0,120.0,3.4308735299249604,3.6970982841951883,0.0,13.423230171203613,srtm_earth_engine,,0.6990458144177611,0.7903181750817806
NSR-GRID-047,164.36545217304015,155.0,172.0,2.8982660189690757,2.826420348633798,0.0,8.506409645080566,srtm_earth_engine,,0.4270721660428466,0.8766540181470021
NSR-GRID-048,117.1848114846224,106.0,124.0,3.9891016656341995,3.9124291986775144,0.0,11.372509956359863,srtm_earth_engine,,0.6528346811697733,0.7689661052973891
NSR-GRID-049,170.70776360349348,164.0,184.0,3.816448319809634,3.623902140508936,0.0,12.9685640335083,srtm_earth_engine,,0.3967237824820252,0.7975762558441017
NSR-GRID-050,113.23877186531493,108.0,123.0,3.1909294580486356,3.078689933233342,0.0,7.950523376464844,srtm_earth_engine,,0.6717167441567655,0.8516391344838807
NSR-GRID-051,181.219905155642,175.0,189.0,2.7561913774429576,4.186452960849157,0.0,12.651566505432129,srtm_earth_engine,,0.3464224834416768,0.7417940919033224
NSR-GRID-052,58.373669166079786,47.0,74.0,5.402797353900961,7.271142352473799,0.9274099469184875,24.002685546875,srtm_earth_engine,,0.9342499229636652,0.43591835031979076
NSR-GRID-053,178.5236802711018,168.0,189.0,4.890382409494084,4.235106712689645,0.0,12.9685640335083,srtm_earth_engine,,0.35932409949436084,0.7369696183386785
NSR-GRID-054,61.55752226826324,49.0,77.0,4.813637231352363,5.934802003030523,0.0,24.002685546875,srtm_earth_engine,,0.9190149733390819,0.568428967597427
NSR-GRID-055,65.89667776254812,53.0,106.0,7.098132687849754,8.832181344334337,0.9274099469184875,36.67974090576172,srtm_earth_engine,,0.8982518246487958,0.2811267656070525
NSR-GRID-056,65.43973447286011,54.0,84.0,4.813418327876287,5.641054996485684,0.0,22.300100326538086,srtm_earth_engine,,0.900438328792129,0.5975567247417284
NSR-GRID-057,70.80801983751509,63.0,85.0,3.9101354133350923,4.511613230744507,0.0,19.558635711669922,srtm_earth_engine,,0.8747507249749749,0.7095514165280364
NSR-GRID-058,81.80011095881467,69.0,96.0,5.061674744121532,6.181695803876379,0.0,21.33246612548828,srtm_earth_engine,,0.8221528352083326,0.5439471430639271
NSR-GRID-059,87.41680258350722,67.0,113.0,8.271008920300362,7.993870894434332,0.0,25.765460968017578,srtm_earth_engine,,0.7952765908551223,0.36425307039371946
NSR-GRID-060,94.19941923064371,67.0,108.0,6.925526314848172,6.30996081437807,0.0,19.837017059326172,srtm_earth_engine,,0.7628213174409314,0.5312284702170118
NSR-GRID-061,101.01958096729975,82.0,123.0,6.803510888994495,6.341916801909671,0.0,16.74303436279297,srtm_earth_engine,,0.7301863882671553,0.5280597358184036
NSR-GRID-062,99.34288556889351,88.0,115.0,4.581795478342876,5.377619796073825,0.0,16.682260513305664,srtm_earth_engine,,0.7382094876723921,0.6236787834177058
NSR-GRID-063,103.97424059512542,96.0,121.0,4.520815998857323,3.9932370915950117,0.0,13.687142372131348,srtm_earth_engine,,0.716048144716646,0.7609532485608073
NSR-GRID-064,110.62200574375034,98.0,126.0,5.368346396821428,5.623998552305984,0.0,16.37575912475586,srtm_earth_engine,,0.684238144724528,0.5992480303643979
NSR-GRID-065,116.47473577766168,101.0,136.0,6.503359525745703,4.781307133695296,0.0,17.340883255004883,srtm_earth_engine,,0.6562324408270163,0.6828087490848868
NSR-GRID-066,117.42789324284637,107.0,133.0,4.904051416248616,5.552386532517613,0.0,17.340883255004883,srtm_earth_engine,,0.6516715187303198,0.6063490304581305
NSR-GRID-067,119.85157626786756,112.0,126.0,2.6707122632465587,2.9807914232682116,0.0,8.28909969329834,srtm_earth_engine,,0.6400740336683259,0.861346685401912
NSR-GRID-068,128.35061651878905,118.0,137.0,4.23490953880988,3.5959333172631816,0.0,9.728156089782715,srtm_earth_engine,,0.5994055587341979,0.8003496256928593
NSR-GRID-069,131.8598159809455,121.0,151.0,4.667901415683687,3.8801773226213694,0.0,26.664960861206055,srtm_earth_engine,,0.5826138050594118,0.7721641798046373
NSR-GRID-070,136.99319561386332,122.0,168.0,9.623456666389428,6.663556584920474,0.0,31.70871353149414,srtm_earth_engine,,0.5580502408492003,0.4961661495732811
NSR-GRID-071,139.49169819937345,127.0,156.0,6.3445433585247,4.06056318842438,0.0,16.18389129638672,srtm_earth_engine,,0.546094739195863,0.7542772377275864
NSR-GRID-072,144.02081633984793,135.0,159.0,5.138981558849087,4.046798207895289,0.0,12.551572799682617,srtm_earth_engine,,0.5244226065630495,0.755642164011137
NSR-GRID-073,148.847888519026,135.0,159.0,4.25244885648339,3.903298661607836,0.0,13.993999481201172,srtm_earth_engine,,0.5013247439658173,0.7698714832601838
NSR-GRID-074,156.93270485386208,146.0,165.0,3.7384698750853422,3.8466733442152785,0.0,10.631232261657715,srtm_earth_engine,,0.4626383581207024,0.775486411945347
NSR-GRID-075,164.15728082482295,151.0,182.0,4.892591519296394,5.764421947656078,0.0,20.515533447265625,srtm_earth_engine,,0.42806827984005535,0.5853237401895076
NSR-GRID-076,168.62417596762603,152.0,183.0,5.245915334869407,5.220979061053803,0.0,17.827457427978516,srtm_earth_engine,,0.4066938884046495,0.6392111741720319
NSR-GRID-077,173.19451330897684,164.0,186.0,3.914748972229322,3.9744740673613013,0.0,10.938261985778809,srtm_earth_engine,,0.38482451914415183,0.7628137775227891
NSR-GRID-078,65.04405286343612,61.0,66.0,2.160246899469287,7.085983704890449,5.651029109954834,12.551495552062988,srtm_earth_engine,,0.9023316917060192,0.4542785582531841
NSR-GRID-079,183.46662584200868,177.0,189.0,2.0972395087067697,2.494697293007731,0.0,7.3788604736328125,srtm_earth_engine,,0.33567177498285017,0.9095474549758357
NSR-GRID-080,67.64784753552301,55.0,79.0,4.937950208116625,6.362710003492559,0.0,21.132034301757812,srtm_earth_engine,,0.8898723603898862,0.5259978958252652
NSR-GRID-081,179.76774521707745,170.0,186.0,3.8724452703898358,3.21523923998967,0.0,8.873602867126465,srtm_earth_engine,,0.353371165683234,0.8380989963486726
NSR-GRID-082,69.989377671899,58.0,82.0,4.5190710044746805,6.173073213482186,0.0,23.278654098510742,srtm_earth_engine,,0.8786679823839827,0.5448021533733463
NSR-GRID-083,69.56686184006657,50.0,81.0,5.674931214619013,5.732444915113078,0.0,20.421241760253906,srtm_earth_engine,,0.8806897488433528,0.5884945613974022
NSR-GRID-084,75.78963424581558,64.0,104.0,7.019804436092736,6.70160328719083,0.9274099469184875,25.969411849975586,srtm_earth_engine,,0.8509133674952885,0.4923934639656634
NSR-GRID-085,87.57771758639828,74.0,114.0,6.721593685542547,7.074650521609914,0.0,23.292728424072266,srtm_earth_engine,,0.7945066018247855,0.45540234914436684
NSR-GRID-086,90.63567269583945,76.0,113.0,7.956249070354179,9.04056884062366,1.0716091394424438,30.10335350036621,srtm_earth_engine,,0.779874082499499,0.26046320053716354
NSR-GRID-087,95.67534014160341,80.0,125.0,6.117123865802841,5.778852597808113,0.0,24.19068717956543,srtm_earth_engine,,0.7557589373603556,0.5838928065503637
NSR-GRID-088,105.68819958881316,90.0,145.0,7.528572915957716,7.085997808042025,0.0,34.69793701171875,srtm_earth_engine,,0.7078467365205434,0.4542771597940851
NSR-GRID-089,109.83691876111105,94.0,142.0,5.996402868920385,4.7748036721778035,0.0,30.849365234375,srtm_earth_engine,,0.6879948383430945,0.6834536279890396
NSR-GRID-090,111.74922509706687,103.0,124.0,3.749304462245997,4.000065688457945,0.0,13.687142372131348,srtm_earth_engine,,0.6788443248740283,0.7602761294527713
NSR-GRID-091,115.57350781581448,102.0,127.0,4.850275401228637,4.314295565548455,0.0,11.519888877868652,srtm_earth_engine,,0.6605448767838108,0.7291173045338903
NSR-GRID-092,125.11883287394193,116.0,134.0,3.9084604453253204,4.137785013429771,0.0,15.017254829406738,srtm_earth_engine,,0.6148698592049175,0.7466199730920966
NSR-GRID-093,129.06034454631487,114.0,137.0,4.934378712509268,3.525199095689789,0.0,12.590147018432617,srtm_earth_engine,,0.5960094627462594,0.8073635839013712
NSR-GRID-094,127.40413797604683,116.0,139.0,5.802137631717486,3.3479010693550726,0.0,8.554098129272461,srtm_earth_engine,,0.6039345217411713,0.8249443378773381
NSR-GRID-095,127.97874838941178,121.0,137.0,3.6555540948124867,3.168124339546823,0.0,10.312313079833984,srtm_earth_engine,,0.6011849725564516,0.8427708784356401
NSR-GRID-096,133.0242585402461,121.0,143.0,3.6072724136274115,4.216816164905897,0.0,14.114166259765625,srtm_earth_engine,,0.5770418696835304,0.7387832968511774
NSR-GRID-097,144.48671801063864,124.0,168.0,7.621300739749494,6.290285522427064,0.0,27.728483200073242,srtm_earth_engine,,0.5221932359681443,0.5331794590370618
NSR-GRID-098,157.97953125764525,139.0,172.0,6.482797749942994,5.831393512117982,0.0,19.996753692626953,srtm_earth_engine,,0.45762922390016214,0.5786828845492562
NSR-GRID-099,159.93087865835764,140.0,174.0,7.769710101524307,5.391052686531998,0.9274099469184875,14.124866485595703,srtm_earth_engine,,0.4482918963301411,0.6223467869639753
NSR-GRID-100,154.26007571060285,135.0,167.0,5.960299612248141,7.396793875935323,0.0,24.521045684814453,srtm_earth_engine,,0.47542706697627857,0.42345882910373345
NSR-GRID-101,157.35555265604356,148.0,168.0,4.529223321773793,3.9068363497442835,0.0,10.992984771728516,srtm_earth_engine,,0.4606150031610522,0.769520688465361
NSR-GRID-102,164.45915038011046,158.0,175.0,3.5672723611695,2.8318370568256013,0.0,8.3106050491333,srtm_earth_engine,,0.42662381386741144,0.876116900977407
NSR-GRID-103,172.56970596873686,164.0,185.0,4.419344246212076,4.16037295788631,0.0,14.528285026550293,srtm_earth_engine,,0.3878142639747465,0.7443801675932835
NSR-GRID-104,174.22191541258223,169.0,182.0,2.8332728146529433,3.196994933390112,0.0,9.72195053100586,srtm_earth_engine,,0.37990833149658576,0.839908089616205
NSR-GRID-105,74.92656734156795,61.0,93.0,7.349314167347012,8.555473885484986,1.4170238971710205,19.63960838317871,srtm_earth_engine,,0.8550432002441173,0.3085648925727834
NSR-GRID-106,171.34807338520474,166.0,182.0,2.7721657611597474,2.995996448662264,0.0,10.633111953735352,srtm_earth_engine,,0.3936598574341613,0.8598389652305294
NSR-GRID-107,77.31667319365573,67.0,93.0,5.328345306338352,5.853492820700964,0.9274099469184875,24.189485549926758,srtm_earth_engine,,0.8436063841959751,0.5764915318575861
NSR-GRID-108,83.37540162771354,65.0,106.0,8.12363576515973,8.046837545911288,0.0,24.189485549926758,srtm_earth_engine,,0.8146149642028231,0.3590009325792287
NSR-GRID-109,87.93934549251202,72.0,106.0,6.736694562360935,7.476799515399147,0.0,26.983366012573242,srtm_earth_engine,,0.7927761881544098,0.4155255232842541
NSR-GRID-110,100.63639775471574,79.0,123.0,8.587906599475724,9.874730974353138,0.9274099469184875,30.285951614379883,srtm_earth_engine,,0.732019945517865,0.1777482400136915
NSR-GRID-111,98.9108508799112,85.0,122.0,7.440667850555072,8.29153463109845,0.0,26.717418670654297,srtm_earth_engine,,0.7402768024986333,0.3347369329045218
NSR-GRID-112,100.5897745440308,89.0,121.0,6.133708810907711,7.4359215110897265,0.9274099469184875,27.45798110961914,srtm_earth_engine,,0.7322430406932154,0.41957895891266705
NSR-GRID-113,110.07866653612687,95.0,137.0,6.054113001352565,7.773327771869685,0.0,28.060758590698242,srtm_earth_engine,,0.686838059102339,0.3861219792533178
NSR-GRID-114,117.33128374080528,103.0,141.0,5.7137592972660505,6.778115140919879,0.0,23.325204849243164,srtm_earth_engine,,0.6521338016465268,0.4848065996081543
NSR-GRID-115,118.52035955496102,109.0,141.0,4.416141161521882,4.1951207387170815,0.0,15.672101020812988,srtm_earth_engine,,0.6464439945018285,0.7409346008341627
NSR-GRID-116,120.18866261993341,103.0,131.0,6.141966728686252,4.505263464306386,0.0,17.826465606689453,srtm_earth_engine,,0.6384610529722832,0.7101810551306834
NSR-GRID-117,129.37200919870168,122.0,138.0,3.051948934867401,4.542274429360544,0.0,14.67303466796875,srtm_earth_engine,,0.5945181265801467,0.7065110725342507
NSR-GRID-118,134.3124734901628,116.0,149.0,6.581112457967363,6.27322178599383,0.0,23.229917526245117,srtm_earth_engine,,0.570877675156416,0.5348714877547254
NSR-GRID-119,144.12014555185684,131.0,154.0,5.4588462198291365,3.3451329797552996,0.0,8.704302787780762,srtm_earth_engine,,0.5239473096530985,0.8252188197948366
NSR-GRID-120,141.04614029651125,132.0,151.0,4.336438748147514,2.7847695501454592,0.0,8.28909969329834,srtm_earth_engine,,0.5386566299979275,0.8807840835304918
NSR-GRID-121,139.84147933048388,131.0,151.0,4.831177680211915,3.725584499126874,0.0,11.193961143493652,srtm_earth_engine,,0.5444210131346817,0.7874935010187145
NSR-GRID-122,141.19980745382153,129.0,153.0,4.862623695465828,5.007141325985331,0.0,12.467571258544922,srtm_earth_engine,,0.5379213223925077,0.6604151812821814
NSR-GRID-123,148.5904620553552,136.0,163.0,5.5389467226041225,4.925073836129463,0.0,15.8937406539917,srtm_earth_engine,,0.5025565467783809,0.6685529388106117
NSR-GRID-124,163.08161767104974,149.0,180.0,7.172357236873617,5.204040167223684,0.0,16.75283432006836,srtm_earth_engine,,0.4332153998342273,0.6408908235804813
NSR-GRID-125,164.73567325892574,151.0,178.0,4.593933619947104,4.507457693658099,0.0,13.145463943481445,srtm_earth_engine,,0.4253006334336451,0.7099634768124314
NSR-GRID-126,162.48130086604777,153.0,169.0,3.192760178991342,3.3516207761600656,0.0,8.704486846923828,srtm_earth_engine,,0.43608795581890003,0.8245754942328078
NSR-GRID-127,168.55866423048056,160.0,176.0,2.7669145220303104,3.540918747133491,0.0,11.519464492797852,srtm_earth_engine,,0.4070073664399727,0.8058048337543282
NSR-GRID-128,81.40626813697035,74.0,90.0,4.705619740571601,11.667282771732108,6.40317964553833,17.224306106567383,srtm_earth_engine,,0.8240373994009101,0.0
NSR-GRID-129,174.23532970356914,168.0,178.0,2.49462006159281,2.480544749111874,0.0,5.942025184631348,srtm_earth_engine,,0.379844143218774,0.9109508117842042
NSR-GRID-130,86.75024211968929,75.0,104.0,5.820289013084915,6.636465309977583,0.0,28.09063148498535,srtm_earth_engine,,0.7984661271691691,0.4988525023179363
NSR-GRID-131,171.2471117755066,163.0,180.0,3.3522610758991913,3.2949993677112013,0.0,9.255265235900879,srtm_earth_engine,,0.394142965476022,0.8301900353097229
NSR-GRID-132,90.71582346609263,77.0,109.0,5.219998217602386,6.609190149386892,0.0,27.087644577026367,srtm_earth_engine,,0.7794905557135611,0.5015570890407162
NSR-GRID-133,96.89384991843409,88.0,119.0,5.514327267457009,6.813499406717157,0.0,27.76831817626953,srtm_earth_engine,,0.7499282867394628,0.48129791942449696
NSR-GRID-134,102.23904317462399,86.0,120.0,5.442902275917187,7.405919904921746,0.0,26.10845375061035,srtm_earth_engine,,0.7243511802027734,0.42255389815946587
NSR-GRID-135,104.93174478911835,90.0,131.0,6.961724322057828,6.98596099665609,0.0,30.90110206604004,srtm_earth_engine,,0.7114664232324465,0.4641967432540617
NSR-GRID-136,104.907422512235,91.0,122.0,5.657770795142701,4.6345893651334595,0.0,14.8428955078125,srtm_earth_engine,,0.7115828069509098,0.6973571851070617
NSR-GRID-137,117.69232777469583,95.0,138.0,7.984526359133501,8.621721182166963,0.0,27.76349449157715,srtm_earth_engine,,0.6504061818437141,0.30199585484226754
NSR-GRID-138,127.85889030237796,111.0,156.0,9.064250984246856,10.866540891953985,0.9274099469184875,34.475101470947266,srtm_earth_engine,,0.6017585015037535,0.0794010304438224
NSR-GRID-139,124.3982055464928,104.0,145.0,6.090966798728289,5.097685034269227,0.0,23.98232650756836,srtm_earth_engine,,0.6183181090705461,0.6514369275908192
NSR-GRID-140,118.17434650654319,99.0,143.0,10.945383803768491,8.860149956584369,0.9274099469184875,27.412118911743164,srtm_earth_engine,,0.6480996900357963,0.2783534166804901
NSR-GRID-141,130.95668199758626,109.0,148.0,6.802220502731636,7.114762079233754,0.0,29.63686180114746,srtm_earth_engine,,0.5869353614563735,0.4514249138578271
NSR-GRID-142,143.7518597063623,119.0,159.0,7.603144429288556,5.86548384016432,0.0,26.087039947509766,srtm_earth_engine,,0.5257095820078466,0.5753025103695053
NSR-GRID-143,153.82831315471742,147.0,162.0,3.135549955809551,3.086776541306069,0.0,9.433171272277832,srtm_earth_engine,,0.47749307962748566,0.8508372718237839
NSR-GRID-144,153.74911113285717,145.0,165.0,4.353884370522508,3.0637137159419847,0.0,9.723861694335938,srtm_earth_engine,,0.4778720665890319,0.8531241661964893
NSR-GRID-145,152.70877650897236,140.0,167.0,4.883134941685436,3.5899373610665366,0.0,8.940003395080566,srtm_earth_engine,,0.48285013720941483,0.8009441807080679
NSR-GRID-146,146.7379499396274,136.0,163.0,6.015048572359676,5.310037919528938,0.9274099469184875,17.16588020324707,srtm_earth_engine,,0.5114209409122333,0.6303801571968293
NSR-GRID-147,149.92376944906553,141.0,160.0,4.491214885702779,5.11282944119902,0.0,14.527523040771484,srtm_earth_engine,,0.49617658189767366,0.6499352183059004
NSR-GRID-148,156.14313213703113,144.0,166.0,4.933145642075309,4.751354112172989,0.0,12.811162948608398,srtm_earth_engine,,0.4664165162768106,0.6857788707106423
NSR-GRID-149,163.8067095258298,152.0,175.0,3.5120818317442857,3.5159498387112817,0.0,14.14942741394043,srtm_earth_engine,,0.42974578690730114,0.8082807340511007
NSR-GRID-150,167.83423035522077,162.0,177.0,3.1508382412385845,3.180005610814496,0.0,9.301168441772461,srtm_earth_engine,,0.41047383089097256,0.8415927395054056
NSR-GRID-151,174.199522102748,163.0,183.0,4.224446146885508,4.475026716218913,0.0,12.335153579711914,srtm_earth_engine,,0.3800154849789553,0.713179310893303
NSR-GRID-152,99.0926310326933,81.0,123.0,8.179963875169726,7.201575180504799,0.9274099469184875,18.598371505737305,srtm_earth_engine,,0.7394069723332638,0.4428165846683324
NSR-GRID-153,100.98565116013631,87.0,117.0,6.9565687317670974,5.3375155980506666,0.0,16.374773025512695,srtm_earth_engine,,0.7303487446593369,0.6276554889311531
NSR-GRID-154,102.68374785941457,85.0,124.0,7.150350840817242,6.604670444516101,0.0,24.729320526123047,srtm_earth_engine,,0.7222232386008338,0.5020052599595923
NSR-GRID-155,108.37328309027443,96.0,128.0,6.382456235608021,7.358725746610747,0.9274099469184875,23.407896041870117,srtm_earth_engine,,0.694998432729609,0.4272336394037487
NSR-GRID-156,112.79398000945716,100.0,128.0,5.19853585988457,6.581943845951634,0.0,24.22989273071289,srtm_earth_engine,,0.6738451028780805,0.5042588143072202
NSR-GRID-157,117.91018510967959,97.0,136.0,6.43242386799557,6.726489465006089,0.9274099469184875,20.773569107055664,srtm_earth_engine,,0.649363719953262,0.48992576718066794
NSR-GRID-158,127.85202766630785,107.0,145.0,5.913069386939312,6.464218495549483,0.0,18.625764846801758,srtm_earth_engine,,0.6017913396754482,0.5159323814920426
NSR-GRID-159,131.41027898710232,115.0,158.0,7.753640362414626,8.845020663973639,0.0,30.726728439331055,srtm_earth_engine,,0.5847648695827377,0.2798536272396168
NSR-GRID-160,136.65365734322765,119.0,150.0,6.644948162086593,4.616623844619603,0.0,12.171428680419922,srtm_earth_engine,,0.5596749541392718,0.6991386341323769
NSR-GRID-161,144.44670646960955,126.0,159.0,7.408945210743762,5.4743525624481375,0.0,18.12849235534668,srtm_earth_engine,,0.5223846938628448,0.6140868268562103
NSR-GRID-162,147.60656459423762,123.0,160.0,9.432566880475033,5.975855670491894,0.0,22.292327880859375,srtm_earth_engine,,0.5072645618075925,0.564358113328091
NSR-GRID-163,152.7246187719157,132.0,162.0,5.415089672306487,4.586484586613163,0.0,15.764548301696777,srtm_earth_engine,,0.482774330923718,0.7021272228436188
NSR-GRID-164,159.0465074548955,152.0,169.0,3.526285773731772,4.5001040915692885,0.0,15.395956993103027,srtm_earth_engine,,0.4525236715728299,0.7106926550883161
NSR-GRID-165,164.93200606564594,157.0,178.0,5.451002962289209,4.3518916065810815,0.0,14.123196601867676,srtm_earth_engine,,0.4243611678477536,0.7253893061938685
NSR-GRID-166,162.23221071515948,147.0,169.0,4.1423968065788985,3.877428245870092,0.0,19.326011657714844,srtm_earth_engine,,0.43727986881832837,0.7724367764207666
NSR-GRID-167,160.29062673322244,141.0,172.0,5.886630128190206,5.605875237925923,0.0,19.326011657714844,srtm_earth_engine,,0.44657047777777537,0.6010451261241863
NSR-GRID-168,159.3697272089875,145.0,185.0,7.2590173807019225,6.400231038536255,0.0,26.937883377075195,srtm_earth_engine,,0.45097704347372414,0.5222773350290524
NSR-GRID-169,160.5539916822964,150.0,185.0,4.913121760357586,5.242151295114169,0.0,26.937883377075195,srtm_earth_engine,,0.44531025891614784,0.6371117495713645
NSR-GRID-170,164.9130370950378,154.0,183.0,4.356815136591329,4.657956228296559,0.0,26.830848693847656,srtm_earth_engine,,0.4244519356383426,0.6950401425490977
NSR-GRID-171,172.1159321038986,164.0,186.0,4.1072586041129115,4.0250633995752905,0.0,11.764358520507812,srtm_earth_engine,,0.3899856022086061,0.7577973730999699
NSR-GRID-172,173.63902439024386,171.0,177.0,1.5239140558404927,2.5128502513335005,0.0,6.989464282989502,srtm_earth_engine,,0.38269750394799595,0.9077474197421731
NSR-GRID-173,172.155028691067,164.0,186.0,4.622642362694821,4.269172962967575,0.0,16.18335723876953,srtm_earth_engine,,0.38979852242920443,0.7335916316943751
NSR-GRID-174,105.68237447100535,96.0,116.0,4.745950860409045,6.5315209336820566,0.9274099469184875,14.911871910095215,srtm_earth_engine,,0.7078746100980959,0.5092587166394078
NSR-GRID-175,116.60739285076254,103.0,125.0,4.845949453197091,4.3537265923464545,0.0,13.803080558776855,srtm_earth_engine,,0.6555976678770173,0.7252073502299058
NSR-GRID-176,120.37006101340991,103.0,142.0,6.011826652768049,5.372827036215892,0.0,19.651220321655273,srtm_earth_engine,,0.6375930495506745,0.6241540302868904
NSR-GRID-177,116.44475809741365,107.0,136.0,5.052153731850066,5.228720882793439,0.0,19.097671508789062,srtm_earth_engine,,0.6563758860280926,0.6384435002946398
NSR-GRID-178,119.25327005251643,106.0,140.0,6.9638991235844525,6.571685585810535,0.0,23.638721466064453,srtm_earth_engine,,0.6429369688473072,0.5052760165372194
NSR-GRID-179,122.54744037325847,107.0,135.0,5.790682995002499,6.344782863483096,0.9274099469184875,17.976327896118164,srtm_earth_engine,,0.6271741439679543,0.5277755390653771
NSR-GRID-180,132.08494737700897,112.0,159.0,7.690287152834773,8.720037680812306,0.0,30.40959358215332,srtm_earth_engine,,0.5815365363011306,0.29224685644564075
NSR-GRID-181,141.58461362820876,121.0,163.0,6.577587081643906,7.959748350877314,0.0,28.212709426879883,srtm_earth_engine,,0.5360799991612326,0.36763663904201116
NSR-GRID-182,138.93169434565561,132.0,146.0,2.6344901203922637,2.987868154171245,0.0,7.206482887268066,srtm_earth_engine,,0.5487743950176447,0.8606449614880458
NSR-GRID-183,148.54962878355218,139.0,163.0,4.746586198128503,4.434115621534363,0.0,18.408283233642578,srtm_earth_engine,,0.5027519367096875,0.7172360277412317
NSR-GRID-184,156.56385164888914,146.0,168.0,4.456863547085017,3.3650937348669303,0.0,10.579301834106445,srtm_earth_engine,,0.4644033453284272,0.8232395246382758
NSR-GRID-185,160.82740056771837,147.0,181.0,5.6222976619198235,4.484686713918176,0.0,16.52733612060547,srtm_earth_engine,,0.4440019791486358,0.7122214319678009
NSR-GRID-186,167.3336705556008,157.0,185.0,5.430181457347648,5.95426174707627,0.0,23.509050369262695,srtm_earth_engine,,0.4128690429458477,0.5664993523638221
NSR-GRID-187,174.06861401963644,164.0,182.0,4.150004168922789,3.8870773794024402,0.0,10.312250137329102,srtm_earth_engine,,0.38064188889510575,0.7714799747788058
NSR-GRID-188,170.9242389637508,161.0,182.0,5.406479692544473,3.606092517729074,0.0,9.255254745483398,srtm_earth_engine,,0.39568793343288966,0.7993422461541486
NSR-GRID-189,170.86698213265882,164.0,183.0,4.1161521270882755,3.0440220463438314,0.0,12.589947700500488,srtm_earth_engine,,0.3959619111917101,0.8550767790131013
NSR-GRID-190,167.5027563036173,158.0,181.0,4.103916181853921,3.568330949448274,0.0,14.148640632629395,srtm_earth_engine,,0.41205995635466686,0.8030866580656388
NSR-GRID-191,168.76751280629054,158.0,181.0,5.554218589126837,3.667295679398984,0.0,11.371925354003906,srtm_earth_engine,,0.40600801206352577,0.7932733814853526
NSR-GRID-192,167.99898833319736,159.0,176.0,3.6493435482745844,3.643484126570328,0.0,9.821579933166504,srtm_earth_engine,,0.4096854529683227,0.7956345191738006
NSR-GRID-193,104.84486373165619,101.0,106.0,1.6903085094570331,4.860075282350776,1.4169080257415771,8.939377784729004,srtm_earth_engine,,0.7118821548919438,0.6749981520281545
NSR-GRID-194,175.728858690662,173.0,180.0,1.2256558011355156,2.2176944327829466,0.0,6.80482292175293,srtm_earth_engine,,0.37269750731851514,0.9370148737448257
NSR-GRID-195,115.39939785123624,101.0,137.0,6.3022186671170575,6.472125782379921,0.9274099469184875,22.041973114013672,srtm_earth_engine,,0.6613780045866193,0.5151483002066656
NSR-GRID-196,176.26062771803234,170.0,185.0,2.7389824643965732,2.371211269331192,0.0,5.6513590812683105,srtm_earth_engine,,0.37015295702555573,0.9217922466783057
NSR-GRID-197,126.27407649025541,113.0,146.0,4.76976071558645,6.298367474937118,0.0,24.17238998413086,srtm_earth_engine,,0.6093419413852834,0.5323780580194528
NSR-GRID-198,129.67950474699037,117.0,145.0,4.873433764087682,5.293102981408254,0.0,18.388444900512695,srtm_earth_engine,,0.5930467398554422,0.6320594143597708
NSR-GRID-199,130.5755352280325,114.0,149.0,7.712207153418448,8.153489854111514,0.0,23.785219192504883,srtm_earth_engine,,0.5887591741912457,0.34842536086983267
NSR-GRID-200,131.83589659952713,114.0,161.0,6.668686936686479,7.389621924473283,0.0,28.170679092407227,srtm_earth_engine,,0.5827282608961808,0.42416999502468766
NSR-GRID-201,135.1820005872566,120.0,160.0,6.468199088718731,7.315412741129034,0.0,24.455957412719727,srtm_earth_engine,,0.5667169299535832,0.4315285281234693
NSR-GRID-202,141.44851538423922,123.0,154.0,4.8152232005752875,6.119151661295305,0.0,17.165327072143555,srtm_earth_engine,,0.5367312383435454,0.5501489785050042
NSR-GRID-203,140.4073717687354,131.0,151.0,3.527403985251758,3.4649735450841876,0.0,11.1947660446167,srtm_earth_engine,,0.5417131800428276,0.8133355093094146
NSR-GRID-204,149.4874392352616,140.0,157.0,3.373754914368101,3.1020156648296275,0.0,7.381560325622559,srtm_earth_engine,,0.49826445109692397,0.849326170504634
NSR-GRID-205,161.6858093234849,149.0,174.0,5.702052484631001,5.216501034796606,0.0,13.775063514709473,srtm_earth_engine,,0.4398944359512328,0.6396552122673973
NSR-GRID-206,172.74942509989418,163.0,186.0,3.6247813424426467,3.896577000864899,0.0,17.71697425842285,srtm_earth_engine,,0.3869542959354302,0.770537998653922
NSR-GRID-207,180.23022087370737,168.0,197.0,5.06453415161171,4.9933966605681865,0.0,17.361486434936523,srtm_earth_engine,,0.35115818879478367,0.6617780931327883
NSR-GRID-208,183.182213960769,172.0,195.0,4.641842029202124,3.08826927265379,0.0,7.678477764129639,srtm_earth_engine,,0.33703270481982917,0.8506892535794806
NSR-GRID-209,183.13639403082468,174.0,195.0,5.141654577758459,3.988433667186,0.0,12.643974304199219,srtm_earth_engine,,0.3372519562432146,0.7614295529197602
NSR-GRID-210,181.54503931356248,169.0,194.0,4.550198596790729,3.2342842935948006,0.0,11.518166542053223,srtm_earth_engine,,0.34486669479246035,0.8362105015424258
NSR-GRID-211,176.41093120709616,165.0,189.0,5.255566244229113,3.9863086204259885,0.0,14.148640632629395,srtm_earth_engine,,0.369433744797229,0.7616402711383864
NSR-GRID-212,177.1806572616816,169.0,184.0,2.9806417036782853,3.1744267951136655,0.0,10.312243461608887,srtm_earth_engine,,0.36575055424478287,0.8421459311474173
NSR-GRID-213,184.77100798544998,177.0,192.0,3.8356775340645988,4.0497755958396455,0.0,8.873331069946289,srtm_earth_engine,,0.3294302193555174,0.7553469282094597
NSR-GRID-214,113.39371322728262,103.0,136.0,6.0534033845851525,7.278708999567781,0.9274099469184875,23.498878479003906,srtm_earth_engine,,0.6709753393970035,0.4351680466433633
NSR-GRID-215,120.92359129087501,106.0,140.0,5.483754768224444,6.241412493189682,0.0,23.498878479003906,srtm_earth_engine,,0.6349443702233906,0.5380256760020523
NSR-GRID-216,127.34969004893972,116.0,144.0,5.333912005643826,5.0729117933358125,0.0,24.40109634399414,srtm_earth_engine,,0.6041950587069224,0.6538934256299767
NSR-GRID-217,134.9664432813187,117.0,158.0,6.143943368617782,6.095003893043632,0.0,26.041704177856445,srtm_earth_engine,,0.5677483860515177,0.5525434550904337
NSR-GRID-218,138.411644785126,130.0,158.0,3.787529221559441,4.918991621416682,0.0,24.188945770263672,srtm_earth_engine,,0.5512628668794658,0.6691560471627179
NSR-GRID-219,141.4885970636214,130.0,160.0,5.44982727101982,6.700970909421442,0.0,18.384841918945312,srtm_earth_engine,,0.5365394448321432,0.4924561701232745
NSR-GRID-220,142.79769766342167,132.0,154.0,3.4663152128512618,4.38652932253582,0.0,16.39805793762207,srtm_earth_engine,,0.5302753110761633,0.7219546533944062
NSR-GRID-221,144.3552148740113,137.0,152.0,3.3966143160107407,3.0286356237470686,0.0,9.723241806030273,srtm_earth_engine,,0.5228224872550891,0.8566024864100537
NSR-GRID-222,150.68840130505725,140.0,160.0,4.445523957440063,3.8051324662639123,0.0,10.222567558288574,srtm_earth_engine,,0.49251776742554976,0.7796055776817432
NSR-GRID-223,164.6408387549121,154.0,181.0,5.2330991350340605,3.852693131055174,0.0,12.775077819824219,srtm_earth_engine,,0.4257544228658049,0.7748894938994564
NSR-GRID-224,178.32398271222365,167.0,189.0,4.078723245580873,3.7424526371701594,0.9274099469184875,11.795194625854492,srtm_earth_engine,,0.3602796656439342,0.7858208677068704
NSR-GRID-225,183.8405546492658,178.0,191.0,3.0071930228273964,3.677508760345507,0.0,11.795194625854492,srtm_earth_engine,,0.33388250067938563,0.7922606591941384
NSR-GRID-226,189.47923494594716,174.0,202.0,6.44698967968223,4.224498251844557,0.0,16.533403396606445,srtm_earth_engine,,0.30690103906290667,0.7380215462367876
NSR-GRID-227,197.77819456902898,189.0,207.0,4.441783871621202,3.0451321951874255,0.0,7.876921653747559,srtm_earth_engine,,0.26718996328890376,0.8549666973946004
NSR-GRID-228,197.96685154975535,183.0,217.0,6.76177724139107,5.5459041310008175,0.0,18.96156883239746,srtm_earth_engine,,0.2662872270427745,0.6069918210666682
NSR-GRID-229,189.42700842994344,177.0,199.0,5.951767596405548,3.596759350398887,0.0,9.82268238067627,srtm_earth_engine,,0.3071509464282429,0.8002677167983552
NSR-GRID-230,183.87084726412778,177.0,193.0,3.4513382373886365,2.8114426052765737,0.0,8.938819885253906,srtm_earth_engine,,0.3337375484951588,0.8781392011832837
NSR-GRID-231,196.52490879732073,185.0,216.0,5.97900600350966,7.767216085154262,1.071305513381958,30.905733108520508,srtm_earth_engine,,0.27318701936667555,0.3867280100295385
NSR-GRID-232,113.47831474597271,105.0,125.0,4.50473638212596,5.693327372741819,0.0,16.769832611083984,srtm_earth_engine,,0.6705705154826958,0.5923734307948271
NSR-GRID-233,119.6376253771507,109.0,135.0,4.720107006296792,5.760896990438816,0.0,19.728351593017578,srtm_earth_engine,,0.6410978029621953,0.5856732725948797
NSR-GRID-234,125.0860167694365,116.0,140.0,4.597489921712431,5.7803074425312815,0.0,24.40109634399414,srtm_earth_engine,,0.6150268864555379,0.5837485451184683
NSR-GRID-235,128.10358546249032,116.0,143.0,4.050344463495979,4.978587907135113,0.0,23.685482025146484,srtm_earth_engine,,0.6005876188285653,0.6632465192409622
NSR-GRID-236,138.91948136671286,127.0,152.0,5.462610158099314,4.489347283055499,0.9274099469184875,24.02788734436035,srtm_earth_engine,,0.5488328349371345,0.7117592930422577
NSR-GRID-237,142.47750481224097,114.0,153.0,6.040053779318913,5.921689189860861,0.0,22.805320739746094,srtm_earth_engine,,0.5318074552427847,0.5697292254008244
NSR-GRID-238,144.46229476121354,114.0,154.0,6.42690662734552,4.437752829153374,0.0,20.785301208496094,srtm_earth_engine,,0.5223101028469599,0.7168753646609298
NSR-GRID-239,149.1967055369811,144.0,158.0,2.6279493849426294,2.8947954092855537,0.0,12.81114387512207,srtm_earth_engine,,0.4996556312504413,0.8698739927611528
NSR-GRID-240,156.43368894978957,146.0,162.0,3.620549867672804,2.641581023243261,0.0,9.060416221618652,srtm_earth_engine,,0.46502618253232386,0.8949825623048477
NSR-GRID-241,165.30959873473424,154.0,177.0,4.4854174417848816,3.4189984038569565,0.0,11.794997215270996,srtm_earth_engine,,0.42255436172085437,0.8178943736331513
NSR-GRID-242,178.3691429503384,166.0,188.0,4.785156518662229,4.7741156600480705,0.0,11.795013427734375,srtm_earth_engine,,0.36006357088998964,0.6835218508126963
NSR-GRID-243,185.45284003784533,176.0,195.0,3.5455975522813117,4.46974750906292,0.0,18.482921600341797,srtm_earth_engine,,0.3261676074707085,0.7137027935519451
NSR-GRID-244,189.22194322610085,174.0,202.0,5.8635568983501205,6.3454959119359975,0.0,21.78160285949707,srtm_earth_engine,,0.3081321971172757,0.5277048336566224
NSR-GRID-245,203.4098670798335,187.0,217.0,6.285835536749226,5.020104145635292,0.0,15.693711280822754,srtm_earth_engine,,0.24024203439563374,0.6591297967361033
NSR-GRID-246,207.02954226615765,196.0,218.0,4.349914462366114,4.443463328180174,0.0,18.96156883239746,srtm_earth_engine,,0.2229216470061578,0.7163091153881904
NSR-GRID-247,199.97495556896166,185.0,213.0,5.881131899413803,4.674889836886322,0.0,16.831937789916992,srtm_earth_engine,,0.2566783152646053,0.6933610172215551
NSR-GRID-248,192.51863328712386,183.0,227.0,7.021585375091296,5.286239175486209,0.0,30.905733108520508,srtm_earth_engine,,0.2923573151124791,0.6327400247746123
NSR-GRID-249,117.02565003513703,113.0,124.0,2.0207259421636903,3.6340414786309485,0.9274099469184875,13.145909309387207,srtm_earth_engine,,0.6535962793300094,0.7965708458421557
NSR-GRID-250,199.36205305651666,194.0,207.0,2.888875213642943,4.296678626784817,0.0,10.934727668762207,srtm_earth_engine,,0.25961109469952215,0.7308641884254712
NSR-GRID-251,127.09426914548867,111.0,146.0,6.76449775317888,5.698016446373396,0.0,17.391864776611328,srtm_earth_engine,,0.605417264779958,0.5919084653826554
NSR-GRID-252,132.09704572519217,116.0,150.0,5.648821924675012,5.637128273559181,0.0,16.371213912963867,srtm_earth_engine,,0.5814786448974771,0.5979460959667204
NSR-GRID-253,138.66769391315702,125.0,158.0,8.270786666883625,8.2706230962169,0.0,22.827714920043945,srtm_earth_engine,,0.5500376547098792,0.3368105067485889
NSR-GRID-254,139.19831691565028,129.0,152.0,3.5712544049242694,3.4052546936317554,0.0,18.944934844970703,srtm_earth_engine,,0.5474985882224568,0.8192571907675625
NSR-GRID-255,145.92853297662367,135.0,155.0,3.19260746338006,3.3673254437700284,0.0,12.811142921447754,srtm_earth_engine,,0.5152940551109344,0.8230182298727193
NSR-GRID-256,153.54362536483555,144.0,172.0,4.916956077879902,3.9776564285016485,0.0,18.91962242126465,srtm_earth_engine,,0.4788553297057351,0.762498216715781
NSR-GRID-257,156.6374192706637,149.0,166.0,3.5450130568591858,4.128472205899114,0.0,17.020204544067383,srtm_earth_engine,,0.46405131934740207,0.7475434248721684
NSR-GRID-258,161.08136898256166,154.0,173.0,3.477002768531673,3.941056717975666,0.0,15.19226360321045,srtm_earth_engine,,0.4427867233305457,0.7661274195876402
NSR-GRID-259,167.72980156206694,155.0,179.0,4.612439692125416,3.806271832049818,0.0,14.664899826049805,srtm_earth_engine,,0.4109735296371124,0.7794925989307399
NSR-GRID-260,172.44538130341198,163.0,196.0,4.233012015273679,4.215832014831286,0.0,18.78206443786621,srtm_earth_engine,,0.3884091657973271,0.7388808845158279
NSR-GRID-261,185.46028612910084,168.0,209.0,7.617108864970937,7.993026936119965,0.0,26.05999755859375,srtm_earth_engine,,0.3261319774270046,0.36433675673697774
NSR-GRID-262,197.26354579399631,182.0,211.0,5.540469231749138,5.924003329527046,0.0,26.05999755859375,srtm_earth_engine,,0.2696525920316052,0.5694997568558084
NSR-GRID-263,201.55135690521251,192.0,213.0,4.107635953789101,4.44251465337043,0.0,17.96761703491211,srtm_earth_engine,,0.2491351296416765,0.7164031853492503
NSR-GRID-264,208.72104859627103,200.0,220.0,3.7059512560976753,3.6989429764906254,0.0,11.623445510864258,srtm_earth_engine,,0.21482767630403332,0.7901352566247741
NSR-GRID-265,204.64574671036544,188.0,216.0,6.0145069990848885,3.726851574423598,0.0,11.885200500488281,srtm_earth_engine,,0.2343282678652966,0.7873678586778422
NSR-GRID-266,196.40185269750174,190.0,208.0,3.0430853490102607,3.592045597724781,0.0,22.291851043701172,srtm_earth_engine,,0.27377585101863045,0.8007351293679151
NSR-GRID-267,121.06672069151809,119.0,125.0,1.5252504348099956,2.857339821365446,0.9274099469184875,6.4882330894470215,srtm_earth_engine,,0.6342594864870464,0.8735880638642652
NSR-GRID-268,201.37519541427824,199.0,206.0,2.2290935672349628,5.802807113911845,2.1411492824554443,8.701708793640137,srtm_earth_engine,,0.24997807413504358,0.5815174927189621
NSR-GRID-269,132.806260290707,119.0,146.0,7.032626830742343,5.903833933925568,0.0,16.52722930908203,srtm_earth_engine,,0.5780850058595361,0.5714997406641116
NSR-GRID-270,203.6889479866867,194.0,216.0,4.01251626940113,4.52679638263024,0.0,22.291851043701172,srtm_earth_engine,,0.23890661362695076,0.708045865319142
NSR-GRID-271,140.05167857492413,128.0,151.0,5.0661210990656365,5.30358786036372,0.0,18.38376235961914,srtm_earth_engine,,0.5434151957186784,0.6310197407593674
NSR-GRID-272,147.05204545825117,132.0,159.0,5.244379280054307,6.318335983804357,0.9274099469184875,16.830867767333984,srtm_earth_engine,,0.50991797288891,0.53039799400566
NSR-GRID-273,152.53012264335572,140.0,174.0,5.4573304296496135,5.804721550660071,0.0,21.499950408935547,srtm_earth_engine,,0.48370500788200965,0.5813276584485592
NSR-GRID-274,152.95639620240772,145.0,164.0,4.171797663789497,3.1357771371319907,0.0,9.722691535949707,srtm_earth_engine,,0.4816652604470557,0.845978405441002
NSR-GRID-275,161.4607783991781,148.0,180.0,6.4648054968030015,5.204881086401542,0.0,15.60054874420166,srtm_earth_engine,,0.4409712239454515,0.6408074385959711
NSR-GRID-276,169.48263096092387,155.0,190.0,8.742573568040013,5.56008334920006,0.0,17.564199447631836,srtm_earth_engine,,0.40258612395757265,0.6055858192521764
NSR-GRID-277,167.70416952138595,148.0,182.0,6.112099807787602,6.1672279996160775,0.0,18.801504135131836,srtm_earth_engine,,0.41109618066277764,0.545381760879653
NSR-GRID-278,173.6848901860395,167.0,181.0,2.9786217652037874,3.4643080710696097,0.0,9.596041679382324,srtm_earth_engine,,0.3824780330534504,0.8134014972686127
NSR-GRID-279,176.86532063409243,162.0,188.0,6.381085948920966,5.540712552680628,0.0,19.633806228637695,srtm_earth_engine,,0.36725946105735296,0.6075066145084289
NSR-GRID-280,182.86329972920947,149.0,203.0,9.378371638794157,7.788022250850058,0.0,28.849924087524414,srtm_earth_engine,,0.3385587307062119,0.38466488452361536
NSR-GRID-281,197.1705336616067,180.0,210.0,5.641560504079011,6.46331740981108,0.0,26.165006637573242,srtm_earth_engine,,0.2700976612938959,0.5160217325525457
NSR-GRID-282,204.79100071759422,190.0,216.0,5.556776409066247,4.363404869448068,0.0,19.825347900390625,srtm_earth_engine,,0.23363321774461687,0.7242476587310649
NSR-GRID-283,209.35158722390796,198.0,220.0,3.945146868425039,3.5723126833794594,0.0,8.70166301727295,srtm_earth_engine,,0.2118105068806656,0.8026918319861326
NSR-GRID-284,203.91126836347027,188.0,216.0,4.881847363381673,4.649195788445286,0.0,12.16889762878418,srtm_earth_engine,,0.23784279578356682,0.6959088219186906
NSR-GRID-285,138.00696405044232,131.0,144.0,3.759354362332882,3.0828790412141225,0.0,7.876060962677002,srtm_earth_engine,,0.553199291208439,0.8512237453320025
NSR-GRID-286,215.7382245393,204.0,229.0,5.601445639548246,4.282179054718336,0.0,11.189785957336426,srtm_earth_engine,,0.18125002100154208,0.7323019563156583
NSR-GRID-287,144.35134077756945,132.0,153.0,4.559582057915709,3.4630483344973344,0.0,11.759321212768555,srtm_earth_engine,,0.5228410250651695,0.813526411906466
NSR-GRID-288,151.68039522598315,146.0,159.0,2.369455842098078,2.586785037989627,0.0,17.967615127563477,srtm_earth_engine,,0.48777101029569525,0.900416095635874
NSR-GRID-289,157.90327630913745,151.0,168.0,4.357539230821389,3.016512340532847,0.0,12.929532051086426,srtm_earth_engine,,0.45799410891899195,0.8578046230834074
NSR-GRID-290,166.5725160974813,147.0,185.0,6.965156318237701,7.3371033377738275,0.9274099469184875,31.079425811767578,srtm_earth_engine,,0.4165112178370276,0.42937770303484635
NSR-GRID-291,175.00096197743434,162.0,190.0,8.059929846828746,5.811411635246965,0.0,16.550973892211914,srtm_earth_engine,,0.37618054168034487,0.5806642741253827
NSR-GRID-292,180.35471876579845,160.0,191.0,4.92082860744132,4.661981736627636,0.0,26.318309783935547,srtm_earth_engine,,0.3505624580705635,0.69464097582931
NSR-GRID-293,179.0776428396771,172.0,187.0,3.100222611099219,3.9080399522999794,0.0,13.739165306091309,srtm_earth_engine,,0.35667335162525793,0.7694013400391322
NSR-GRID-294,184.51118502576142,168.0,194.0,4.397336767262282,4.033827379546092,0.0,20.844789505004883,srtm_earth_engine,,0.33067348956149856,0.756928342694487
NSR-GRID-295,192.5352500856178,183.0,206.0,4.680924720760587,4.5409264721149,0.0,10.432639122009277,srtm_earth_engine,,0.29227780262247016,0.7066447350752034
NSR-GRID-296,199.89766077104883,184.0,211.0,5.01673631100426,5.453404718800212,0.0,21.86277198791504,srtm_earth_engine,,0.25704817603225083,0.6161640010533214
NSR-GRID-297,211.94133568121063,184.0,223.0,6.941619178373158,6.688578045940412,0.0,23.50399398803711,srtm_earth_engine,,0.19941838763989705,0.4936850381959874
NSR-GRID-298,217.879091309382,208.0,225.0,3.8341545014172267,4.295903584968942,0.0,10.74461555480957,srtm_earth_engine,,0.1710058305981671,0.7309410410547287
NSR-GRID-299,217.29229766077094,206.0,230.0,5.213158756594394,4.684641938570393,0.0,14.667411804199219,srtm_earth_engine,,0.17381367737680276,0.6923940053263826
NSR-GRID-300,137.4515698285791,129.0,149.0,4.086832833181807,3.9966715295974864,0.0,9.82186508178711,srtm_earth_engine,,0.5558568896340913,0.7606126919803677
NSR-GRID-301,130.8764705882353,130.0,133.0,0.9574271077563381,2.751328408367494,0.9274099469184875,5.941768646240234,srtm_earth_engine,,0.587319178404442,0.884100084833089
NSR-GRID-302,136.82556706114386,128.0,165.0,5.549217372123165,6.430004023058533,0.0,33.107242584228516,srtm_earth_engine,,0.5588523546636133,0.5193250657520765
NSR-GRID-303,224.00788591298578,216.0,232.0,4.171204091708327,4.541267634395456,0.0,11.191442489624023,srtm_earth_engine,,0.141679139306635,0.7066109056511296
NSR-GRID-304,141.2902121276351,129.0,153.0,5.2845182067370375,5.4876691030714575,0.0,20.779090881347656,srtm_earth_engine,,0.5374887299935581,0.6127663675744607
NSR-GRID-305,151.78832604866582,142.0,161.0,3.8679230852041973,3.1598453088098775,0.0,10.574860572814941,srtm_earth_engine,,0.48725455410449015,0.8435918215987125
NSR-GRID-306,160.40250566874926,154.0,168.0,2.953926605066213,2.234704865778026,0.0,5.6501784324646,srtm_earth_engine,,0.4460351296030639,0.9353281305605188
NSR-GRID-307,170.00515236992692,161.0,180.0,3.8660513790650186,3.0398359279968705,0.0,8.748496055603027,srtm_earth_engine,,0.40008582413580374,0.8554918717148849
NSR-GRID-308,178.97569965424992,163.0,194.0,6.4782389996251295,5.242209476023331,0.0,30.23725128173828,srtm_earth_engine,,0.3571611565725049,0.6371059803912376
NSR-GRID-309,185.2477284220484,154.0,218.0,15.393787765676588,9.837853150903204,0.0,36.753761291503906,srtm_earth_engine,,0.327149080244041,0.18140502037749795
NSR-GRID-310,197.71277168153114,170.0,218.0,11.71341530824327,7.51408530730063,0.0,30.435880661010742,srtm_earth_engine,,0.2675030161727321,0.4118282890410395
NSR-GRID-311,189.06448561549993,168.0,210.0,13.002386933645,7.973657026322154,0.0,26.21451187133789,srtm_earth_engine,,0.30888564229471405,0.36625746406650606
NSR-GRID-312,198.79838828077814,182.0,215.0,5.437761629862828,4.426146848159238,0.0,20.139793395996094,srtm_earth_engine,,0.26230826827754916,0.7180262059913485
NSR-GRID-313,206.09489491448025,191.0,221.0,4.8396375135929945,3.896133860390914,0.0,18.054365158081055,srtm_earth_engine,,0.22739399697412277,0.7705819401676037
NSR-GRID-314,215.00117424489528,191.0,233.0,7.245155895535858,7.7297734138975915,0.0,25.03232192993164,srtm_earth_engine,,0.18477685586032988,0.390440800324924
NSR-GRID-315,226.70589386796286,211.0,236.0,5.358743675247669,4.2807575482217235,0.0,11.37132740020752,srtm_earth_engine,,0.12876899114288598,0.7324429119512558
NSR-GRID-316,227.05899137467165,216.0,237.0,4.382790888105311,4.838686794982851,0.0,17.098529815673828,srtm_earth_engine,,0.12707939600308982,0.6771190201624881
NSR-GRID-317,134.4979013019042,125.0,148.0,5.08837711187497,4.460609373679894,0.9274099469184875,18.054595947265625,srtm_earth_engine,,0.5699903906994355,0.7146089249584209
NSR-GRID-318,236.7015778641663,224.0,252.0,7.135294413029508,4.7773955159911,0.0,13.091425895690918,srtm_earth_engine,,0.08093897598264599,0.683196622486115
NSR-GRID-319,145.90123396417104,131.0,161.0,7.184405770452404,5.659413838439202,0.0,20.779090881347656,srtm_earth_engine,,0.5154246827078017,0.5957362742249295
NSR-GRID-320,160.59550323643083,150.0,170.0,4.360855933401248,3.379884649748334,0.0,10.933074951171875,srtm_earth_engine,,0.4451116233586083,0.8217728673889811
NSR-GRID-321,165.65235897519528,157.0,173.0,4.197989263277727,2.629926814943961,0.0,7.731686592102051,srtm_earth_engine,,0.4209142310900935,0.8961381858226631
NSR-GRID-322,172.07889546351095,162.0,181.0,4.851685715997316,3.7948271323712057,0.0,9.651823997497559,srtm_earth_engine,,0.39016282500515487,0.7806274477135382
NSR-GRID-323,178.71672672134096,169.0,191.0,3.8685180752793613,3.295923459360395,0.0,10.58820915222168,srtm_earth_engine,,0.35840035934360415,0.8300984029984582
NSR-GRID-324,189.65030414716497,179.0,207.0,5.873640869551808,3.8502714982496515,0.0,12.165498733520508,srtm_earth_engine,,0.3060824615157568,0.7751296213924362
NSR-GRID-325,201.4886465515837,188.0,214.0,6.66315478434393,4.389738786843736,0.0,11.75832748413086,srtm_earth_engine,,0.24943520286987264,0.7216364050553886
NSR-GRID-326,206.2453002461971,197.0,213.0,2.996211599773808,3.339054369574464,0.0,11.621639251708984,srtm_earth_engine,,0.22667429742190304,0.8258215707239605
NSR-GRID-327,209.90497235767063,198.0,219.0,5.050125967816034,4.076193386223862,0.0,13.890957832336426,srtm_earth_engine,,0.20916252207568653,0.7527273577442095
NSR-GRID-328,211.46365755456674,200.0,221.0,4.5373142165698335,3.488081921197631,0.0,9.074483871459961,srtm_earth_engine,,0.20170410936216943,0.8110440981547997
NSR-GRID-329,221.56498133142057,210.0,234.0,4.034787004643487,4.7094390566910445,0.0,17.714584350585938,srtm_earth_engine,,0.15336860079978187,0.6899351396412727
NSR-GRID-330,233.28787162217273,208.0,246.0,5.480830792209992,4.689727587735197,0.0,22.598424911499023,srtm_earth_engine,,0.09727378822452704,0.691889715748981
NSR-GRID-331,239.12414625002037,229.0,248.0,4.686207235549613,4.031378394139222,0.0,11.758331298828125,srtm_earth_engine,,0.06934682454347196,0.7571711824531634
NSR-GRID-332,131.03266170188633,124.0,139.0,3.8538345600619595,5.023454876909166,0.0,13.689546585083008,srtm_earth_engine,,0.586571793499451,0.6587975404590123
NSR-GRID-333,241.9578584680625,234.0,248.0,3.023829746477613,3.1262837112791138,0.0,7.67737340927124,srtm_earth_engine,,0.055787322422337304,0.846919767213374
NSR-GRID-334,137.51752355491797,125.0,150.0,5.007671450524662,3.6653741867956247,0.0,11.656221389770508,srtm_earth_engine,,0.5555412966509736,0.7934639154096419
NSR-GRID-335,150.7680982195266,135.0,170.0,7.685231115296685,4.910722806785416,0.0,11.759979248046875,srtm_earth_engine,,0.49213641236983363,0.6699759773035685
NSR-GRID-336,173.72462775413015,158.0,184.0,5.492379506087402,3.756110998897409,0.0,12.676651000976562,srtm_earth_engine,,0.3822878861375486,0.7844665136725609
NSR-GRID-337,178.30689857529427,154.0,188.0,6.519856506941364,5.117680583319105,0.0,22.017223358154297,srtm_earth_engine,,0.3603614143795528,0.6494541822905606
NSR-GRID-338,180.22055370768942,148.0,199.0,12.151904730545322,7.696220698192121,0.0,27.807247161865234,srtm_earth_engine,,0.3512044468294886,0.39376786522371654
NSR-GRID-339,194.68277965327724,183.0,210.0,5.748284600536406,4.1972430895440525,0.0,10.628226280212402,srtm_earth_engine,,0.28200173028792785,0.7407241499424577
NSR-GRID-340,197.85498647018554,189.0,207.0,3.5313241601974266,3.3832350073525124,0.0,8.356112480163574,srtm_earth_engine,,0.2668225089158066,0.8214406481647278
NSR-GRID-341,204.43222135263818,196.0,214.0,3.572170854024234,3.2648776645651245,0.0,9.8211088180542,srtm_earth_engine,,0.23535000095540526,0.833176883292726
NSR-GRID-342,210.35549684426834,200.0,219.0,3.32730937159735,3.2743924689698845,0.0,10.11147403717041,srtm_earth_engine,,0.20700673233361255,0.8322334016374157
NSR-GRID-343,213.62264858344466,205.0,221.0,3.7637992215906793,3.702385640773371,0.0,11.191489219665527,srtm_earth_engine,,0.19137319317061363,0.7897938843318726
NSR-GRID-344,220.16260679580006,210.0,235.0,4.899092689682175,3.754810757522505,0.0,17.714584350585938,srtm_earth_engine,,0.16007905656494414,0.7845954447396131
NSR-GRID-345,229.03276416002103,214.0,239.0,3.804463993390776,3.9876576016538614,0.0,22.598424911499023,srtm_earth_engine,,0.11763476147062679,0.7615065070600393
NSR-GRID-346,236.00265705995497,228.0,246.0,3.878408131225096,3.297907144169374,0.0,8.50639533996582,srtm_earth_engine,,0.08428335868561376,0.829901702136562
NSR-GRID-347,130.21937550040033,123.0,136.0,3.1746267257185368,4.790440041151306,0.9274099469184875,9.300243377685547,srtm_earth_engine,,0.5904634222625715,0.6819031360761652
NSR-GRID-348,239.85375601780356,231.0,245.0,3.4706071583567857,4.618438261730036,0.0,13.65955924987793,srtm_earth_engine,,0.06585559310124312,0.6989587177425121
NSR-GRID-349,134.18850462737456,122.0,141.0,3.831401832973632,3.4518323691358543,0.0,11.98709487915039,srtm_earth_engine,,0.571470874440108,0.8146385795470177
NSR-GRID-350,147.95346637970388,135.0,160.0,5.079672499515375,4.605316478901668,0.0,13.7743558883667,srtm_earth_engine,,0.5056046136075225,0.7002598649712809
NSR-GRID-351,166.11981604396678,152.0,183.0,8.524133415198824,4.486029313438379,0.0,12.771210670471191,srtm_earth_engine,,0.4186774178120233,0.7120883006953276
NSR-GRID-352,182.52209561999754,161.0,199.0,7.401002664908622,5.978410925586631,0.0,23.103952407836914,srtm_earth_engine,,0.3401914151450699,0.5641047359380823
NSR-GRID-353,189.79387595382514,155.0,199.0,7.624680163747852,5.551157494966224,0.0,26.28076171875,srtm_earth_engine,,0.3053954608370891,0.6064709010015589
NSR-GRID-354,201.49172360932167,193.0,210.0,3.0788984900783953,3.073674040373067,0.0,11.758776664733887,srtm_earth_engine,,0.24942047894319475,0.8521365070726755
NSR-GRID-355,205.34699333300705,194.0,218.0,3.9172328973018944,4.758504883799806,0.0,18.598562240600586,srtm_earth_engine,,0.2309727559658854,0.6850698049680148
NSR-GRID-356,210.6559870866758,202.0,220.0,4.142098763592545,4.212114259573428,0.0,13.918164253234863,srtm_earth_engine,,0.20556886646517258,0.7392495346462467
NSR-GRID-357,216.1192941828796,204.0,229.0,4.6296014813959605,4.667634103621255,0.0,12.165243148803711,srtm_earth_engine,,0.17942657731960476,0.6940804908901879
NSR-GRID-358,221.5426997245177,211.0,233.0,5.6048175027161955,4.8469922037088224,0.0,14.368067741394043,srtm_earth_engine,,0.15347521977616851,0.6762954613756267
NSR-GRID-359,222.78684862714402,208.0,232.0,4.385599642576624,4.8635467168057644,0.0,15.9828462600708,srtm_earth_engine,,0.14752188422686385,0.6746539269041723
NSR-GRID-360,229.0108775420342,220.0,238.0,3.4259179179086257,4.511058890109373,0.0,14.556941986083984,srtm_earth_engine,,0.11773949039868359,0.709606384575491
NSR-GRID-361,236.6054248781522,227.0,246.0,3.6106212662770925,3.8881899585276445,0.0,10.574764251708984,srtm_earth_engine,,0.08139907443919014,0.7713696521752023
NSR-GRID-362,245.39440328210154,236.0,253.0,3.452495211204178,5.008138869880471,0.0,11.042527198791504,srtm_earth_engine,,0.03934322608868346,0.660316265495225
NSR-GRID-363,144.48386442968132,132.0,155.0,5.564697515130447,4.131887290573323,0.0,13.412707328796387,srtm_earth_engine,,0.5222068905435091,0.7472047873548449
NSR-GRID-364,146.04006065349245,132.0,159.0,4.645660757050317,3.9555287138516806,0.0,16.743852615356445,srtm_earth_engine,,0.5147603877323492,0.7646923861340974
NSR-GRID-365,159.27773700605047,150.0,173.0,4.798867057431703,3.675203426540164,0.0,9.432920455932617,srtm_earth_engine,,0.4514172227353678,0.7924892545558696
NSR-GRID-366,174.4164900727022,161.0,196.0,7.982070630926178,5.781089348178844,0.0,13.412667274475098,srtm_earth_engine,,0.37897727875953735,0.5836710118762412
NSR-GRID-367,188.49669014543795,174.0,204.0,6.178267952113925,5.042504905969211,0.0,15.982193946838379,srtm_earth_engine,,0.31160258152081355,0.6569085522899765
NSR-GRID-368,196.0751504476735,179.0,212.0,8.503269983242888,5.706999928185422,0.0,19.319555282592773,srtm_earth_engine,,0.2753391430922998,0.5910176693210758
NSR-GRID-369,206.54880513806918,186.0,231.0,7.453952318648269,5.252046812125922,0.0,22.84716796875,srtm_earth_engine,,0.22522200625453892,0.6361305167080037
NSR-GRID-370,217.94736842105254,198.0,231.0,8.306936636149748,6.449338687168468,0.0,20.498268127441406,srtm_earth_engine,,0.17067912006114538,0.5174078533614377
NSR-GRID-371,225.50953242983175,213.0,234.0,4.111634085041888,3.616191255834771,0.0,13.648222923278809,srtm_earth_engine,,0.13449366048464106,0.7983408620227268
NSR-GRID-372,229.1761321031524,223.0,238.0,2.878213940003326,3.5788576861647474,0.0,11.466630935668945,srtm_earth_engine,,0.11694873629255287,0.8020428338775866
NSR-GRID-373,231.64851953303318,220.0,240.0,4.346422039863491,4.002175659088989,0.0,11.758600234985352,srtm_earth_engine,,0.10511819740215789,0.760066906173033
NSR-GRID-374,237.66934129197446,226.0,247.0,4.220537801509758,4.054927640723386,0.0,10.587919235229492,srtm_earth_engine,,0.0763081633798095,0.7548360548768758
NSR-GRID-375,242.44398982818737,228.0,251.0,4.290685322454789,4.27627945475527,0.0,13.775850296020508,srtm_earth_engine,,0.053461151413582764,0.7328869567110461
NSR-GRID-376,154.68479184367038,150.0,158.0,1.8529958850466992,3.381896344807155,0.0,6.55148983001709,srtm_earth_engine,,0.47339477192862256,0.8215733890494026
NSR-GRID-377,147.87548914976884,131.0,160.0,8.927570339294517,8.380202791267601,0.0,22.4954776763916,srtm_earth_engine,,0.5059777398579486,0.3259446573126179
NSR-GRID-378,186.44366136285018,172.0,200.0,7.271923404097105,6.785056144483605,0.9274099469184875,18.782733917236328,srtm_earth_engine,,0.32142646129061014,0.4841183343266796
NSR-GRID-379,251.69080622347948,243.0,264.0,5.165548591342702,5.807827732502319,1.416547417640686,10.110830307006836,srtm_earth_engine,,0.009214517712601067,0.5810196515299144
NSR-GRID-380,174.75556289204363,162.0,193.0,6.404304372819835,6.594196962828789,0.9274099469184875,17.56395721435547,srtm_earth_engine,,0.37735479268497896,0.5030438034144913
NSR-GRID-381,200.54737732656506,179.0,218.0,8.315612321652898,8.386001420411972,0.0,20.47440528869629,srtm_earth_engine,,0.2539392389438031,0.32536966911623155
NSR-GRID-382,203.65618158572252,182.0,219.0,7.974817492679834,6.850416927642928,0.0,23.614913940429688,srtm_earth_engine,,0.2390634030428085,0.4776372026854777
NSR-GRID-383,173.07208793554236,155.0,204.0,10.460329631517324,6.34503790079596,0.0,16.181852340698242,srtm_earth_engine,,0.385410332728254,0.5277502497356262
NSR-GRID-384,251.1894938600481,242.0,271.0,4.030552293144628,4.003815347983874,0.0,17.535911560058594,srtm_earth_engine,,0.011613330835549607,0.7599043157164213
NSR-GRID-385,218.33854404381557,189.0,241.0,11.14892393018692,7.896466290148441,0.0,26.969696044921875,srtm_earth_engine,,0.16880731859421438,0.3739116459541929
NSR-GRID-386,237.10172006195478,227.0,253.0,5.790135170695412,4.498747468548607,0.0,16.765850067138672,srtm_earth_engine,,0.0790242688556756,0.7108271769217387
NSR-GRID-387,237.45506249694412,224.0,256.0,5.1989470438968475,5.113396007736715,0.9274099469184875,18.051803588867188,srtm_earth_engine,,0.07733350171770725,0.6498790379461066
NSR-GRID-388,242.82304231596788,233.0,258.0,7.014079510916512,4.271801489058782,0.0,11.042523384094238,srtm_earth_engine,,0.05164735995679448,0.733330988801252
NSR-GRID-389,243.58330480149976,235.0,251.0,3.8895167041732277,4.0103429537778785,0.0,11.75894832611084,srtm_earth_engine,,0.048009453213987974,0.7592570426819215
NSR-GRID-390,190.09487619514582,177.0,204.0,7.128983097188703,10.758743558510991,2.9788031578063965,18.776073455810547,srtm_earth_engine,,0.3039551545898056,0.09009014209218769
NSR-GRID-391,198.0548363389678,180.0,206.0,6.498306840126369,6.185781155307026,0.0,14.77258014678955,srtm_earth_engine,,0.265866213953175,0.5435420423423208
NSR-GRID-392,250.48205032878693,240.0,271.0,5.234679020673455,5.451599764931111,0.0,17.535911560058594,srtm_earth_engine,,0.014998495356365549,0.6163429790744908
NSR-GRID-393,219.8982586577971,200.0,253.0,9.410979928247484,7.533374839934845,0.0,37.19197082519531,srtm_earth_engine,,0.1613439800512273,0.4099155518574158
NSR-GRID-394,222.2709882583173,192.0,250.0,16.08809808096742,8.145232806544799,0.0,30.08721351623535,srtm_earth_engine,,0.14999031052674705,0.3492441241964148
NSR-GRID-395,216.82150716416461,195.0,252.0,13.697116891870309,8.535647765413364,0.0,36.78269577026367,srtm_earth_engine,,0.17606644132957783,0.3105308374086223
NSR-GRID-396,236.2659459988263,213.0,256.0,8.892449903987314,5.558191147392801,0.0,14.904617309570312,srtm_earth_engine,,0.0830235035378798,0.6057734487206707
NSR-GRID-397,243.58041422048302,230.0,263.0,4.985707968846325,6.244070711995335,0.0,23.322925567626953,srtm_earth_engine,,0.04802328483710705,0.5377620887991794
NSR-GRID-398,219.0938883335713,210.0,253.0,5.230297225808093,6.042907350251507,0.0,35.308631896972656,srtm_earth_engine,,0.16519294574649945,0.5577093135083817
NSR-GRID-399,253.6164883902948,246.0,263.0,4.687331264180128,6.855156585834622,0.9274099469184875,14.842512130737305,srtm_earth_engine,,0.0,0.4771672213420811
NSR-GRID-400,245.9151331677947,233.0,256.0,4.305106248243089,4.274278421152239,0.0,16.27675437927246,srtm_earth_engine,,0.036851498825541285,0.7330853778677832
NSR-GRID-401,218.4823583121374,201.0,255.0,7.578740469152113,6.138165902988039,0.0,37.19197082519531,srtm_earth_engine,,0.16811915772031083,0.5482635389874293
NSR-GRID-402,214.50097850549608,192.0,232.0,8.592539369249389,8.008298089389424,0.9274099469184875,27.227863311767578,srtm_earth_engine,,0.18717032586274673,0.36282247936959866
NSR-GRID-403,217.9342103118327,201.0,232.0,5.819554496082184,5.325045974294017,0.0,19.319164276123047,srtm_earth_engine,,0.1707420824921011,0.6288919685015724
NSR-GRID-404,224.26798408661082,208.0,250.0,8.344087389720022,7.6232425059166244,0.9274099469184875,24.77654266357422,srtm_earth_engine,,0.14043455218359657,0.4010043340695917
NSR-GRID-405,218.77339932536788,207.0,253.0,6.052158476297518,4.845042452182795,0.0,28.414539337158203,srtm_earth_engine,,0.16672650704424374,0.6764887974358299
NSR-GRID-406,246.73789451682575,240.0,252.0,3.378297296325056,3.5396036899505923,0.0,7.378692150115967,srtm_earth_engine,,0.03291453084892648,0.805935233947014
NSR-GRID-407,237.64287578026216,222.0,247.0,5.7817515618903945,4.850430112032652,0.0,13.917537689208984,srtm_earth_engine,,0.07643480261999591,0.6759545606804376
NSR-GRID-408,208.62020076918097,199.0,221.0,5.041105383169643,3.727761876147171,0.0,12.642328262329102,srtm_earth_engine,,0.21531023988851916,0.7872775937663997
NSR-GRID-409,216.6732461859436,206.0,232.0,6.619306052754247,4.225335230132038,0.0,13.141059875488281,srtm_earth_engine,,0.1767758800071787,0.7379385520283374
NSR-GRID-410,224.43468343706212,211.0,237.0,5.072333381805427,3.7884203155756495,0.0,11.757418632507324,srtm_earth_engine,,0.13963688466406354,0.7812627433915573
NSR-GRID-411,209.00279096532861,194.0,215.0,4.385227459932488,4.247106464935402,0.0,10.930220603942871,srtm_earth_engine,,0.21347952026104278,0.7357797309137224
NSR-GRID-412,226.5142857142857,226.0,229.0,1.0954451150103321,3.7652782951082506,1.070786714553833,5.648410320281982,srtm_earth_engine,,0.12968584894858337,0.7835574906978587
NSR-GRID-413,222.20716978720688,214.0,233.0,4.4073546585800925,4.486283846103815,0.0,12.810400009155273,srtm_earth_engine,,0.15029568617106248,0.712063061406079
NSR-GRID-414,211.2775973250536,200.0,219.0,3.875358047974214,3.7611801334132924,0.0,13.916624069213867,srtm_earth_engine,,0.2025944199804034,0.7839638616767255
NSR-GRID-415,190.7048400201183,171.0,208.0,10.58688809549276,6.06704954359708,0.9274099469184875,13.80289363861084,srtm_earth_engine,,0.3010364369706099,0.555315389726921
NSR-GRID-416,190.88110955177854,160.0,213.0,16.064787936670978,9.543304933136332,0.0,36.860538482666016,srtm_earth_engine,,0.3001929754951571,0.21061222509190802
