zone_code,population_sum,population_mean,population_source,population_warning,population_density_proxy
NSR-GRID-001,0.0,0.0,worldpop_100m,,0.0
NSR-GRID-002,0.0,0.0,worldpop_100m,,0.0
NSR-GRID-003,0.0,0.0,worldpop_100m,,0.0
NSR-GRID-004,0.0,0.0,worldpop_100m,,0.0
NSR-GRID-005,0.0,0.0,worldpop_100m,,0.0
NSR-GRID-006,0.0,0.0,worldpop_100m,,0.0
NSR-GRID-007,0.0,0.0,worldpop_100m,,0.0
NSR-GRID-008,0.0,0.0,worldpop_100m,,0.0
NSR-GRID-009,0.0,0.0,worldpop_100m,,0.0
NSR-GRID-010,0.0,0.0,worldpop_100m,,0.0
NSR-GRID-011,0.0,0.0,worldpop_100m,,0.0
NSR-GRID-012,0.0,0.0,worldpop_100m,,0.0
NSR-GRID-013,0.0,0.0,worldpop_100m,,0.0
NSR-GRID-014,0.0,0.0,worldpop_100m,,0.0
NSR-GRID-015,0.0,0.0,worldpop_100m,,0.0
NSR-GRID-016,0.0,0.0,worldpop_100m,,0.0
NSR-GRID-017,0.0,0.0,worldpop_100m,,0.0
NSR-GRID-018,0.0,0.0,worldpop_100m,,0.0
NSR-GRID-019,0.0,0.0,worldpop_100m,,0.0
NSR-GRID-020,0.0,0.0,worldpop_100m,,0.0
NSR-GRID-021,0.0,0.0,worldpop_100m,,0.0
NSR-GRID-022,0.0,0.0,worldpop_100m,,0.0
NSR-GRID-023,0.0,0.0,worldpop_100m,,0.0
NSR-GRID-024,0.0,0.0,worldpop_100m,,0.0
NSR-GRID-025,0.0,0.0,worldpop_100m,,0.0
NSR-GRID-026,0.0,0.0,worldpop_100m,,0.0
NSR-GRID-027,0.0,0.0,worldpop_100m,,0.0
NSR-GRID-028,0.0,0.0,worldpop_100m,,0.0
NSR-GRID-029,0.0,0.0,worldpop_100m,,0.0
NSR-GRID-030,0.0,0.0,worldpop_100m,,0.0
NSR-GRID-031,0.0,0.0,worldpop_100m,,0.0
NSR-GRID-032,0.0,0.0,worldpop_100m,,0.0
NSR-GRID-033,0.0,0.0,worldpop_100m,,0.0
NSR-GRID-034,0.0,0.0,worldpop_100m,,0.0
NSR-GRID-035,0.0,0.0,worldpop_100m,,0.0
NSR-GRID-036,0.0,0.0,worldpop_100m,,0.0
NSR-GRID-037,0.0,0.0,worldpop_100m,,0.0
NSR-GRID-038,0.0,0.0,worldpop_100m,,0.0
NSR-GRID-039,0.0,0.0,worldpop_100m,,0.0
NSR-GRID-040,0.0,0.0,worldpop_100m,,0.0
NSR-GRID-041,0.0,0.0,worldpop_100m,,0.0
NSR-GRID-042,0.0,0.0,worldpop_100m,,0.0
NSR-GRID-043,0.0,0.0,worldpop_100m,,0.0
NSR-GRID-044,0.0,0.0,worldpop_100m,,0.0
NSR-GRID-045,0.0,0.0,worldpop_100m,,0.0
NSR-GRID-046,0.0,0.0,worldpop_100m,,0.0
NSR-GRID-047,0.0,0.0,worldpop_100m,,0.0
NSR-GRID-048,0.0,0.0,worldpop_100m,,0.0
NSR-GRID-049,0.0,0.0,worldpop_100m,,0.0
NSR-GRID-050,0.0,0.0,worldpop_100m,,0.0
NSR-GRID-051,0.0,0.0,worldpop_100m,,0.0
NSR-GRID-052,0.0,0.0,worldpop_100m,,0.0
NSR-GRID-053,0.0,0.0,worldpop_100m,,0.0
NSR-GRID-054,0.0,0.0,worldpop_100m,,0.0
NSR-GRID-055,0.0,0.0,worldpop_100m,,0.0
NSR-GRID-056,0.0,0.0,worldpop_100m,,0.0
NSR-GRID-057,0.0,0.0,worldpop_100m,,0.0
NSR-GRID-058,0.0,0.0,worldpop_100m,,0.0
NSR-GRID-059,0.0,0.0,worldpop_100m,,0.0
NSR-GRID-060,0.0,0.0,worldpop_100m,,0.0
NSR-GRID-061,0.0,0.0,worldpop_100m,,0.0
NSR-GRID-062,0.0,0.0,worldpop_100m,,0.0
NSR-GRID-063,0.0,0.0,worldpop_100m,,0.0
NSR-GRID-064,0.0,0.0,worldpop_100m,,0.0
NSR-GRID-065,0.0,0.0,worldpop_100m,,0.0
NSR-GRID-066,0.0,0.0,worldpop_100m,,0.0
NSR-GRID-067,0.0,0.0,worldpop_100m,,0.0
NSR-GRID-068,0.0,0.0,worldpop_100m,,0.0
NSR-GRID-069,0.0,0.0,worldpop_100m,,0.0
NSR-GRID-070,0.0,0.0,worldpop_100m,,0.0
NSR-GRID-071,0.0,0.0,worldpop_100m,,0.0
NSR-GRID-072,0.0,0.0,worldpop_100m,,0.0
NSR-GRID-073,0.0,0.0,worldpop_100m,,0.0
NSR-GRID-074,0.0,0.0,worldpop_100m,,0.0
NSR-GRID-075,0.0,0.0,worldpop_100m,,0.0
NSR-GRID-076,0.0,0.0,worldpop_100m,,0.0
NSR-GRID-077,0.0,0.0,worldpop_100m,,0.0
NSR-GRID-078,0.0,0.0,worldpop_100m,,0.0
NSR-GRID-079,0.0,0.0,worldpop_100m,,0.0
NSR-GRID-080,0.0,0.0,worldpop_100m,,0.0
NSR-GRID-081,0.0,0.0,worldpop_100m,,0.0
NSR-GRID-082,0.0,0.0,worldpop_100m,,0.0
NSR-GRID-083,0.0,0.0,worldpop_100m,,0.0
NSR-GRID-084,0.0,0.0,worldpop_100m,,0.0
NSR-GRID-085,0.0,0.0,worldpop_100m,,0.0
NSR-GRID-086,0.0,0.0,worldpop_100m,,0.0
NSR-GRID-087,0.0,0.0,worldpop_100m,,0.0
NSR-GRID-088,0.0,0.0,worldpop_100m,,0.0
NSR-GRID-089,0.0,0.0,worldpop_100m,,0.0
NSR-GRID-090,0.0,0.0,worldpop_100m,,0.0
NSR-GRID-091,0.0,0.0,worldpop_100m,,0.0
NSR-GRID-092,0.0,0.0,worldpop_100m,,0.0
NSR-GRID-093,0.0,0.0,worldpop_100m,,0.0
NSR-GRID-094,0.0,0.0,worldpop_100m,,0.0
NSR-GRID-095,0.0,0.0,worldpop_100m,,0.0
NSR-GRID-096,0.0,0.0,worldpop_100m,,0.0
NSR-GRID-097,0.0,0.0,worldpop_100m,,0.0
NSR-GRID-098,0.0,0.0,worldpop_100m,,0.0
NSR-GRID-099,0.0,0.0,worldpop_100m,,0.0
NSR-GRID-100,0.0,0.0,worldpop_100m,,0.0
NSR-GRID-101,0.0,0.0,worldpop_100m,,0.0
NSR-GRID-102,0.0,0.0,worldpop_100m,,0.0
NSR-GRID-103,0.0,0.0,worldpop_100m,,0.0
NSR-GRID-104,0.0,0.0,worldpop_100m,,0.0
NSR-GRID-105,0.0,0.0,worldpop_100m,,0.0
NSR-GRID-106,0.0,0.0,worldpop_100m,,0.0
NSR-GRID-107,0.0,0.0,worldpop_100m,,0.0
NSR-GRID-108,0.0,0.0,worldpop_100m,,0.0
NSR-GRID-109,0.0,0.0,worldpop_100m,,0.0
NSR-GRID-110,0.0,0.0,worldpop_100m,,0.0
NSR-GRID-111,0.0,0.0,worldpop_100m,,0.0
NSR-GRID-112,0.0,0.0,worldpop_100m,,0.0
NSR-GRID-113,0.0,0.0,worldpop_100m,,0.0
NSR-GRID-114,0.0,0.0,worldpop_100m,,0.0
NSR-GRID-115,0.0,0.0,worldpop_100m,,0.0
NSR-GRID-116,0.0,0.0,worldpop_100m,,0.0
NSR-GRID-117,0.0,0.0,worldpop_100m,,0.0
NSR-GRID-118,0.0,0.0,worldpop_100m,,0.0
NSR-GRID-119,0.0,0.0,worldpop_100m,,0.0
NSR-GRID-120,0.0,0.0,worldpop_100m,,0.0
NSR-GRID-121,0.0,0.0,worldpop_100m,,0.0
NSR-GRID-122,0.0,0.0,worldpop_100m,,0.0
NSR-GRID-123,0.0,0.0,worldpop_100m,,0.0
NSR-GRID-124,0.0,0.0,worldpop_100m,,0.0
NSR-GRID-125,0.0,0.0,worldpop_100m,,0.0
NSR-GRID-126,0.0,0.0,worldpop_100m,,0.0
NSR-GRID-127,0.0,0.0,worldpop_100m,,0.0
NSR-GRID-128,0.0,0.0,worldpop_100m,,0.0
NSR-GRID-129,0.0,0.0,worldpop_100m,,0.0
NSR-GRID-130,0.0,0.0,worldpop_100m,,0.0
NSR-GRID-131,0.0,0.0,worldpop_100m,,0.0
NSR-GRID-132,0.0,0.0,worldpop_100m,,0.0
NSR-GRID-133,0.0,0.0,worldpop_100m,,0.0
NSR-GRID-134,0.0,0.0,worldpop_100m,,0.0
NSR-GRID-135,0.0,0.0,worldpop_100m,,0.0
NSR-GRID-136,0.0,0.0,worldpop_100m,,0.0
NSR-GRID-137,0.0,0.0,worldpop_100m,,0.0
NSR-GRID-138,0.0,0.0,worldpop_100m,,0.0
NSR-GRID-139,0.0,0.0,worldpop_100m,,0.0
NSR-GRID-140,0.0,0.0,worldpop_100m,,0.0
NSR-GRID-141,0.0,0.0,worldpop_100m,,0.0
NSR-GRID-142,0.0,0.0,worldpop_100m,,0.0
NSR-GRID-143,0.0,0.0,worldpop_100m,,0.0
NSR-GRID-144,0.0,0.0,worldpop_100m,,0.0
NSR-GRID-145,0.0,0.0,worldpop_100m,,0.0
NSR-GRID-146,0.0,0.0,worldpop_100m,,0.0
NSR-GRID-147,0.0,0.0,worldpop_100m,,0.0
NSR-GRID-148,0.0,0.0,worldpop_100m,,0.0
NSR-GRID-149,0.0,0.0,worldpop_100m,,0.0
NSR-GRID-150,0.0,0.0,worldpop_100m,,0.0
NSR-GRID-151,0.0,0.0,worldpop_100m,,0.0
NSR-GRID-152,0.0,0.0,worldpop_100m,,0.0
NSR-GRID-153,0.0,0.0,worldpop_100m,,0.0
NSR-GRID-154,0.0,0.0,worldpop_100m,,0.0
NSR-GRID-155,0.0,0.0,worldpop_100m,,0.0
NSR-GRID-156,0.0,0.0,worldpop_100m,,0.0
NSR-GRID-157,0.0,0.0,worldpop_100m,,0.0
NSR-GRID-158,0.0,0.0,worldpop_100m,,0.0
NSR-GRID-159,0.0,0.0,worldpop_100m,,0.0
NSR-GRID-160,0.0,0.0,worldpop_100m,,0.0
NSR-GRID-161,0.0,0.0,worldpop_100m,,0.0
NSR-GRID-162,0.0,0.0,worldpop_100m,,0.0
NSR-GRID-163,0.0,0.0,worldpop_100m,,0.0
NSR-GRID-164,0.0,0.0,worldpop_100m,,0.0
NSR-GRID-165,0.0,0.0,worldpop_100m,,0.0
NSR-GRID-166,0.0,0.0,worldpop_100m,,0.0
NSR-GRID-167,0.0,0.0,worldpop_100m,,0.0
NSR-GRID-168,0.0,0.0,worldpop_100m,,0.0
NSR-GRID-169,0.0,0.0,worldpop_100m,,0.0
NSR-GRID-170,0.0,0.0,worldpop_100m,,0.0
NSR-GRID-171,0.0,0.0,worldpop_100m,,0.0
NSR-GRID-172,0.0,0.0,worldpop_100m,,0.0
NSR-GRID-173,0.0,0.0,worldpop_100m,,0.0
NSR-GRID-174,0.0,0.0,worldpop_100m,,0.0
NSR-GRID-175,0.0,0.0,worldpop_100m,,0.0
NSR-GRID-176,0.0,0.0,worldpop_100m,,0.0
NSR-GRID-177,0.0,0.0,worldpop_100m,,0.0
NSR-GRID-178,0.0,0.0,worldpop_100m,,0.0
NSR-GRID-179,0.0,0.0,worldpop_100m,,0.0
NSR-GRID-180,0.0,0.0,worldpop_100m,,0.0
NSR-GRID-181,0.0,0.0,worldpop_100m,,0.0
NSR-GRID-182,0.0,0.0,worldpop_100m,,0.0
NSR-GRID-183,0.0,0.0,worldpop_100m,,0.0
NSR-GRID-184,0.0,0.0,worldpop_100m,,0.0
NSR-GRID-185,0.0,0.0,worldpop_100m,,0.0
NSR-GRID-186,0.0,0.0,worldpop_100m,,0.0
NSR-GRID-187,0.0,0.0,worldpop_100m,,0.0
NSR-GRID-188,0.0,0.0,worldpop_100m,,0.0
NSR-GRID-189,0.0,0.0,worldpop_100m,,0.0
NSR-GRID-190,0.0,0.0,worldpop_100m,,0.0
NSR-GRID-191,0.0,0.0,worldpop_100m,,0.0
NSR-GRID-192,0.0,0.0,worldpop_100m,,0.0
NSR-GRID-193,0.0,0.0,worldpop_100m,,0.0
NSR-GRID-194,0.0,0.0,worldpop_100m,,0.0
NSR-GRID-195,0.0,0.0,worldpop_100m,,0.0
NSR-GRID-196,0.0,0.0,worldpop_100m,,0.0
NSR-GRID-197,0.0,0.0,worldpop_100m,,0.0
NSR-GRID-198,0.0,0.0,worldpop_100m,,0.0
NSR-GRID-199,0.0,0.0,worldpop_100m,,0.0
NSR-GRID-200,0.0,0.0,worldpop_100m,,0.0
NSR-GRID-201,0.0,0.0,worldpop_100m,,0.0
NSR-GRID-202,0.0,0.0,worldpop_100m,,0.0
NSR-GRID-203,0.0,0.0,worldpop_100m,,0.0
NSR-GRID-204,0.0,0.0,worldpop_100m,,0.0
NSR-GRID-205,0.0,0.0,worldpop_100m,,0.0
NSR-GRID-206,0.0,0.0,worldpop_100m,,0.0
NSR-GRID-207,0.0,0.0,worldpop_100m,,0.0
NSR-GRID-208,0.0,0.0,worldpop_100m,,0.0
NSR-GRID-209,0.0,0.0,worldpop_100m,,0.0
NSR-GRID-210,0.0,0.0,worldpop_100m,,0.0
NSR-GRID-211,0.0,0.0,worldpop_100m,,0.0
NSR-GRID-212,0.0,0.0,worldpop_100m,,0.0
NSR-GRID-213,0.0,0.0,worldpop_100m,,0.0
NSR-GRID-214,0.0,0.0,worldpop_100m,,0.0
NSR-GRID-215,0.0,0.0,worldpop_100m,,0.0
NSR-GRID-216,0.0,0.0,worldpop_100m,,0.0
NSR-GRID-217,0.0,0.0,worldpop_100m,,0.0
NSR-GRID-218,0.0,0.0,worldpop_100m,,0.0
NSR-GRID-219,0.0,0.0,worldpop_100m,,0.0
NSR-GRID-220,0.0,0.0,worldpop_100m,,0.0
NSR-GRID-221,0.0,0.0,worldpop_100m,,0.0
NSR-GRID-222,0.0,0.0,worldpop_100m,,0.0
NSR-GRID-223,0.0,0.0,worldpop_100m,,0.0
NSR-GRID-224,0.0,0.0,worldpop_100m,,0.0
NSR-GRID-225,0.0,0.0,worldpop_100m,,0.0
NSR-GRID-226,0.0,0.0,worldpop_100m,,0.0
NSR-GRID-227,0.0,0.0,worldpop_100m,,0.0
NSR-GRID-228,0.0,0.0,worldpop_100m,,0.0
NSR-GRID-229,0.0,0.0,worldpop_100m,,0.0
NSR-GRID-230,0.0,0.0,worldpop_100m,,0.0
NSR-GRID-231,0.0,0.0,worldpop_100m,,0.0
NSR-GRID-232,0.0,0.0,worldpop_100m,,0.0
NSR-GRID-233,0.0,0.0,worldpop_100m,,0.0
NSR-GRID-234,0.0,0.0,worldpop_100m,,0.0
NSR-GRID-235,0.0,0.0,worldpop_100m,,0.0
NSR-GRID-236,0.0,0.0,worldpop_100m,,0.0
NSR-GRID-237,0.0,0.0,worldpop_100m,,0.0
NSR-GRID-238,0.0,0.0,worldpop_100m,,0.0
NSR-GRID-239,0.0,0.0,worldpop_100m,,0.0
NSR-GRID-240,0.0,0.0,worldpop_100m,,0.0
NSR-GRID-241,0.0,0.0,worldpop_100m,,0.0
NSR-GRID-242,0.0,0.0,worldpop_100m,,0.0
NSR-GRID-243,0.0,0.0,worldpop_100m,,0.0
NSR-GRID-244,0.0,0.0,worldpop_100m,,0.0
NSR-GRID-245,0.0,0.0,worldpop_100m,,0.0
NSR-GRID-246,0.0,0.0,worldpop_100m,,0.0
NSR-GRID-247,0.0,0.0,worldpop_100m,,0.0
NSR-GRID-248,0.0,0.0,worldpop_100m,,0.0
NSR-GRID-249,0.0,0.0,worldpop_100m,,0.0
NSR-GRID-250,0.0,0.0,worldpop_100m,,0.0
NSR-GRID-251,0.0,0.0,worldpop_100m,,0.0
NSR-GRID-252,0.0,0.0,worldpop_100m,,0.0
NSR-GRID-253,0.0,0.0,worldpop_100m,,0.0
NSR-GRID-254,0.0,0.0,worldpop_100m,,0.0
NSR-GRID-255,0.0,0.0,worldpop_100m,,0.0
NSR-GRID-256,0.0,0.0,worldpop_100m,,0.0
NSR-GRID-257,0.0,0.0,worldpop_100m,,0.0
NSR-GRID-258,0.0,0.0,worldpop_100m,,0.0
NSR-GRID-259,0.0,0.0,worldpop_100m,,0.0
NSR-GRID-260,0.0,0.0,worldpop_100m,,0.0
NSR-GRID-261,0.0,0.0,worldpop_100m,,0.0
NSR-GRID-262,0.0,0.0,worldpop_100m,,0.0
NSR-GRID-263,0.0,0.0,worldpop_100m,,0.0
NSR-GRID-264,0.0,0.0,worldpop_100m,,0.0
NSR-GRID-265,0.0,0.0,worldpop_100m,,0.0
NSR-GRID-266,0.0,0.0,worldpop_100m,,0.0
NSR-GRID-267,0.0,0.0,worldpop_100m,,0.0
NSR-GRID-268,0.0,0.0,worldpop_100m,,0.0
NSR-GRID-269,0.0,0.0,worldpop_100m,,0.0
NSR-GRID-270,0.0,0.0,worldpop_100m,,0.0
NSR-GRID-271,0.0,0.0,worldpop_100m,,0.0
NSR-GRID-272,0.0,0.0,worldpop_100m,,0.0
NSR-GRID-273,0.0,0.0,worldpop_100m,,0.0
NSR-GRID-274,0.0,0.0,worldpop_100m,,0.0
NSR-GRID-275,0.0,0.0,worldpop_100m,,0.0
NSR-GRID-276,0.0,0.0,worldpop_100m,,0.0
NSR-GRID-277,0.0,0.0,worldpop_100m,,0.0
NSR-GRID-278,0.0,0.0,worldpop_100m,,0.0
NSR-GRID-279,0.0,0.0,worldpop_100m,,0.0
NSR-GRID-280,0.0,0.0,worldpop_100m,,0.0
NSR-GRID-281,0.0,0.0,worldpop_100m,,0.0
NSR-GRID-282,0.0,0.0,worldpop_100m,,0.0
NSR-GRID-283,0.0,0.0,worldpop_100m,,0.0
NSR-GRID-284,0.0,0.0,worldpop_100m,,0.0
NSR-GRID-285,0.0,0.0,worldpop_100m,,0.0
NSR-GRID-286,0.0,0.0,worldpop_100m,,0.0
NSR-GRID-287,0.0,0.0,worldpop_100m,,0.0
NSR-GRID-288,0.0,0.0,worldpop_100m,,0.0
NSR-GRID-289,0.0,0.0,worldpop_100m,,0.0
NSR-GRID-290,0.0,0.0,worldpop_100m,,0.0
NSR-GRID-291,0.0,0.0,worldpop_100m,,0.0
NSR-GRID-292,0.0,0.0,worldpop_100m,,0.0
NSR-GRID-293,0.0,0.0,worldpop_100m,,0.0
NSR-GRID-294,0.0,0.0,worldpop_100m,,0.0
NSR-GRID-295,0.0,0.0,worldpop_100m,,0.0
NSR-GRID-296,0.0,0.0,worldpop_100m,,0.0
NSR-GRID-297,0.0,0.0,worldpop_100m,,0.0
NSR-GRID-298,0.0,0.0,worldpop_100m,,0.0
NSR-GRID-299,0.0,0.0,worldpop_100m,,0.0
NSR-GRID-300,0.0,0.0,worldpop_100m,,0.0
NSR-GRID-301,0.0,0.0,worldpop_100m,,0.0
NSR-GRID-302,0.0,0.0,worldpop_100m,,0.0
NSR-GRID-303,0.0,0.0,worldpop_100m,,0.0
NSR-GRID-304,0.0,0.0,worldpop_100m,,0.0
NSR-GRID-305,0.0,0.0,worldpop_100m,,0.0
NSR-GRID-306,0.0,0.0,worldpop_100m,,0.0
NSR-GRID-307,0.0,0.0,worldpop_100m,,0.0
NSR-GRID-308,0.0,0.0,worldpop_100m,,0.0
NSR-GRID-309,0.0,0.0,worldpop_100m,,0.0
NSR-GRID-310,0.0,0.0,worldpop_100m,,0.0
NSR-GRID-311,0.0,0.0,worldpop_100m,,0.0
NSR-GRID-312,0.0,0.0,worldpop_100m,,0.0
NSR-GRID-313,0.0,0.0,worldpop_100m,,0.0
NSR-GRID-314,0.0,0.0,worldpop_100m,,0.0
NSR-GRID-315,0.0,0.0,worldpop_100m,,0.0
NSR-GRID-316,0.0,0.0,worldpop_100m,,0.0
NSR-GRID-317,0.0,0.0,worldpop_100m,,0.0
NSR-GRID-318,0.0,0.0,worldpop_100m,,0.0
NSR-GRID-319,0.0,0.0,worldpop_100m,,0.0
NSR-GRID-320,0.0,0.0,worldpop_100m,,0.0
NSR-GRID-321,0.0,0.0,worldpop_100m,,0.0
NSR-GRID-322,0.0,0.0,worldpop_100m,,0.0
NSR-GRID-323,0.0,0.0,worldpop_100m,,0.0
NSR-GRID-324,0.0,0.0,worldpop_100m,,0.0
NSR-GRID-325,0.0,0.0,worldpop_100m,,0.0
NSR-GRID-326,0.0,0.0,worldpop_100m,,0.0
NSR-GRID-327,0.0,0.0,worldpop_100m,,0.0
NSR-GRID-328,0.0,0.0,worldpop_100m,,0.0
NSR-GRID-329,0.0,0.0,worldpop_100m,,0.0
NSR-GRID-330,0.0,0.0,worldpop_100m,,0.0
NSR-GRID-331,0.0,0.0,worldpop_100m,,0.0
NSR-GRID-332,0.0,0.0,worldpop_100m,,0.0
NSR-GRID-333,0.0,0.0,worldpop_100m,,0.0
NSR-GRID-334,0.0,0.0,worldpop_100m,,0.0
NSR-GRID-335,0.0,0.0,worldpop_100m,,0.0
NSR-GRID-336,0.0,0.0,worldpop_100m,,0.0
NSR-GRID-337,0.0,0.0,worldpop_100m,,0.0
NSR-GRID-338,0.0,0.0,worldpop_100m,,0.0
NSR-GRID-339,0.0,0.0,worldpop_100m,,0.0
NSR-GRID-340,0.0,0.0,worldpop_100m,,0.0
NSR-GRID-341,0.0,0.0,worldpop_100m,,0.0
NSR-GRID-342,0.0,0.0,worldpop_100m,,0.0
NSR-GRID-343,0.0,0.0,worldpop_100m,,0.0
NSR-GRID-344,0.0,0.0,worldpop_100m,,0.0
NSR-GRID-345,0.0,0.0,worldpop_100m,,0.0
NSR-GRID-346,0.0,0.0,worldpop_100m,,0.0
NSR-GRID-347,0.0,0.0,worldpop_100m,,0.0
NSR-GRID-348,0.0,0.0,worldpop_100m,,0.0
NSR-GRID-349,0.0,0.0,worldpop_100m,,0.0
NSR-GRID-350,0.0,0.0,worldpop_100m,,0.0
NSR-GRID-351,0.0,0.0,worldpop_100m,,0.0
NSR-GRID-352,0.0,0.0,worldpop_100m,,0.0
NSR-GRID-353,0.0,0.0,worldpop_100m,,0.0
NSR-GRID-354,0.0,0.0,worldpop_100m,,0.0
NSR-GRID-355,0.0,0.0,worldpop_100m,,0.0
NSR-GRID-356,0.0,0.0,worldpop_100m,,0.0
NSR-GRID-357,0.0,0.0,worldpop_100m,,0.0
NSR-GRID-358,0.0,0.0,worldpop_100m,,0.0
NSR-GRID-359,0.0,0.0,worldpop_100m,,0.0
NSR-GRID-360,0.0,0.0,worldpop_100m,,0.0
NSR-GRID-361,0.0,0.0,worldpop_100m,,0.0
NSR-GRID-362,0.0,0.0,worldpop_100m,,0.0
NSR-GRID-363,0.0,0.0,worldpop_100m,,0.0
NSR-GRID-364,0.0,0.0,worldpop_100m,,0.0
NSR-GRID-365,0.0,0.0,worldpop_100m,,0.0
NSR-GRID-366,0.0,0.0,worldpop_100m,,0.0
NSR-GRID-367,0.0,0.0,worldpop_100m,,0.0
NSR-GRID-368,0.0,0.0,worldpop_100m,,0.0
NSR-GRID-369,0.0,0.0,worldpop_100m,,0.0
NSR-GRID-370,0.0,0.0,worldpop_100m,,0.0
NSR-GRID-371,0.0,0.0,worldpop_100m,,0.0
NSR-GRID-372,0.0,0.0,worldpop_100m,,0.0
NSR-GRID-373,0.0,0.0,worldpop_100m,,0.0
NSR-GRID-374,0.0,0.0,worldpop_100m,,0.0
NSR-GRID-375,0.0,0.0,worldpop_100m,,0.0
NSR-GRID-376,0.0,0.0,worldpop_100m,,0.0
NSR-GRID-377,0.0,0.0,worldpop_100m,,0.0
NSR-GRID-378,0.0,0.0,worldpop_100m,,0.0
NSR-GRID-379,0.0,0.0,worldpop_100m,,0.0
NSR-GRID-380,0.0,0.0,worldpop_100m,,0.0
NSR-GRID-381,0.0,0.0,worldpop_100m,,0.0
NSR-GRID-382,0.0,0.0,worldpop_100m,,0.0
NSR-GRID-383,0.0,0.0,worldpop_100m,,0.0
NSR-GRID-384,0.0,0.0,worldpop_100m,,0.0
NSR-GRID-385,0.0,0.0,worldpop_100m,,0.0
NSR-GRID-386,0.0,0.0,worldpop_100m,,0.0
NSR-GRID-387,0.0,0.0,worldpop_100m,,0.0
NSR-GRID-388,0.0,0.0,worldpop_100m,,0.0
NSR-GRID-389,0.0,0.0,worldpop_100m,,0.0
NSR-GRID-390,0.0,0.0,worldpop_100m,,0.0
NSR-GRID-391,0.0,0.0,worldpop_100m,,0.0
NSR-GRID-392,0.0,0.0,worldpop_100m,,0.0
NSR-GRID-393,0.0,0.0,worldpop_100m,,0.0
NSR-GRID-394,0.0,0.0,worldpop_100m,,0.0
NSR-GRID-395,0.0,0.0,worldpop_100m,,0.0
NSR-GRID-396,0.0,0.0,worldpop_100m,,0.0
NSR-GRID-397,0.0,0.0,worldpop_100m,,0.0
NSR-GRID-398,0.0,0.0,worldpop_100m,,0.0
NSR-GRID-399,0.0,0.0,worldpop_100m,,0.0
NSR-GRID-400,0.0,0.0,worldpop_100m,,0.0
NSR-GRID-401,0.0,0.0,worldpop_100m,,0.0
NSR-GRID-402,0.0,0.0,worldpop_100m,,0.0
NSR-GRID-403,0.0,0.0,worldpop_100m,,0.0
NSR-GRID-404,0.0,0.0,worldpop_100m,,0.0
NSR-GRID-405,0.0,0.0,worldpop_100m,,0.0
NSR-GRID-406,0.0,0.0,worldpop_100m,,0.0
NSR-GRID-407,0.0,0.0,worldpop_100m,,0.0
NSR-GRID-408,0.0,0.0,worldpop_100m,,0.0
NSR-GRID-409,0.0,0.0,worldpop_100m,,0.0
NSR-GRID-410,0.0,0.0,worldpop_100m,,0.0
NSR-GRID-411,0.0,0.0,worldpop_100m,,0.0
NSR-GRID-412,0.0,0.0,worldpop_100m,,0.0
NSR-GRID-413,0.0,0.0,worldpop_100m,,0.0
NSR-GRID-414,0.0,0.0,worldpop_100m,,0.0
NSR-GRID-415,0.0,0.0,worldpop_100m,,0.0
NSR-GRID-416,0.0,0.0,worldpop_100m,,0.0
