zone_code,live_predicted_score,live_risk_class,rain_1h_mm,rain_3h_mm,rain_6h_mm,rain_24h_mm,max_precipitation_probability,temperature_2m,apparent_temperature,relative_humidity_2m,wind_speed_10m,is_rush_hour,source,target_description
NSR-GRID-001,0.5526877809526494,medium,0.0,4.0,8.0,8.0,95.0,24.5,0.0,60.0,8.5,False,Open-Meteo Forecast API,model-estimated live weather-impact risk
NSR-GRID-002,0.5169748371962605,medium,0.0,4.0,8.0,8.0,95.0,24.5,0.0,60.0,8.5,False,Open-Meteo Forecast API,model-estimated live weather-impact risk
NSR-GRID-003,0.5765198328359531,medium,0.0,4.0,8.0,8.0,95.0,24.5,0.0,60.0,8.5,False,Open-Meteo Forecast API,model-estimated live weather-impact risk
NSR-GRID-004,0.5233247376165238,medium,0.0,4.0,8.0,8.0,95.0,24.5,0.0,60.0,8.5,False,Open-Meteo Forecast API,model-estimated live weather-impact risk
NSR-GRID-005,0.6054162320127843,medium,0.0,4.0,8.0,8.0,95.0,24.5,0.0,60.0,8.5,False,Open-Meteo Forecast API,model-estimated live weather-impact risk
NSR-GRID-006,0.6254638982061675,medium,0.0,4.0,8.0,8.0,95.0,24.5,0.0,60.0,8.5,False,Open-Meteo Forecast API,model-estimated live weather-impact risk
NSR-GRID-007,0.5844649213186865,medium,0.0,4.0,8.0,8.0,95.0,24.5,0.0,60.0,8.5,False,Open-Meteo Forecast API,model-estimated live weather-impact risk
NSR-GRID-008,0.5297254220032785,medium,0.0,4.0,8.0,8.0,95.0,24.5,0.0,60.0,8.5,False,Open-Meteo Forecast API,model-estimated live weather-impact risk
NSR-GRID-009,0.5090365679365287,medium,0.0,4.0,8.0,8.0,95.0,24.5,0.0,60.0,8.5,False,Open-Meteo Forecast API,model-estimated live weather-impact risk
NSR-GRID-010,0.5602212848349574,medium,0.0,4.0,8.0,8.0,95.0,24.5,0.0,60.0,8.5,False,Open-Meteo Forecast API,model-estimated live weather-impact risk
NSR-GRID-011,0.4938710226382566,medium,0.0,4.0,8.0,8.0,95.0,24.5,0.0,60.0,8.5,False,Open-Meteo Forecast API,model-estimated live weather-impact risk
NSR-GRID-012,0.5359646893390086,medium,0.0,4.0,8.0,8.0,95.0,24.5,0.0,60.0,8.5,False,Open-Meteo Forecast API,model-estimated live weather-impact risk
NSR-GRID-013,0.5333607694344292,medium,0.0,4.0,8.0,8.0,95.0,24.5,0.0,60.0,8.5,False,Open-Meteo Forecast API,model-estimated live weather-impact risk
NSR-GRID-014,0.36064595874429345,medium,0.0,4.0,8.0,8.0,95.0,24.5,0.0,60.0,8.5,False,Open-Meteo Forecast API,model-estimated live weather-impact risk
NSR-GRID-015,0.35049111431111124,medium,0.0,4.0,8.0,8.0,95.0,24.5,0.0,60.0,8.5,False,Open-Meteo Forecast API,model-estimated live weather-impact risk
NSR-GRID-016,0.4094858227697317,medium,0.0,4.0,8.0,8.0,95.0,24.5,0.0,60.0,8.5,False,Open-Meteo Forecast API,model-estimated live weather-impact risk
NSR-GRID-017,0.41978810015156603,medium,0.0,4.0,8.0,8.0,95.0,24.5,0.0,60.0,8.5,False,Open-Meteo Forecast API,model-estimated live weather-impact risk
NSR-GRID-018,0.34646228048130223,medium,0.0,4.0,8.0,8.0,95.0,24.5,0.0,60.0,8.5,False,Open-Meteo Forecast API,model-estimated live weather-impact risk
NSR-GRID-019,0.5419951740715062,medium,0.0,4.0,8.0,8.0,95.0,24.5,0.0,60.0,8.5,False,Open-Meteo Forecast API,model-estimated live weather-impact risk
NSR-GRID-020,0.29171006309064185,low,0.0,4.0,8.0,8.0,95.0,24.5,0.0,60.0,8.5,False,Open-Meteo Forecast API,model-estimated live weather-impact risk
NSR-GRID-021,0.4523343628552423,medium,0.0,4.0,8.0,8.0,95.0,24.5,0.0,60.0,8.5,False,Open-Meteo Forecast API,model-estimated live weather-impact risk
NSR-GRID-022,0.3981382550600903,medium,0.0,4.0,8.0,8.0,95.0,24.5,0.0,60.0,8.5,False,Open-Meteo Forecast API,model-estimated live weather-impact risk
NSR-GRID-023,0.26099643105996323,low,0.0,4.0,8.0,8.0,95.0,24.5,0.0,60.0,8.5,False,Open-Meteo Forecast API,model-estimated live weather-impact risk
NSR-GRID-024,0.5562653924695973,medium,0.0,4.0,8.0,8.0,95.0,24.5,0.0,60.0,8.5,False,Open-Meteo Forecast API,model-estimated live weather-impact risk
NSR-GRID-025,0.5524586312826901,medium,0.0,4.0,8.0,8.0,95.0,24.5,0.0,60.0,8.5,False,Open-Meteo Forecast API,model-estimated live weather-impact risk
NSR-GRID-026,0.47401971061646747,medium,0.0,4.0,8.0,8.0,95.0,24.5,0.0,60.0,8.5,False,Open-Meteo Forecast API,model-estimated live weather-impact risk
NSR-GRID-027,0.5655368995128349,medium,0.0,4.0,8.0,8.0,95.0,24.5,0.0,60.0,8.5,False,Open-Meteo Forecast API,model-estimated live weather-impact risk
NSR-GRID-028,0.5075797641481294,medium,0.0,4.0,8.0,8.0,95.0,24.5,0.0,60.0,8.5,False,Open-Meteo Forecast API,model-estimated live weather-impact risk
NSR-GRID-029,0.5014773993516557,medium,0.0,4.0,8.0,8.0,95.0,24.5,0.0,60.0,8.5,False,Open-Meteo Forecast API,model-estimated live weather-impact risk
NSR-GRID-030,0.507213377622854,medium,0.0,4.0,8.0,8.0,95.0,24.5,0.0,60.0,8.5,False,Open-Meteo Forecast API,model-estimated live weather-impact risk
NSR-GRID-031,0.4131968732797367,medium,0.0,4.0,8.0,8.0,95.0,24.5,0.0,60.0,8.5,False,Open-Meteo Forecast API,model-estimated live weather-impact risk
NSR-GRID-032,0.5407845425004546,medium,0.0,4.0,8.0,8.0,95.0,24.5,0.0,60.0,8.5,False,Open-Meteo Forecast API,model-estimated live weather-impact risk
NSR-GRID-033,0.30346596484322974,low,0.0,4.0,8.0,8.0,95.0,24.5,0.0,60.0,8.5,False,Open-Meteo Forecast API,model-estimated live weather-impact risk
NSR-GRID-034,0.38376140769829387,medium,0.0,4.0,8.0,8.0,95.0,24.5,0.0,60.0,8.5,False,Open-Meteo Forecast API,model-estimated live weather-impact risk
NSR-GRID-035,0.3380638246592024,medium,0.0,4.0,8.0,8.0,95.0,24.5,0.0,60.0,8.5,False,Open-Meteo Forecast API,model-estimated live weather-impact risk
NSR-GRID-036,0.29319579893782116,low,0.0,4.0,8.0,8.0,95.0,24.5,0.0,60.0,8.5,False,Open-Meteo Forecast API,model-estimated live weather-impact risk
NSR-GRID-037,0.3698235781332006,medium,0.0,4.0,8.0,8.0,95.0,24.5,0.0,60.0,8.5,False,Open-Meteo Forecast API,model-estimated live weather-impact risk
NSR-GRID-038,0.4300687966468732,medium,0.0,4.0,8.0,8.0,95.0,24.5,0.0,60.0,8.5,False,Open-Meteo Forecast API,model-estimated live weather-impact risk
NSR-GRID-039,0.5025042020974537,medium,0.0,4.0,8.0,8.0,95.0,24.5,0.0,60.0,8.5,False,Open-Meteo Forecast API,model-estimated live weather-impact risk
NSR-GRID-040,0.42218889624219297,medium,0.0,4.0,8.0,8.0,95.0,24.5,0.0,60.0,8.5,False,Open-Meteo Forecast API,model-estimated live weather-impact risk
NSR-GRID-041,0.5460005887753143,medium,0.0,4.0,8.0,8.0,95.0,24.5,0.0,60.0,8.5,False,Open-Meteo Forecast API,model-estimated live weather-impact risk
NSR-GRID-042,0.3248373986636472,low,0.0,4.0,8.0,8.0,95.0,24.5,0.0,60.0,8.5,False,Open-Meteo Forecast API,model-estimated live weather-impact risk
NSR-GRID-043,0.4586135135931115,medium,0.0,4.0,8.0,8.0,95.0,24.5,0.0,60.0,8.5,False,Open-Meteo Forecast API,model-estimated live weather-impact risk
NSR-GRID-044,0.5552381366026592,medium,0.0,4.0,8.0,8.0,95.0,24.5,0.0,60.0,8.5,False,Open-Meteo Forecast API,model-estimated live weather-impact risk
NSR-GRID-045,0.2928895025115788,low,0.0,4.0,8.0,8.0,95.0,24.5,0.0,60.0,8.5,False,Open-Meteo Forecast API,model-estimated live weather-impact risk
NSR-GRID-046,0.4664724971062282,medium,0.0,4.0,8.0,8.0,95.0,24.5,0.0,60.0,8.5,False,Open-Meteo Forecast API,model-estimated live weather-impact risk
NSR-GRID-047,0.25598731461359486,low,0.0,4.0,8.0,8.0,95.0,24.5,0.0,60.0,8.5,False,Open-Meteo Forecast API,model-estimated live weather-impact risk
NSR-GRID-048,0.46154390491478714,medium,0.0,4.0,8.0,8.0,95.0,24.5,0.0,60.0,8.5,False,Open-Meteo Forecast API,model-estimated live weather-impact risk
NSR-GRID-049,0.2546373886152633,low,0.0,4.0,8.0,8.0,95.0,24.5,0.0,60.0,8.5,False,Open-Meteo Forecast API,model-estimated live weather-impact risk
NSR-GRID-050,0.48879142564390565,medium,0.0,4.0,8.0,8.0,95.0,24.5,0.0,60.0,8.5,False,Open-Meteo Forecast API,model-estimated live weather-impact risk
NSR-GRID-051,0.22530184242570087,low,0.0,4.0,8.0,8.0,95.0,24.5,0.0,60.0,8.5,False,Open-Meteo Forecast API,model-estimated live weather-impact risk
NSR-GRID-052,0.5198071150270837,medium,0.0,4.0,8.0,8.0,95.0,24.5,0.0,60.0,8.5,False,Open-Meteo Forecast API,model-estimated live weather-impact risk
NSR-GRID-053,0.21749362489216822,low,0.0,4.0,8.0,8.0,95.0,24.5,0.0,60.0,8.5,False,Open-Meteo Forecast API,model-estimated live weather-impact risk
NSR-GRID-054,0.5576673824929325,medium,0.0,4.0,8.0,8.0,95.0,24.5,0.0,60.0,8.5,False,Open-Meteo Forecast API,model-estimated live weather-impact risk
NSR-GRID-055,0.4624084566457024,medium,0.0,4.0,8.0,8.0,95.0,24.5,0.0,60.0,8.5,False,Open-Meteo Forecast API,model-estimated live weather-impact risk
NSR-GRID-056,0.48285394675786847,medium,0.0,4.0,8.0,8.0,95.0,24.5,0.0,60.0,8.5,False,Open-Meteo Forecast API,model-estimated live weather-impact risk
NSR-GRID-057,0.5359877474102979,medium,0.0,4.0,8.0,8.0,95.0,24.5,0.0,60.0,8.5,False,Open-Meteo Forecast API,model-estimated live weather-impact risk
NSR-GRID-058,0.5126506688661839,medium,0.0,4.0,8.0,8.0,95.0,24.5,0.0,60.0,8.5,False,Open-Meteo Forecast API,model-estimated live weather-impact risk
NSR-GRID-059,0.45740758927118813,medium,0.0,4.0,8.0,8.0,95.0,24.5,0.0,60.0,8.5,False,Open-Meteo Forecast API,model-estimated live weather-impact risk
NSR-GRID-060,0.5267927028401059,medium,0.0,4.0,8.0,8.0,95.0,24.5,0.0,60.0,8.5,False,Open-Meteo Forecast API,model-estimated live weather-impact risk
NSR-GRID-061,0.3209115351542504,low,0.0,4.0,8.0,8.0,95.0,24.5,0.0,60.0,8.5,False,Open-Meteo Forecast API,model-estimated live weather-impact risk
NSR-GRID-062,0.40840240723348514,medium,0.0,4.0,8.0,8.0,95.0,24.5,0.0,60.0,8.5,False,Open-Meteo Forecast API,model-estimated live weather-impact risk
NSR-GRID-063,0.40472679514049353,medium,0.0,4.0,8.0,8.0,95.0,24.5,0.0,60.0,8.5,False,Open-Meteo Forecast API,model-estimated live weather-impact risk
NSR-GRID-064,0.3991158582042194,medium,0.0,4.0,8.0,8.0,95.0,24.5,0.0,60.0,8.5,False,Open-Meteo Forecast API,model-estimated live weather-impact risk
NSR-GRID-065,0.5220637716637829,medium,0.0,4.0,8.0,8.0,95.0,24.5,0.0,60.0,8.5,False,Open-Meteo Forecast API,model-estimated live weather-impact risk
NSR-GRID-066,0.30732228817776935,low,0.0,4.0,8.0,8.0,95.0,24.5,0.0,60.0,8.5,False,Open-Meteo Forecast API,model-estimated live weather-impact risk
NSR-GRID-067,0.37044566169981685,medium,0.0,4.0,8.0,8.0,95.0,24.5,0.0,60.0,8.5,False,Open-Meteo Forecast API,model-estimated live weather-impact risk
NSR-GRID-068,0.5359412225051501,medium,0.0,4.0,8.0,8.0,95.0,24.5,0.0,60.0,8.5,False,Open-Meteo Forecast API,model-estimated live weather-impact risk
NSR-GRID-069,0.4294787534264091,medium,0.0,4.0,8.0,8.0,95.0,24.5,0.0,60.0,8.5,False,Open-Meteo Forecast API,model-estimated live weather-impact risk
NSR-GRID-070,0.35467585697378134,medium,0.0,4.0,8.0,8.0,95.0,24.5,0.0,60.0,8.5,False,Open-Meteo Forecast API,model-estimated live weather-impact risk
NSR-GRID-071,0.3515977951661289,medium,0.0,4.0,8.0,8.0,95.0,24.5,0.0,60.0,8.5,False,Open-Meteo Forecast API,model-estimated live weather-impact risk
NSR-GRID-072,0.26601171012261055,low,0.0,4.0,8.0,8.0,95.0,24.5,0.0,60.0,8.5,False,Open-Meteo Forecast API,model-estimated live weather-impact risk
NSR-GRID-073,0.26274450345142975,low,0.0,4.0,8.0,8.0,95.0,24.5,0.0,60.0,8.5,False,Open-Meteo Forecast API,model-estimated live weather-impact risk
NSR-GRID-074,0.24513122043348948,low,0.0,4.0,8.0,8.0,95.0,24.5,0.0,60.0,8.5,False,Open-Meteo Forecast API,model-estimated live weather-impact risk
NSR-GRID-075,0.22499365118970743,low,0.0,4.0,8.0,8.0,95.0,24.5,0.0,60.0,8.5,False,Open-Meteo Forecast API,model-estimated live weather-impact risk
NSR-GRID-076,0.20747253092984572,low,0.0,4.0,8.0,8.0,95.0,24.5,0.0,60.0,8.5,False,Open-Meteo Forecast API,model-estimated live weather-impact risk
NSR-GRID-077,0.22477731033030537,low,0.0,4.0,8.0,8.0,95.0,24.5,0.0,60.0,8.5,False,Open-Meteo Forecast API,model-estimated live weather-impact risk
NSR-GRID-078,0.45201284492139443,medium,0.0,4.0,8.0,8.0,95.0,24.5,0.0,60.0,8.5,False,Open-Meteo Forecast API,model-estimated live weather-impact risk
NSR-GRID-079,0.24651687911863523,low,0.0,4.0,8.0,8.0,95.0,24.5,0.0,60.0,8.5,False,Open-Meteo Forecast API,model-estimated live weather-impact risk
NSR-GRID-080,0.5163395747553832,medium,0.0,4.0,8.0,8.0,95.0,24.5,0.0,60.0,8.5,False,Open-Meteo Forecast API,model-estimated live weather-impact risk
NSR-GRID-081,0.23174491210832437,low,0.0,4.0,8.0,8.0,95.0,24.5,0.0,60.0,8.5,False,Open-Meteo Forecast API,model-estimated live weather-impact risk
NSR-GRID-082,0.53027684575325,medium,0.0,4.0,8.0,8.0,95.0,24.5,0.0,60.0,8.5,False,Open-Meteo Forecast API,model-estimated live weather-impact risk
NSR-GRID-083,0.5269312224667951,medium,0.0,4.0,8.0,8.0,95.0,24.5,0.0,60.0,8.5,False,Open-Meteo Forecast API,model-estimated live weather-impact risk
NSR-GRID-084,0.5047695448731024,medium,0.0,4.0,8.0,8.0,95.0,24.5,0.0,60.0,8.5,False,Open-Meteo Forecast API,model-estimated live weather-impact risk
NSR-GRID-085,0.4947846565436194,medium,0.0,4.0,8.0,8.0,95.0,24.5,0.0,60.0,8.5,False,Open-Meteo Forecast API,model-estimated live weather-impact risk
NSR-GRID-086,0.4498642066753941,medium,0.0,4.0,8.0,8.0,95.0,24.5,0.0,60.0,8.5,False,Open-Meteo Forecast API,model-estimated live weather-impact risk
NSR-GRID-087,0.5101116899707336,medium,0.0,4.0,8.0,8.0,95.0,24.5,0.0,60.0,8.5,False,Open-Meteo Forecast API,model-estimated live weather-impact risk
NSR-GRID-088,0.4157518828843605,medium,0.0,4.0,8.0,8.0,95.0,24.5,0.0,60.0,8.5,False,Open-Meteo Forecast API,model-estimated live weather-impact risk
NSR-GRID-089,0.47807738711578235,medium,0.0,4.0,8.0,8.0,95.0,24.5,0.0,60.0,8.5,False,Open-Meteo Forecast API,model-estimated live weather-impact risk
NSR-GRID-090,0.4366323881455497,medium,0.0,4.0,8.0,8.0,95.0,24.5,0.0,60.0,8.5,False,Open-Meteo Forecast API,model-estimated live weather-impact risk
NSR-GRID-091,0.399622761328138,medium,0.0,4.0,8.0,8.0,95.0,24.5,0.0,60.0,8.5,False,Open-Meteo Forecast API,model-estimated live weather-impact risk
NSR-GRID-092,0.542669577547293,medium,0.0,4.0,8.0,8.0,95.0,24.5,0.0,60.0,8.5,False,Open-Meteo Forecast API,model-estimated live weather-impact risk
NSR-GRID-093,0.43162509416536626,medium,0.0,4.0,8.0,8.0,95.0,24.5,0.0,60.0,8.5,False,Open-Meteo Forecast API,model-estimated live weather-impact risk
NSR-GRID-094,0.4894601593059739,medium,0.0,4.0,8.0,8.0,95.0,24.5,0.0,60.0,8.5,False,Open-Meteo Forecast API,model-estimated live weather-impact risk
NSR-GRID-095,0.4355864898418916,medium,0.0,4.0,8.0,8.0,95.0,24.5,0.0,60.0,8.5,False,Open-Meteo Forecast API,model-estimated live weather-impact risk
NSR-GRID-096,0.48023109648039414,medium,0.0,4.0,8.0,8.0,95.0,24.5,0.0,60.0,8.5,False,Open-Meteo Forecast API,model-estimated live weather-impact risk
NSR-GRID-097,0.41398719654953003,medium,0.0,4.0,8.0,8.0,95.0,24.5,0.0,60.0,8.5,False,Open-Meteo Forecast API,model-estimated live weather-impact risk
NSR-GRID-098,0.4324705724307435,medium,0.0,4.0,8.0,8.0,95.0,24.5,0.0,60.0,8.5,False,Open-Meteo Forecast API,model-estimated live weather-impact risk
NSR-GRID-099,0.40796660486261854,medium,0.0,4.0,8.0,8.0,95.0,24.5,0.0,60.0,8.5,False,Open-Meteo Forecast API,model-estimated live weather-impact risk
NSR-GRID-100,0.2304427785162087,low,0.0,4.0,8.0,8.0,95.0,24.5,0.0,60.0,8.5,False,Open-Meteo Forecast API,model-estimated live weather-impact risk
NSR-GRID-101,0.26429283538714665,low,0.0,4.0,8.0,8.0,95.0,24.5,0.0,60.0,8.5,False,Open-Meteo Forecast API,model-estimated live weather-impact risk
NSR-GRID-102,0.2511940136639937,low,0.0,4.0,8.0,8.0,95.0,24.5,0.0,60.0,8.5,False,Open-Meteo Forecast API,model-estimated live weather-impact risk
NSR-GRID-103,0.2290212989667659,low,0.0,4.0,8.0,8.0,95.0,24.5,0.0,60.0,8.5,False,Open-Meteo Forecast API,model-estimated live weather-impact risk
NSR-GRID-104,0.2542937660617881,low,0.0,4.0,8.0,8.0,95.0,24.5,0.0,60.0,8.5,False,Open-Meteo Forecast API,model-estimated live weather-impact risk
NSR-GRID-105,0.4719780227986902,medium,0.0,4.0,8.0,8.0,95.0,24.5,0.0,60.0,8.5,False,Open-Meteo Forecast API,model-estimated live weather-impact risk
NSR-GRID-106,0.24780458826478802,low,0.0,4.0,8.0,8.0,95.0,24.5,0.0,60.0,8.5,False,Open-Meteo Forecast API,model-estimated live weather-impact risk
NSR-GRID-107,0.5314786197161855,medium,0.0,4.0,8.0,8.0,95.0,24.5,0.0,60.0,8.5,False,Open-Meteo Forecast API,model-estimated live weather-impact risk
NSR-GRID-108,0.4890781797372895,medium,0.0,4.0,8.0,8.0,95.0,24.5,0.0,60.0,8.5,False,Open-Meteo Forecast API,model-estimated live weather-impact risk
NSR-GRID-109,0.5458419931397037,medium,0.0,4.0,8.0,8.0,95.0,24.5,0.0,60.0,8.5,False,Open-Meteo Forecast API,model-estimated live weather-impact risk
NSR-GRID-110,0.45880700222450194,medium,0.0,4.0,8.0,8.0,95.0,24.5,0.0,60.0,8.5,False,Open-Meteo Forecast API,model-estimated live weather-impact risk
NSR-GRID-111,0.48595389632575564,medium,0.0,4.0,8.0,8.0,95.0,24.5,0.0,60.0,8.5,False,Open-Meteo Forecast API,model-estimated live weather-impact risk
NSR-GRID-112,0.5058309050579051,medium,0.0,4.0,8.0,8.0,95.0,24.5,0.0,60.0,8.5,False,Open-Meteo Forecast API,model-estimated live weather-impact risk
NSR-GRID-113,0.5002604116390689,medium,0.0,4.0,8.0,8.0,95.0,24.5,0.0,60.0,8.5,False,Open-Meteo Forecast API,model-estimated live weather-impact risk
NSR-GRID-114,0.5165766718719218,medium,0.0,4.0,8.0,8.0,95.0,24.5,0.0,60.0,8.5,False,Open-Meteo Forecast API,model-estimated live weather-impact risk
NSR-GRID-115,0.532157554858797,medium,0.0,4.0,8.0,8.0,95.0,24.5,0.0,60.0,8.5,False,Open-Meteo Forecast API,model-estimated live weather-impact risk
NSR-GRID-116,0.4502289054557608,medium,0.0,4.0,8.0,8.0,95.0,24.5,0.0,60.0,8.5,False,Open-Meteo Forecast API,model-estimated live weather-impact risk
NSR-GRID-117,0.34931497088845104,medium,0.0,4.0,8.0,8.0,95.0,24.5,0.0,60.0,8.5,False,Open-Meteo Forecast API,model-estimated live weather-impact risk
NSR-GRID-118,0.3150951724011136,low,0.0,4.0,8.0,8.0,95.0,24.5,0.0,60.0,8.5,False,Open-Meteo Forecast API,model-estimated live weather-impact risk
NSR-GRID-119,0.5651509378636362,medium,0.0,4.0,8.0,8.0,95.0,24.5,0.0,60.0,8.5,False,Open-Meteo Forecast API,model-estimated live weather-impact risk
NSR-GRID-120,0.5845505065834722,medium,0.0,4.0,8.0,8.0,95.0,24.5,0.0,60.0,8.5,False,Open-Meteo Forecast API,model-estimated live weather-impact risk
NSR-GRID-121,0.537380318594396,medium,0.0,4.0,8.0,8.0,95.0,24.5,0.0,60.0,8.5,False,Open-Meteo Forecast API,model-estimated live weather-impact risk
NSR-GRID-122,0.5013879046466523,medium,0.0,4.0,8.0,8.0,95.0,24.5,0.0,60.0,8.5,False,Open-Meteo Forecast API,model-estimated live weather-impact risk
NSR-GRID-123,0.5097041911409317,medium,0.0,4.0,8.0,8.0,95.0,24.5,0.0,60.0,8.5,False,Open-Meteo Forecast API,model-estimated live weather-impact risk
NSR-GRID-124,0.4616043215352794,medium,0.0,4.0,8.0,8.0,95.0,24.5,0.0,60.0,8.5,False,Open-Meteo Forecast API,model-estimated live weather-impact risk
NSR-GRID-125,0.3042995658409305,low,0.0,4.0,8.0,8.0,95.0,24.5,0.0,60.0,8.5,False,Open-Meteo Forecast API,model-estimated live weather-impact risk
NSR-GRID-126,0.27307531138005053,low,0.0,4.0,8.0,8.0,95.0,24.5,0.0,60.0,8.5,False,Open-Meteo Forecast API,model-estimated live weather-impact risk
NSR-GRID-127,0.2367678722685619,low,0.0,4.0,8.0,8.0,95.0,24.5,0.0,60.0,8.5,False,Open-Meteo Forecast API,model-estimated live weather-impact risk
NSR-GRID-128,0.34214117354461604,medium,0.0,4.0,8.0,8.0,95.0,24.5,0.0,60.0,8.5,False,Open-Meteo Forecast API,model-estimated live weather-impact risk
NSR-GRID-129,0.27503456819180516,low,0.0,4.0,8.0,8.0,95.0,24.5,0.0,60.0,8.5,False,Open-Meteo Forecast API,model-estimated live weather-impact risk
NSR-GRID-130,0.4932505176995875,medium,0.0,4.0,8.0,8.0,95.0,24.5,0.0,60.0,8.5,False,Open-Meteo Forecast API,model-estimated live weather-impact risk
NSR-GRID-131,0.23694238375605609,low,0.0,4.0,8.0,8.0,95.0,24.5,0.0,60.0,8.5,False,Open-Meteo Forecast API,model-estimated live weather-impact risk
NSR-GRID-132,0.5383078196348065,medium,0.0,4.0,8.0,8.0,95.0,24.5,0.0,60.0,8.5,False,Open-Meteo Forecast API,model-estimated live weather-impact risk
NSR-GRID-133,0.5406758045558728,medium,0.0,4.0,8.0,8.0,95.0,24.5,0.0,60.0,8.5,False,Open-Meteo Forecast API,model-estimated live weather-impact risk
NSR-GRID-134,0.49476057360885356,medium,0.0,4.0,8.0,8.0,95.0,24.5,0.0,60.0,8.5,False,Open-Meteo Forecast API,model-estimated live weather-impact risk
NSR-GRID-135,0.5099646013560483,medium,0.0,4.0,8.0,8.0,95.0,24.5,0.0,60.0,8.5,False,Open-Meteo Forecast API,model-estimated live weather-impact risk
NSR-GRID-136,0.4328741964105822,medium,0.0,4.0,8.0,8.0,95.0,24.5,0.0,60.0,8.5,False,Open-Meteo Forecast API,model-estimated live weather-impact risk
NSR-GRID-137,0.4757949671870683,medium,0.0,4.0,8.0,8.0,95.0,24.5,0.0,60.0,8.5,False,Open-Meteo Forecast API,model-estimated live weather-impact risk
NSR-GRID-138,0.4292518411468011,medium,0.0,4.0,8.0,8.0,95.0,24.5,0.0,60.0,8.5,False,Open-Meteo Forecast API,model-estimated live weather-impact risk
NSR-GRID-139,0.48648537281434956,medium,0.0,4.0,8.0,8.0,95.0,24.5,0.0,60.0,8.5,False,Open-Meteo Forecast API,model-estimated live weather-impact risk
NSR-GRID-140,0.2068240320078948,low,0.0,4.0,8.0,8.0,95.0,24.5,0.0,60.0,8.5,False,Open-Meteo Forecast API,model-estimated live weather-impact risk
NSR-GRID-141,0.2056535628640731,low,0.0,4.0,8.0,8.0,95.0,24.5,0.0,60.0,8.5,False,Open-Meteo Forecast API,model-estimated live weather-impact risk
NSR-GRID-142,0.3580056744064834,medium,0.0,4.0,8.0,8.0,95.0,24.5,0.0,60.0,8.5,False,Open-Meteo Forecast API,model-estimated live weather-impact risk
NSR-GRID-143,0.5508443947424394,medium,0.0,4.0,8.0,8.0,95.0,24.5,0.0,60.0,8.5,False,Open-Meteo Forecast API,model-estimated live weather-impact risk
NSR-GRID-144,0.5657354787594839,medium,0.0,4.0,8.0,8.0,95.0,24.5,0.0,60.0,8.5,False,Open-Meteo Forecast API,model-estimated live weather-impact risk
NSR-GRID-145,0.47981286176074245,medium,0.0,4.0,8.0,8.0,95.0,24.5,0.0,60.0,8.5,False,Open-Meteo Forecast API,model-estimated live weather-impact risk
NSR-GRID-146,0.47005948992114865,medium,0.0,4.0,8.0,8.0,95.0,24.5,0.0,60.0,8.5,False,Open-Meteo Forecast API,model-estimated live weather-impact risk
NSR-GRID-147,0.47449574206368555,medium,0.0,4.0,8.0,8.0,95.0,24.5,0.0,60.0,8.5,False,Open-Meteo Forecast API,model-estimated live weather-impact risk
NSR-GRID-148,0.4223079614976928,medium,0.0,4.0,8.0,8.0,95.0,24.5,0.0,60.0,8.5,False,Open-Meteo Forecast API,model-estimated live weather-impact risk
NSR-GRID-149,0.5060930995402066,medium,0.0,4.0,8.0,8.0,95.0,24.5,0.0,60.0,8.5,False,Open-Meteo Forecast API,model-estimated live weather-impact risk
NSR-GRID-150,0.4046123174983199,medium,0.0,4.0,8.0,8.0,95.0,24.5,0.0,60.0,8.5,False,Open-Meteo Forecast API,model-estimated live weather-impact risk
NSR-GRID-151,0.22055637879743184,low,0.0,4.0,8.0,8.0,95.0,24.5,0.0,60.0,8.5,False,Open-Meteo Forecast API,model-estimated live weather-impact risk
NSR-GRID-152,0.4639923006730055,medium,0.0,4.0,8.0,8.0,95.0,24.5,0.0,60.0,8.5,False,Open-Meteo Forecast API,model-estimated live weather-impact risk
NSR-GRID-153,0.5503803668943332,medium,0.0,4.0,8.0,8.0,95.0,24.5,0.0,60.0,8.5,False,Open-Meteo Forecast API,model-estimated live weather-impact risk
NSR-GRID-154,0.5292908349960518,medium,0.0,4.0,8.0,8.0,95.0,24.5,0.0,60.0,8.5,False,Open-Meteo Forecast API,model-estimated live weather-impact risk
NSR-GRID-155,0.5167531106472157,medium,0.0,4.0,8.0,8.0,95.0,24.5,0.0,60.0,8.5,False,Open-Meteo Forecast API,model-estimated live weather-impact risk
NSR-GRID-156,0.5101514151836717,medium,0.0,4.0,8.0,8.0,95.0,24.5,0.0,60.0,8.5,False,Open-Meteo Forecast API,model-estimated live weather-impact risk
NSR-GRID-157,0.48841008920844153,medium,0.0,4.0,8.0,8.0,95.0,24.5,0.0,60.0,8.5,False,Open-Meteo Forecast API,model-estimated live weather-impact risk
NSR-GRID-158,0.5138044923819213,medium,0.0,4.0,8.0,8.0,95.0,24.5,0.0,60.0,8.5,False,Open-Meteo Forecast API,model-estimated live weather-impact risk
NSR-GRID-159,0.46844014834984754,medium,0.0,4.0,8.0,8.0,95.0,24.5,0.0,60.0,8.5,False,Open-Meteo Forecast API,model-estimated live weather-impact risk
NSR-GRID-160,0.5334391500241351,medium,0.0,4.0,8.0,8.0,95.0,24.5,0.0,60.0,8.5,False,Open-Meteo Forecast API,model-estimated live weather-impact risk
NSR-GRID-161,0.4557657503495038,medium,0.0,4.0,8.0,8.0,95.0,24.5,0.0,60.0,8.5,False,Open-Meteo Forecast API,model-estimated live weather-impact risk
NSR-GRID-162,0.3802484748240007,medium,0.0,4.0,8.0,8.0,95.0,24.5,0.0,60.0,8.5,False,Open-Meteo Forecast API,model-estimated live weather-impact risk
NSR-GRID-163,0.45304423733831867,medium,0.0,4.0,8.0,8.0,95.0,24.5,0.0,60.0,8.5,False,Open-Meteo Forecast API,model-estimated live weather-impact risk
NSR-GRID-164,0.4858063766559202,medium,0.0,4.0,8.0,8.0,95.0,24.5,0.0,60.0,8.5,False,Open-Meteo Forecast API,model-estimated live weather-impact risk
NSR-GRID-165,0.5243493198428691,medium,0.0,4.0,8.0,8.0,95.0,24.5,0.0,60.0,8.5,False,Open-Meteo Forecast API,model-estimated live weather-impact risk
NSR-GRID-166,0.49458832643409606,medium,0.0,4.0,8.0,8.0,95.0,24.5,0.0,60.0,8.5,False,Open-Meteo Forecast API,model-estimated live weather-impact risk
NSR-GRID-167,0.4745901435354681,medium,0.0,4.0,8.0,8.0,95.0,24.5,0.0,60.0,8.5,False,Open-Meteo Forecast API,model-estimated live weather-impact risk
NSR-GRID-168,0.4580540929422409,medium,0.0,4.0,8.0,8.0,95.0,24.5,0.0,60.0,8.5,False,Open-Meteo Forecast API,model-estimated live weather-impact risk
NSR-GRID-169,0.4126560262249278,medium,0.0,4.0,8.0,8.0,95.0,24.5,0.0,60.0,8.5,False,Open-Meteo Forecast API,model-estimated live weather-impact risk
NSR-GRID-170,0.37126956252726095,medium,0.0,4.0,8.0,8.0,95.0,24.5,0.0,60.0,8.5,False,Open-Meteo Forecast API,model-estimated live weather-impact risk
NSR-GRID-171,0.25639294324749895,low,0.0,4.0,8.0,8.0,95.0,24.5,0.0,60.0,8.5,False,Open-Meteo Forecast API,model-estimated live weather-impact risk
NSR-GRID-172,0.25198977098258396,low,0.0,4.0,8.0,8.0,95.0,24.5,0.0,60.0,8.5,False,Open-Meteo Forecast API,model-estimated live weather-impact risk
NSR-GRID-173,0.23531957192182698,low,0.0,4.0,8.0,8.0,95.0,24.5,0.0,60.0,8.5,False,Open-Meteo Forecast API,model-estimated live weather-impact risk
NSR-GRID-174,0.46410463228329624,medium,0.0,4.0,8.0,8.0,95.0,24.5,0.0,60.0,8.5,False,Open-Meteo Forecast API,model-estimated live weather-impact risk
NSR-GRID-175,0.5372798059386213,medium,0.0,4.0,8.0,8.0,95.0,24.5,0.0,60.0,8.5,False,Open-Meteo Forecast API,model-estimated live weather-impact risk
NSR-GRID-176,0.5185923016350906,medium,0.0,4.0,8.0,8.0,95.0,24.5,0.0,60.0,8.5,False,Open-Meteo Forecast API,model-estimated live weather-impact risk
NSR-GRID-177,0.5091335690477706,medium,0.0,4.0,8.0,8.0,95.0,24.5,0.0,60.0,8.5,False,Open-Meteo Forecast API,model-estimated live weather-impact risk
NSR-GRID-178,0.49950515854237454,medium,0.0,4.0,8.0,8.0,95.0,24.5,0.0,60.0,8.5,False,Open-Meteo Forecast API,model-estimated live weather-impact risk
NSR-GRID-179,0.49525306450394435,medium,0.0,4.0,8.0,8.0,95.0,24.5,0.0,60.0,8.5,False,Open-Meteo Forecast API,model-estimated live weather-impact risk
NSR-GRID-180,0.45697490842658256,medium,0.0,4.0,8.0,8.0,95.0,24.5,0.0,60.0,8.5,False,Open-Meteo Forecast API,model-estimated live weather-impact risk
NSR-GRID-181,0.4466770308305366,medium,0.0,4.0,8.0,8.0,95.0,24.5,0.0,60.0,8.5,False,Open-Meteo Forecast API,model-estimated live weather-impact risk
NSR-GRID-182,0.5561304546803979,medium,0.0,4.0,8.0,8.0,95.0,24.5,0.0,60.0,8.5,False,Open-Meteo Forecast API,model-estimated live weather-impact risk
NSR-GRID-183,0.496891409090329,medium,0.0,4.0,8.0,8.0,95.0,24.5,0.0,60.0,8.5,False,Open-Meteo Forecast API,model-estimated live weather-impact risk
NSR-GRID-184,0.5056095637603975,medium,0.0,4.0,8.0,8.0,95.0,24.5,0.0,60.0,8.5,False,Open-Meteo Forecast API,model-estimated live weather-impact risk
NSR-GRID-185,0.43219388207074455,medium,0.0,4.0,8.0,8.0,95.0,24.5,0.0,60.0,8.5,False,Open-Meteo Forecast API,model-estimated live weather-impact risk
NSR-GRID-186,0.47690462527587196,medium,0.0,4.0,8.0,8.0,95.0,24.5,0.0,60.0,8.5,False,Open-Meteo Forecast API,model-estimated live weather-impact risk
NSR-GRID-187,0.533504236448804,medium,0.0,4.0,8.0,8.0,95.0,24.5,0.0,60.0,8.5,False,Open-Meteo Forecast API,model-estimated live weather-impact risk
NSR-GRID-188,0.5379851104646436,medium,0.0,4.0,8.0,8.0,95.0,24.5,0.0,60.0,8.5,False,Open-Meteo Forecast API,model-estimated live weather-impact risk
NSR-GRID-189,0.5272460943027056,medium,0.0,4.0,8.0,8.0,95.0,24.5,0.0,60.0,8.5,False,Open-Meteo Forecast API,model-estimated live weather-impact risk
NSR-GRID-190,0.4613722703272969,medium,0.0,4.0,8.0,8.0,95.0,24.5,0.0,60.0,8.5,False,Open-Meteo Forecast API,model-estimated live weather-impact risk
NSR-GRID-191,0.3730761385257404,medium,0.0,4.0,8.0,8.0,95.0,24.5,0.0,60.0,8.5,False,Open-Meteo Forecast API,model-estimated live weather-impact risk
NSR-GRID-192,0.2569278718567339,low,0.0,4.0,8.0,8.0,95.0,24.5,0.0,60.0,8.5,False,Open-Meteo Forecast API,model-estimated live weather-impact risk
NSR-GRID-193,0.5528338405375472,medium,0.0,4.0,8.0,8.0,95.0,24.5,0.0,60.0,8.5,False,Open-Meteo Forecast API,model-estimated live weather-impact risk
NSR-GRID-194,0.3413317878034224,medium,0.0,4.0,8.0,8.0,95.0,24.5,0.0,60.0,8.5,False,Open-Meteo Forecast API,model-estimated live weather-impact risk
NSR-GRID-195,0.48728810513135506,medium,0.0,4.0,8.0,8.0,95.0,24.5,0.0,60.0,8.5,False,Open-Meteo Forecast API,model-estimated live weather-impact risk
NSR-GRID-196,0.3292638175122632,low,0.0,4.0,8.0,8.0,95.0,24.5,0.0,60.0,8.5,False,Open-Meteo Forecast API,model-estimated live weather-impact risk
NSR-GRID-197,0.4736625674188188,medium,0.0,4.0,8.0,8.0,95.0,24.5,0.0,60.0,8.5,False,Open-Meteo Forecast API,model-estimated live weather-impact risk
NSR-GRID-198,0.4237199895785719,medium,0.0,4.0,8.0,8.0,95.0,24.5,0.0,60.0,8.5,False,Open-Meteo Forecast API,model-estimated live weather-impact risk
NSR-GRID-199,0.4866383490357457,medium,0.0,4.0,8.0,8.0,95.0,24.5,0.0,60.0,8.5,False,Open-Meteo Forecast API,model-estimated live weather-impact risk
NSR-GRID-200,0.50645893367924,medium,0.0,4.0,8.0,8.0,95.0,24.5,0.0,60.0,8.5,False,Open-Meteo Forecast API,model-estimated live weather-impact risk
NSR-GRID-201,0.48261763557971504,medium,0.0,4.0,8.0,8.0,95.0,24.5,0.0,60.0,8.5,False,Open-Meteo Forecast API,model-estimated live weather-impact risk
NSR-GRID-202,0.49002449476205734,medium,0.0,4.0,8.0,8.0,95.0,24.5,0.0,60.0,8.5,False,Open-Meteo Forecast API,model-estimated live weather-impact risk
NSR-GRID-203,0.5007960679616923,medium,0.0,4.0,8.0,8.0,95.0,24.5,0.0,60.0,8.5,False,Open-Meteo Forecast API,model-estimated live weather-impact risk
NSR-GRID-204,0.5332965643889819,medium,0.0,4.0,8.0,8.0,95.0,24.5,0.0,60.0,8.5,False,Open-Meteo Forecast API,model-estimated live weather-impact risk
NSR-GRID-205,0.4605197155248164,medium,0.0,4.0,8.0,8.0,95.0,24.5,0.0,60.0,8.5,False,Open-Meteo Forecast API,model-estimated live weather-impact risk
NSR-GRID-206,0.5144388950849726,medium,0.0,4.0,8.0,8.0,95.0,24.5,0.0,60.0,8.5,False,Open-Meteo Forecast API,model-estimated live weather-impact risk
NSR-GRID-207,0.4948880504342506,medium,0.0,4.0,8.0,8.0,95.0,24.5,0.0,60.0,8.5,False,Open-Meteo Forecast API,model-estimated live weather-impact risk
NSR-GRID-208,0.5399503727154714,medium,0.0,4.0,8.0,8.0,95.0,24.5,0.0,60.0,8.5,False,Open-Meteo Forecast API,model-estimated live weather-impact risk
NSR-GRID-209,0.519819697809647,medium,0.0,4.0,8.0,8.0,95.0,24.5,0.0,60.0,8.5,False,Open-Meteo Forecast API,model-estimated live weather-impact risk
NSR-GRID-210,0.5335920204343952,medium,0.0,4.0,8.0,8.0,95.0,24.5,0.0,60.0,8.5,False,Open-Meteo Forecast API,model-estimated live weather-impact risk
NSR-GRID-211,0.5222021864151282,medium,0.0,4.0,8.0,8.0,95.0,24.5,0.0,60.0,8.5,False,Open-Meteo Forecast API,model-estimated live weather-impact risk
NSR-GRID-212,0.4242497339049608,medium,0.0,4.0,8.0,8.0,95.0,24.5,0.0,60.0,8.5,False,Open-Meteo Forecast API,model-estimated live weather-impact risk
NSR-GRID-213,0.35130485806213685,medium,0.0,4.0,8.0,8.0,95.0,24.5,0.0,60.0,8.5,False,Open-Meteo Forecast API,model-estimated live weather-impact risk
NSR-GRID-214,0.5248425257948027,medium,0.0,4.0,8.0,8.0,95.0,24.5,0.0,60.0,8.5,False,Open-Meteo Forecast API,model-estimated live weather-impact risk
NSR-GRID-215,0.49221370434028616,medium,0.0,4.0,8.0,8.0,95.0,24.5,0.0,60.0,8.5,False,Open-Meteo Forecast API,model-estimated live weather-impact risk
NSR-GRID-216,0.49287261596552867,medium,0.0,4.0,8.0,8.0,95.0,24.5,0.0,60.0,8.5,False,Open-Meteo Forecast API,model-estimated live weather-impact risk
NSR-GRID-217,0.5186175942454032,medium,0.0,4.0,8.0,8.0,95.0,24.5,0.0,60.0,8.5,False,Open-Meteo Forecast API,model-estimated live weather-impact risk
NSR-GRID-218,0.518059890389917,medium,0.0,4.0,8.0,8.0,95.0,24.5,0.0,60.0,8.5,False,Open-Meteo Forecast API,model-estimated live weather-impact risk
NSR-GRID-219,0.4665976030873273,medium,0.0,4.0,8.0,8.0,95.0,24.5,0.0,60.0,8.5,False,Open-Meteo Forecast API,model-estimated live weather-impact risk
NSR-GRID-220,0.49476139801796337,medium,0.0,4.0,8.0,8.0,95.0,24.5,0.0,60.0,8.5,False,Open-Meteo Forecast API,model-estimated live weather-impact risk
NSR-GRID-221,0.5920072949356319,medium,0.0,4.0,8.0,8.0,95.0,24.5,0.0,60.0,8.5,False,Open-Meteo Forecast API,model-estimated live weather-impact risk
NSR-GRID-222,0.4747969339036418,medium,0.0,4.0,8.0,8.0,95.0,24.5,0.0,60.0,8.5,False,Open-Meteo Forecast API,model-estimated live weather-impact risk
NSR-GRID-223,0.5407608823304997,medium,0.0,4.0,8.0,8.0,95.0,24.5,0.0,60.0,8.5,False,Open-Meteo Forecast API,model-estimated live weather-impact risk
NSR-GRID-224,0.5333550549420117,medium,0.0,4.0,8.0,8.0,95.0,24.5,0.0,60.0,8.5,False,Open-Meteo Forecast API,model-estimated live weather-impact risk
NSR-GRID-225,0.4757579304323956,medium,0.0,4.0,8.0,8.0,95.0,24.5,0.0,60.0,8.5,False,Open-Meteo Forecast API,model-estimated live weather-impact risk
NSR-GRID-226,0.4419510139258507,medium,0.0,4.0,8.0,8.0,95.0,24.5,0.0,60.0,8.5,False,Open-Meteo Forecast API,model-estimated live weather-impact risk
NSR-GRID-227,0.5321490570687336,medium,0.0,4.0,8.0,8.0,95.0,24.5,0.0,60.0,8.5,False,Open-Meteo Forecast API,model-estimated live weather-impact risk
NSR-GRID-228,0.4986203776284317,medium,0.0,4.0,8.0,8.0,95.0,24.5,0.0,60.0,8.5,False,Open-Meteo Forecast API,model-estimated live weather-impact risk
NSR-GRID-229,0.532793070478508,medium,0.0,4.0,8.0,8.0,95.0,24.5,0.0,60.0,8.5,False,Open-Meteo Forecast API,model-estimated live weather-impact risk
NSR-GRID-230,0.5250260329575841,medium,0.0,4.0,8.0,8.0,95.0,24.5,0.0,60.0,8.5,False,Open-Meteo Forecast API,model-estimated live weather-impact risk
NSR-GRID-231,0.2209921972776937,low,0.0,4.0,8.0,8.0,95.0,24.5,0.0,60.0,8.5,False,Open-Meteo Forecast API,model-estimated live weather-impact risk
NSR-GRID-232,0.5171196484276114,medium,0.0,4.0,8.0,8.0,95.0,24.5,0.0,60.0,8.5,False,Open-Meteo Forecast API,model-estimated live weather-impact risk
NSR-GRID-233,0.5304534219243827,medium,0.0,4.0,8.0,8.0,95.0,24.5,0.0,60.0,8.5,False,Open-Meteo Forecast API,model-estimated live weather-impact risk
NSR-GRID-234,0.5283975784664257,medium,0.0,4.0,8.0,8.0,95.0,24.5,0.0,60.0,8.5,False,Open-Meteo Forecast API,model-estimated live weather-impact risk
NSR-GRID-235,0.526864840864091,medium,0.0,4.0,8.0,8.0,95.0,24.5,0.0,60.0,8.5,False,Open-Meteo Forecast API,model-estimated live weather-impact risk
NSR-GRID-236,0.45568783094058335,medium,0.0,4.0,8.0,8.0,95.0,24.5,0.0,60.0,8.5,False,Open-Meteo Forecast API,model-estimated live weather-impact risk
NSR-GRID-237,0.2503690313079932,low,0.0,4.0,8.0,8.0,95.0,24.5,0.0,60.0,8.5,False,Open-Meteo Forecast API,model-estimated live weather-impact risk
NSR-GRID-238,0.3836841774374987,medium,0.0,4.0,8.0,8.0,95.0,24.5,0.0,60.0,8.5,False,Open-Meteo Forecast API,model-estimated live weather-impact risk
NSR-GRID-239,0.45614775327111506,medium,0.0,4.0,8.0,8.0,95.0,24.5,0.0,60.0,8.5,False,Open-Meteo Forecast API,model-estimated live weather-impact risk
NSR-GRID-240,0.430931460992075,medium,0.0,4.0,8.0,8.0,95.0,24.5,0.0,60.0,8.5,False,Open-Meteo Forecast API,model-estimated live weather-impact risk
NSR-GRID-241,0.48950393356295974,medium,0.0,4.0,8.0,8.0,95.0,24.5,0.0,60.0,8.5,False,Open-Meteo Forecast API,model-estimated live weather-impact risk
NSR-GRID-242,0.5116831449611822,medium,0.0,4.0,8.0,8.0,95.0,24.5,0.0,60.0,8.5,False,Open-Meteo Forecast API,model-estimated live weather-impact risk
NSR-GRID-243,0.4181016718278067,medium,0.0,4.0,8.0,8.0,95.0,24.5,0.0,60.0,8.5,False,Open-Meteo Forecast API,model-estimated live weather-impact risk
NSR-GRID-244,0.191106097919122,low,0.0,4.0,8.0,8.0,95.0,24.5,0.0,60.0,8.5,False,Open-Meteo Forecast API,model-estimated live weather-impact risk
NSR-GRID-245,0.320314681524358,low,0.0,4.0,8.0,8.0,95.0,24.5,0.0,60.0,8.5,False,Open-Meteo Forecast API,model-estimated live weather-impact risk
NSR-GRID-246,0.43163880610143157,medium,0.0,4.0,8.0,8.0,95.0,24.5,0.0,60.0,8.5,False,Open-Meteo Forecast API,model-estimated live weather-impact risk
NSR-GRID-247,0.39873370811811043,medium,0.0,4.0,8.0,8.0,95.0,24.5,0.0,60.0,8.5,False,Open-Meteo Forecast API,model-estimated live weather-impact risk
NSR-GRID-248,0.41535105522916377,medium,0.0,4.0,8.0,8.0,95.0,24.5,0.0,60.0,8.5,False,Open-Meteo Forecast API,model-estimated live weather-impact risk
NSR-GRID-249,0.5408090266131315,medium,0.0,4.0,8.0,8.0,95.0,24.5,0.0,60.0,8.5,False,Open-Meteo Forecast API,model-estimated live weather-impact risk
NSR-GRID-250,0.24860618552579608,low,0.0,4.0,8.0,8.0,95.0,24.5,0.0,60.0,8.5,False,Open-Meteo Forecast API,model-estimated live weather-impact risk
NSR-GRID-251,0.5148758871576811,medium,0.0,4.0,8.0,8.0,95.0,24.5,0.0,60.0,8.5,False,Open-Meteo Forecast API,model-estimated live weather-impact risk
NSR-GRID-252,0.5317921471976228,medium,0.0,4.0,8.0,8.0,95.0,24.5,0.0,60.0,8.5,False,Open-Meteo Forecast API,model-estimated live weather-impact risk
NSR-GRID-253,0.4643831681056601,medium,0.0,4.0,8.0,8.0,95.0,24.5,0.0,60.0,8.5,False,Open-Meteo Forecast API,model-estimated live weather-impact risk
NSR-GRID-254,0.5289423597509574,medium,0.0,4.0,8.0,8.0,95.0,24.5,0.0,60.0,8.5,False,Open-Meteo Forecast API,model-estimated live weather-impact risk
NSR-GRID-255,0.45134020858479235,medium,0.0,4.0,8.0,8.0,95.0,24.5,0.0,60.0,8.5,False,Open-Meteo Forecast API,model-estimated live weather-impact risk
NSR-GRID-256,0.35889003084719345,medium,0.0,4.0,8.0,8.0,95.0,24.5,0.0,60.0,8.5,False,Open-Meteo Forecast API,model-estimated live weather-impact risk
NSR-GRID-257,0.343881360319486,medium,0.0,4.0,8.0,8.0,95.0,24.5,0.0,60.0,8.5,False,Open-Meteo Forecast API,model-estimated live weather-impact risk
NSR-GRID-258,0.351721045292558,medium,0.0,4.0,8.0,8.0,95.0,24.5,0.0,60.0,8.5,False,Open-Meteo Forecast API,model-estimated live weather-impact risk
NSR-GRID-259,0.4631657419548979,medium,0.0,4.0,8.0,8.0,95.0,24.5,0.0,60.0,8.5,False,Open-Meteo Forecast API,model-estimated live weather-impact risk
NSR-GRID-260,0.4856982738663112,medium,0.0,4.0,8.0,8.0,95.0,24.5,0.0,60.0,8.5,False,Open-Meteo Forecast API,model-estimated live weather-impact risk
NSR-GRID-261,0.29129561112777147,low,0.0,4.0,8.0,8.0,95.0,24.5,0.0,60.0,8.5,False,Open-Meteo Forecast API,model-estimated live weather-impact risk
NSR-GRID-262,0.1864313691922307,low,0.0,4.0,8.0,8.0,95.0,24.5,0.0,60.0,8.5,False,Open-Meteo Forecast API,model-estimated live weather-impact risk
NSR-GRID-263,0.24264502672678953,low,0.0,4.0,8.0,8.0,95.0,24.5,0.0,60.0,8.5,False,Open-Meteo Forecast API,model-estimated live weather-impact risk
NSR-GRID-264,0.30751349763330266,low,0.0,4.0,8.0,8.0,95.0,24.5,0.0,60.0,8.5,False,Open-Meteo Forecast API,model-estimated live weather-impact risk
NSR-GRID-265,0.4685781313311858,medium,0.0,4.0,8.0,8.0,95.0,24.5,0.0,60.0,8.5,False,Open-Meteo Forecast API,model-estimated live weather-impact risk
NSR-GRID-266,0.44637400359639706,medium,0.0,4.0,8.0,8.0,95.0,24.5,0.0,60.0,8.5,False,Open-Meteo Forecast API,model-estimated live weather-impact risk
NSR-GRID-267,0.6005015104374257,medium,0.0,4.0,8.0,8.0,95.0,24.5,0.0,60.0,8.5,False,Open-Meteo Forecast API,model-estimated live weather-impact risk
NSR-GRID-268,0.30792112925613424,low,0.0,4.0,8.0,8.0,95.0,24.5,0.0,60.0,8.5,False,Open-Meteo Forecast API,model-estimated live weather-impact risk
NSR-GRID-269,0.561361158670068,medium,0.0,4.0,8.0,8.0,95.0,24.5,0.0,60.0,8.5,False,Open-Meteo Forecast API,model-estimated live weather-impact risk
NSR-GRID-270,0.34678955153041774,medium,0.0,4.0,8.0,8.0,95.0,24.5,0.0,60.0,8.5,False,Open-Meteo Forecast API,model-estimated live weather-impact risk
NSR-GRID-271,0.5169653517811219,medium,0.0,4.0,8.0,8.0,95.0,24.5,0.0,60.0,8.5,False,Open-Meteo Forecast API,model-estimated live weather-impact risk
NSR-GRID-272,0.5164586221377544,medium,0.0,4.0,8.0,8.0,95.0,24.5,0.0,60.0,8.5,False,Open-Meteo Forecast API,model-estimated live weather-impact risk
NSR-GRID-273,0.4493652182234829,medium,0.0,4.0,8.0,8.0,95.0,24.5,0.0,60.0,8.5,False,Open-Meteo Forecast API,model-estimated live weather-impact risk
NSR-GRID-274,0.5187970396398289,medium,0.0,4.0,8.0,8.0,95.0,24.5,0.0,60.0,8.5,False,Open-Meteo Forecast API,model-estimated live weather-impact risk
NSR-GRID-275,0.4133407542566039,medium,0.0,4.0,8.0,8.0,95.0,24.5,0.0,60.0,8.5,False,Open-Meteo Forecast API,model-estimated live weather-impact risk
NSR-GRID-276,0.31627163174886336,low,0.0,4.0,8.0,8.0,95.0,24.5,0.0,60.0,8.5,False,Open-Meteo Forecast API,model-estimated live weather-impact risk
NSR-GRID-277,0.21282354333941997,low,0.0,4.0,8.0,8.0,95.0,24.5,0.0,60.0,8.5,False,Open-Meteo Forecast API,model-estimated live weather-impact risk
NSR-GRID-278,0.3664840002471798,medium,0.0,4.0,8.0,8.0,95.0,24.5,0.0,60.0,8.5,False,Open-Meteo Forecast API,model-estimated live weather-impact risk
NSR-GRID-279,0.3296613286343787,low,0.0,4.0,8.0,8.0,95.0,24.5,0.0,60.0,8.5,False,Open-Meteo Forecast API,model-estimated live weather-impact risk
NSR-GRID-280,0.18785709004774712,low,0.0,4.0,8.0,8.0,95.0,24.5,0.0,60.0,8.5,False,Open-Meteo Forecast API,model-estimated live weather-impact risk
NSR-GRID-281,0.16214757080423656,low,0.0,4.0,8.0,8.0,95.0,24.5,0.0,60.0,8.5,False,Open-Meteo Forecast API,model-estimated live weather-impact risk
NSR-GRID-282,0.22765857852965932,low,0.0,4.0,8.0,8.0,95.0,24.5,0.0,60.0,8.5,False,Open-Meteo Forecast API,model-estimated live weather-impact risk
NSR-GRID-283,0.30512143574070905,low,0.0,4.0,8.0,8.0,95.0,24.5,0.0,60.0,8.5,False,Open-Meteo Forecast API,model-estimated live weather-impact risk
NSR-GRID-284,0.2776196432186353,low,0.0,4.0,8.0,8.0,95.0,24.5,0.0,60.0,8.5,False,Open-Meteo Forecast API,model-estimated live weather-impact risk
NSR-GRID-285,0.5469379956184766,medium,0.0,4.0,8.0,8.0,95.0,24.5,0.0,60.0,8.5,False,Open-Meteo Forecast API,model-estimated live weather-impact risk
NSR-GRID-286,0.227359849225976,low,0.0,4.0,8.0,8.0,95.0,24.5,0.0,60.0,8.5,False,Open-Meteo Forecast API,model-estimated live weather-impact risk
NSR-GRID-287,0.6055704559385956,medium,0.0,4.0,8.0,8.0,95.0,24.5,0.0,60.0,8.5,False,Open-Meteo Forecast API,model-estimated live weather-impact risk
NSR-GRID-288,0.5738330753554731,medium,0.0,4.0,8.0,8.0,95.0,24.5,0.0,60.0,8.5,False,Open-Meteo Forecast API,model-estimated live weather-impact risk
NSR-GRID-289,0.4957296022709732,medium,0.0,4.0,8.0,8.0,95.0,24.5,0.0,60.0,8.5,False,Open-Meteo Forecast API,model-estimated live weather-impact risk
NSR-GRID-290,0.36519529997204286,medium,0.0,4.0,8.0,8.0,95.0,24.5,0.0,60.0,8.5,False,Open-Meteo Forecast API,model-estimated live weather-impact risk
NSR-GRID-291,0.27665271510692074,low,0.0,4.0,8.0,8.0,95.0,24.5,0.0,60.0,8.5,False,Open-Meteo Forecast API,model-estimated live weather-impact risk
NSR-GRID-292,0.29731762983644566,low,0.0,4.0,8.0,8.0,95.0,24.5,0.0,60.0,8.5,False,Open-Meteo Forecast API,model-estimated live weather-impact risk
NSR-GRID-293,0.44138347444321635,medium,0.0,4.0,8.0,8.0,95.0,24.5,0.0,60.0,8.5,False,Open-Meteo Forecast API,model-estimated live weather-impact risk
NSR-GRID-294,0.37558811646950824,medium,0.0,4.0,8.0,8.0,95.0,24.5,0.0,60.0,8.5,False,Open-Meteo Forecast API,model-estimated live weather-impact risk
NSR-GRID-295,0.19903158780064173,low,0.0,4.0,8.0,8.0,95.0,24.5,0.0,60.0,8.5,False,Open-Meteo Forecast API,model-estimated live weather-impact risk
NSR-GRID-296,0.17554287341572608,low,0.0,4.0,8.0,8.0,95.0,24.5,0.0,60.0,8.5,False,Open-Meteo Forecast API,model-estimated live weather-impact risk
NSR-GRID-297,0.14732605405660834,low,0.0,4.0,8.0,8.0,95.0,24.5,0.0,60.0,8.5,False,Open-Meteo Forecast API,model-estimated live weather-impact risk
NSR-GRID-298,0.1845071931855007,low,0.0,4.0,8.0,8.0,95.0,24.5,0.0,60.0,8.5,False,Open-Meteo Forecast API,model-estimated live weather-impact risk
NSR-GRID-299,0.17676433914130366,low,0.0,4.0,8.0,8.0,95.0,24.5,0.0,60.0,8.5,False,Open-Meteo Forecast API,model-estimated live weather-impact risk
NSR-GRID-300,0.4566956202279662,medium,0.0,4.0,8.0,8.0,95.0,24.5,0.0,60.0,8.5,False,Open-Meteo Forecast API,model-estimated live weather-impact risk
NSR-GRID-301,0.5443387274691873,medium,0.0,4.0,8.0,8.0,95.0,24.5,0.0,60.0,8.5,False,Open-Meteo Forecast API,model-estimated live weather-impact risk
NSR-GRID-302,0.32043666064398224,low,0.0,4.0,8.0,8.0,95.0,24.5,0.0,60.0,8.5,False,Open-Meteo Forecast API,model-estimated live weather-impact risk
NSR-GRID-303,0.18947258115768398,low,0.0,4.0,8.0,8.0,95.0,24.5,0.0,60.0,8.5,False,Open-Meteo Forecast API,model-estimated live weather-impact risk
NSR-GRID-304,0.3915484126648066,medium,0.0,4.0,8.0,8.0,95.0,24.5,0.0,60.0,8.5,False,Open-Meteo Forecast API,model-estimated live weather-impact risk
NSR-GRID-305,0.5160036014124775,medium,0.0,4.0,8.0,8.0,95.0,24.5,0.0,60.0,8.5,False,Open-Meteo Forecast API,model-estimated live weather-impact risk
NSR-GRID-306,0.5477713945007237,medium,0.0,4.0,8.0,8.0,95.0,24.5,0.0,60.0,8.5,False,Open-Meteo Forecast API,model-estimated live weather-impact risk
NSR-GRID-307,0.3987229889622531,medium,0.0,4.0,8.0,8.0,95.0,24.5,0.0,60.0,8.5,False,Open-Meteo Forecast API,model-estimated live weather-impact risk
NSR-GRID-308,0.26674977534513167,low,0.0,4.0,8.0,8.0,95.0,24.5,0.0,60.0,8.5,False,Open-Meteo Forecast API,model-estimated live weather-impact risk
NSR-GRID-309,0.12315635434637465,low,0.0,4.0,8.0,8.0,95.0,24.5,0.0,60.0,8.5,False,Open-Meteo Forecast API,model-estimated live weather-impact risk
NSR-GRID-310,0.15233807940365557,low,0.0,4.0,8.0,8.0,95.0,24.5,0.0,60.0,8.5,False,Open-Meteo Forecast API,model-estimated live weather-impact risk
NSR-GRID-311,0.1543973536933919,low,0.0,4.0,8.0,8.0,95.0,24.5,0.0,60.0,8.5,False,Open-Meteo Forecast API,model-estimated live weather-impact risk
NSR-GRID-312,0.22800015464570947,low,0.0,4.0,8.0,8.0,95.0,24.5,0.0,60.0,8.5,False,Open-Meteo Forecast API,model-estimated live weather-impact risk
NSR-GRID-313,0.2230606548766321,low,0.0,4.0,8.0,8.0,95.0,24.5,0.0,60.0,8.5,False,Open-Meteo Forecast API,model-estimated live weather-impact risk
NSR-GRID-314,0.12386631133229029,low,0.0,4.0,8.0,8.0,95.0,24.5,0.0,60.0,8.5,False,Open-Meteo Forecast API,model-estimated live weather-impact risk
NSR-GRID-315,0.17477089254565287,low,0.0,4.0,8.0,8.0,95.0,24.5,0.0,60.0,8.5,False,Open-Meteo Forecast API,model-estimated live weather-impact risk
NSR-GRID-316,0.1643999504136209,low,0.0,4.0,8.0,8.0,95.0,24.5,0.0,60.0,8.5,False,Open-Meteo Forecast API,model-estimated live weather-impact risk
NSR-GRID-317,0.3715603560398563,medium,0.0,4.0,8.0,8.0,95.0,24.5,0.0,60.0,8.5,False,Open-Meteo Forecast API,model-estimated live weather-impact risk
NSR-GRID-318,0.19084035515493938,low,0.0,4.0,8.0,8.0,95.0,24.5,0.0,60.0,8.5,False,Open-Meteo Forecast API,model-estimated live weather-impact risk
NSR-GRID-319,0.23461917980475044,low,0.0,4.0,8.0,8.0,95.0,24.5,0.0,60.0,8.5,False,Open-Meteo Forecast API,model-estimated live weather-impact risk
NSR-GRID-320,0.4874002496391859,medium,0.0,4.0,8.0,8.0,95.0,24.5,0.0,60.0,8.5,False,Open-Meteo Forecast API,model-estimated live weather-impact risk
NSR-GRID-321,0.5047107302651868,medium,0.0,4.0,8.0,8.0,95.0,24.5,0.0,60.0,8.5,False,Open-Meteo Forecast API,model-estimated live weather-impact risk
NSR-GRID-322,0.3289981492489678,low,0.0,4.0,8.0,8.0,95.0,24.5,0.0,60.0,8.5,False,Open-Meteo Forecast API,model-estimated live weather-impact risk
NSR-GRID-323,0.31284437069411297,low,0.0,4.0,8.0,8.0,95.0,24.5,0.0,60.0,8.5,False,Open-Meteo Forecast API,model-estimated live weather-impact risk
NSR-GRID-324,0.3059938542431729,low,0.0,4.0,8.0,8.0,95.0,24.5,0.0,60.0,8.5,False,Open-Meteo Forecast API,model-estimated live weather-impact risk
NSR-GRID-325,0.22979234379601152,low,0.0,4.0,8.0,8.0,95.0,24.5,0.0,60.0,8.5,False,Open-Meteo Forecast API,model-estimated live weather-impact risk
NSR-GRID-326,0.21107795314598196,low,0.0,4.0,8.0,8.0,95.0,24.5,0.0,60.0,8.5,False,Open-Meteo Forecast API,model-estimated live weather-impact risk
NSR-GRID-327,0.22024753583105783,low,0.0,4.0,8.0,8.0,95.0,24.5,0.0,60.0,8.5,False,Open-Meteo Forecast API,model-estimated live weather-impact risk
NSR-GRID-328,0.23372176025484567,low,0.0,4.0,8.0,8.0,95.0,24.5,0.0,60.0,8.5,False,Open-Meteo Forecast API,model-estimated live weather-impact risk
NSR-GRID-329,0.17142883220119054,low,0.0,4.0,8.0,8.0,95.0,24.5,0.0,60.0,8.5,False,Open-Meteo Forecast API,model-estimated live weather-impact risk
NSR-GRID-330,0.16215254609655638,low,0.0,4.0,8.0,8.0,95.0,24.5,0.0,60.0,8.5,False,Open-Meteo Forecast API,model-estimated live weather-impact risk
NSR-GRID-331,0.16961134796761418,low,0.0,4.0,8.0,8.0,95.0,24.5,0.0,60.0,8.5,False,Open-Meteo Forecast API,model-estimated live weather-impact risk
NSR-GRID-332,0.33470622953184354,medium,0.0,4.0,8.0,8.0,95.0,24.5,0.0,60.0,8.5,False,Open-Meteo Forecast API,model-estimated live weather-impact risk
NSR-GRID-333,0.18375371245459002,low,0.0,4.0,8.0,8.0,95.0,24.5,0.0,60.0,8.5,False,Open-Meteo Forecast API,model-estimated live weather-impact risk
NSR-GRID-334,0.3556815382778733,medium,0.0,4.0,8.0,8.0,95.0,24.5,0.0,60.0,8.5,False,Open-Meteo Forecast API,model-estimated live weather-impact risk
NSR-GRID-335,0.3141860061459336,low,0.0,4.0,8.0,8.0,95.0,24.5,0.0,60.0,8.5,False,Open-Meteo Forecast API,model-estimated live weather-impact risk
NSR-GRID-336,0.4519391407467234,medium,0.0,4.0,8.0,8.0,95.0,24.5,0.0,60.0,8.5,False,Open-Meteo Forecast API,model-estimated live weather-impact risk
NSR-GRID-337,0.29040886395093896,low,0.0,4.0,8.0,8.0,95.0,24.5,0.0,60.0,8.5,False,Open-Meteo Forecast API,model-estimated live weather-impact risk
NSR-GRID-338,0.19289904368033425,low,0.0,4.0,8.0,8.0,95.0,24.5,0.0,60.0,8.5,False,Open-Meteo Forecast API,model-estimated live weather-impact risk
NSR-GRID-339,0.272468625479943,low,0.0,4.0,8.0,8.0,95.0,24.5,0.0,60.0,8.5,False,Open-Meteo Forecast API,model-estimated live weather-impact risk
NSR-GRID-340,0.2506987694258889,low,0.0,4.0,8.0,8.0,95.0,24.5,0.0,60.0,8.5,False,Open-Meteo Forecast API,model-estimated live weather-impact risk
NSR-GRID-341,0.3613485168155527,medium,0.0,4.0,8.0,8.0,95.0,24.5,0.0,60.0,8.5,False,Open-Meteo Forecast API,model-estimated live weather-impact risk
NSR-GRID-342,0.2840926766410589,low,0.0,4.0,8.0,8.0,95.0,24.5,0.0,60.0,8.5,False,Open-Meteo Forecast API,model-estimated live weather-impact risk
NSR-GRID-343,0.227173405226716,low,0.0,4.0,8.0,8.0,95.0,24.5,0.0,60.0,8.5,False,Open-Meteo Forecast API,model-estimated live weather-impact risk
NSR-GRID-344,0.21915730800929595,low,0.0,4.0,8.0,8.0,95.0,24.5,0.0,60.0,8.5,False,Open-Meteo Forecast API,model-estimated live weather-impact risk
NSR-GRID-345,0.18237506408970444,low,0.0,4.0,8.0,8.0,95.0,24.5,0.0,60.0,8.5,False,Open-Meteo Forecast API,model-estimated live weather-impact risk
NSR-GRID-346,0.18376102053957055,low,0.0,4.0,8.0,8.0,95.0,24.5,0.0,60.0,8.5,False,Open-Meteo Forecast API,model-estimated live weather-impact risk
NSR-GRID-347,0.2744699943953849,low,0.0,4.0,8.0,8.0,95.0,24.5,0.0,60.0,8.5,False,Open-Meteo Forecast API,model-estimated live weather-impact risk
NSR-GRID-348,0.20967913527141827,low,0.0,4.0,8.0,8.0,95.0,24.5,0.0,60.0,8.5,False,Open-Meteo Forecast API,model-estimated live weather-impact risk
NSR-GRID-349,0.3624695813578327,medium,0.0,4.0,8.0,8.0,95.0,24.5,0.0,60.0,8.5,False,Open-Meteo Forecast API,model-estimated live weather-impact risk
NSR-GRID-350,0.33229576831684565,medium,0.0,4.0,8.0,8.0,95.0,24.5,0.0,60.0,8.5,False,Open-Meteo Forecast API,model-estimated live weather-impact risk
NSR-GRID-351,0.2541553395993472,low,0.0,4.0,8.0,8.0,95.0,24.5,0.0,60.0,8.5,False,Open-Meteo Forecast API,model-estimated live weather-impact risk
NSR-GRID-352,0.2906490004795587,low,0.0,4.0,8.0,8.0,95.0,24.5,0.0,60.0,8.5,False,Open-Meteo Forecast API,model-estimated live weather-impact risk
NSR-GRID-353,0.336051044885491,medium,0.0,4.0,8.0,8.0,95.0,24.5,0.0,60.0,8.5,False,Open-Meteo Forecast API,model-estimated live weather-impact risk
NSR-GRID-354,0.31923882137438103,low,0.0,4.0,8.0,8.0,95.0,24.5,0.0,60.0,8.5,False,Open-Meteo Forecast API,model-estimated live weather-impact risk
NSR-GRID-355,0.19193687615258617,low,0.0,4.0,8.0,8.0,95.0,24.5,0.0,60.0,8.5,False,Open-Meteo Forecast API,model-estimated live weather-impact risk
NSR-GRID-356,0.2167793662355135,low,0.0,4.0,8.0,8.0,95.0,24.5,0.0,60.0,8.5,False,Open-Meteo Forecast API,model-estimated live weather-impact risk
NSR-GRID-357,0.20833026813756303,low,0.0,4.0,8.0,8.0,95.0,24.5,0.0,60.0,8.5,False,Open-Meteo Forecast API,model-estimated live weather-impact risk
NSR-GRID-358,0.3244724436206272,low,0.0,4.0,8.0,8.0,95.0,24.5,0.0,60.0,8.5,False,Open-Meteo Forecast API,model-estimated live weather-impact risk
NSR-GRID-359,0.4012598643909392,medium,0.0,4.0,8.0,8.0,95.0,24.5,0.0,60.0,8.5,False,Open-Meteo Forecast API,model-estimated live weather-impact risk
NSR-GRID-360,0.18944610447797633,low,0.0,4.0,8.0,8.0,95.0,24.5,0.0,60.0,8.5,False,Open-Meteo Forecast API,model-estimated live weather-impact risk
NSR-GRID-361,0.18775549024686977,low,0.0,4.0,8.0,8.0,95.0,24.5,0.0,60.0,8.5,False,Open-Meteo Forecast API,model-estimated live weather-impact risk
NSR-GRID-362,0.17747441500198927,low,0.0,4.0,8.0,8.0,95.0,24.5,0.0,60.0,8.5,False,Open-Meteo Forecast API,model-estimated live weather-impact risk
NSR-GRID-363,0.3720370202475049,medium,0.0,4.0,8.0,8.0,95.0,24.5,0.0,60.0,8.5,False,Open-Meteo Forecast API,model-estimated live weather-impact risk
NSR-GRID-364,0.46265752016105494,medium,0.0,4.0,8.0,8.0,95.0,24.5,0.0,60.0,8.5,False,Open-Meteo Forecast API,model-estimated live weather-impact risk
NSR-GRID-365,0.34126730848290504,medium,0.0,4.0,8.0,8.0,95.0,24.5,0.0,60.0,8.5,False,Open-Meteo Forecast API,model-estimated live weather-impact risk
NSR-GRID-366,0.19647182279595626,low,0.0,4.0,8.0,8.0,95.0,24.5,0.0,60.0,8.5,False,Open-Meteo Forecast API,model-estimated live weather-impact risk
NSR-GRID-367,0.2447108498724721,low,0.0,4.0,8.0,8.0,95.0,24.5,0.0,60.0,8.5,False,Open-Meteo Forecast API,model-estimated live weather-impact risk
NSR-GRID-368,0.1983398915172027,low,0.0,4.0,8.0,8.0,95.0,24.5,0.0,60.0,8.5,False,Open-Meteo Forecast API,model-estimated live weather-impact risk
NSR-GRID-369,0.1740624994319581,low,0.0,4.0,8.0,8.0,95.0,24.5,0.0,60.0,8.5,False,Open-Meteo Forecast API,model-estimated live weather-impact risk
NSR-GRID-370,0.14790607373660217,low,0.0,4.0,8.0,8.0,95.0,24.5,0.0,60.0,8.5,False,Open-Meteo Forecast API,model-estimated live weather-impact risk
NSR-GRID-371,0.18945539714776935,low,0.0,4.0,8.0,8.0,95.0,24.5,0.0,60.0,8.5,False,Open-Meteo Forecast API,model-estimated live weather-impact risk
NSR-GRID-372,0.22936486392422087,low,0.0,4.0,8.0,8.0,95.0,24.5,0.0,60.0,8.5,False,Open-Meteo Forecast API,model-estimated live weather-impact risk
NSR-GRID-373,0.24086475354475412,low,0.0,4.0,8.0,8.0,95.0,24.5,0.0,60.0,8.5,False,Open-Meteo Forecast API,model-estimated live weather-impact risk
NSR-GRID-374,0.178402602462909,low,0.0,4.0,8.0,8.0,95.0,24.5,0.0,60.0,8.5,False,Open-Meteo Forecast API,model-estimated live weather-impact risk
NSR-GRID-375,0.16149961285262518,low,0.0,4.0,8.0,8.0,95.0,24.5,0.0,60.0,8.5,False,Open-Meteo Forecast API,model-estimated live weather-impact risk
NSR-GRID-376,0.3454324177342931,medium,0.0,4.0,8.0,8.0,95.0,24.5,0.0,60.0,8.5,False,Open-Meteo Forecast API,model-estimated live weather-impact risk
NSR-GRID-377,0.26413940423780724,low,0.0,4.0,8.0,8.0,95.0,24.5,0.0,60.0,8.5,False,Open-Meteo Forecast API,model-estimated live weather-impact risk
NSR-GRID-378,0.1639427665253473,low,0.0,4.0,8.0,8.0,95.0,24.5,0.0,60.0,8.5,False,Open-Meteo Forecast API,model-estimated live weather-impact risk
NSR-GRID-379,0.181091084957732,low,0.0,4.0,8.0,8.0,95.0,24.5,0.0,60.0,8.5,False,Open-Meteo Forecast API,model-estimated live weather-impact risk
NSR-GRID-380,0.17561284235469013,low,0.0,4.0,8.0,8.0,95.0,24.5,0.0,60.0,8.5,False,Open-Meteo Forecast API,model-estimated live weather-impact risk
NSR-GRID-381,0.12411097255778358,low,0.0,4.0,8.0,8.0,95.0,24.5,0.0,60.0,8.5,False,Open-Meteo Forecast API,model-estimated live weather-impact risk
NSR-GRID-382,0.14688334362838742,low,0.0,4.0,8.0,8.0,95.0,24.5,0.0,60.0,8.5,False,Open-Meteo Forecast API,model-estimated live weather-impact risk
NSR-GRID-383,0.20690075490629906,low,0.0,4.0,8.0,8.0,95.0,24.5,0.0,60.0,8.5,False,Open-Meteo Forecast API,model-estimated live weather-impact risk
NSR-GRID-384,0.1613098942296855,low,0.0,4.0,8.0,8.0,95.0,24.5,0.0,60.0,8.5,False,Open-Meteo Forecast API,model-estimated live weather-impact risk
NSR-GRID-385,0.11982869867613961,low,0.0,4.0,8.0,8.0,95.0,24.5,0.0,60.0,8.5,False,Open-Meteo Forecast API,model-estimated live weather-impact risk
NSR-GRID-386,0.1619928600644965,low,0.0,4.0,8.0,8.0,95.0,24.5,0.0,60.0,8.5,False,Open-Meteo Forecast API,model-estimated live weather-impact risk
NSR-GRID-387,0.1510115235177263,low,0.0,4.0,8.0,8.0,95.0,24.5,0.0,60.0,8.5,False,Open-Meteo Forecast API,model-estimated live weather-impact risk
NSR-GRID-388,0.16346206011484446,low,0.0,4.0,8.0,8.0,95.0,24.5,0.0,60.0,8.5,False,Open-Meteo Forecast API,model-estimated live weather-impact risk
NSR-GRID-389,0.1976765036543259,low,0.0,4.0,8.0,8.0,95.0,24.5,0.0,60.0,8.5,False,Open-Meteo Forecast API,model-estimated live weather-impact risk
NSR-GRID-390,0.09397065535794749,low,0.0,4.0,8.0,8.0,95.0,24.5,0.0,60.0,8.5,False,Open-Meteo Forecast API,model-estimated live weather-impact risk
NSR-GRID-391,0.1663362505729235,low,0.0,4.0,8.0,8.0,95.0,24.5,0.0,60.0,8.5,False,Open-Meteo Forecast API,model-estimated live weather-impact risk
NSR-GRID-392,0.13462609673757378,low,0.0,4.0,8.0,8.0,95.0,24.5,0.0,60.0,8.5,False,Open-Meteo Forecast API,model-estimated live weather-impact risk
NSR-GRID-393,0.12297934658842756,low,0.0,4.0,8.0,8.0,95.0,24.5,0.0,60.0,8.5,False,Open-Meteo Forecast API,model-estimated live weather-impact risk
NSR-GRID-394,0.11163875360958682,low,0.0,4.0,8.0,8.0,95.0,24.5,0.0,60.0,8.5,False,Open-Meteo Forecast API,model-estimated live weather-impact risk
NSR-GRID-395,0.10885390259816581,low,0.0,4.0,8.0,8.0,95.0,24.5,0.0,60.0,8.5,False,Open-Meteo Forecast API,model-estimated live weather-impact risk
NSR-GRID-396,0.14237880374367837,low,0.0,4.0,8.0,8.0,95.0,24.5,0.0,60.0,8.5,False,Open-Meteo Forecast API,model-estimated live weather-impact risk
NSR-GRID-397,0.12680760085361625,low,0.0,4.0,8.0,8.0,95.0,24.5,0.0,60.0,8.5,False,Open-Meteo Forecast API,model-estimated live weather-impact risk
NSR-GRID-398,0.15048065353357484,low,0.0,4.0,8.0,8.0,95.0,24.5,0.0,60.0,8.5,False,Open-Meteo Forecast API,model-estimated live weather-impact risk
NSR-GRID-399,0.11800503961817474,low,0.0,4.0,8.0,8.0,95.0,24.5,0.0,60.0,8.5,False,Open-Meteo Forecast API,model-estimated live weather-impact risk
NSR-GRID-400,0.1591969968629496,low,0.0,4.0,8.0,8.0,95.0,24.5,0.0,60.0,8.5,False,Open-Meteo Forecast API,model-estimated live weather-impact risk
NSR-GRID-401,0.1484038394570094,low,0.0,4.0,8.0,8.0,95.0,24.5,0.0,60.0,8.5,False,Open-Meteo Forecast API,model-estimated live weather-impact risk
NSR-GRID-402,0.12004829432458917,low,0.0,4.0,8.0,8.0,95.0,24.5,0.0,60.0,8.5,False,Open-Meteo Forecast API,model-estimated live weather-impact risk
NSR-GRID-403,0.16385467072190388,low,0.0,4.0,8.0,8.0,95.0,24.5,0.0,60.0,8.5,False,Open-Meteo Forecast API,model-estimated live weather-impact risk
NSR-GRID-404,0.1181942440329018,low,0.0,4.0,8.0,8.0,95.0,24.5,0.0,60.0,8.5,False,Open-Meteo Forecast API,model-estimated live weather-impact risk
NSR-GRID-405,0.1699381959835091,low,0.0,4.0,8.0,8.0,95.0,24.5,0.0,60.0,8.5,False,Open-Meteo Forecast API,model-estimated live weather-impact risk
NSR-GRID-406,0.1880917708475946,low,0.0,4.0,8.0,8.0,95.0,24.5,0.0,60.0,8.5,False,Open-Meteo Forecast API,model-estimated live weather-impact risk
NSR-GRID-407,0.1706930287154504,low,0.0,4.0,8.0,8.0,95.0,24.5,0.0,60.0,8.5,False,Open-Meteo Forecast API,model-estimated live weather-impact risk
NSR-GRID-408,0.19785022757463294,low,0.0,4.0,8.0,8.0,95.0,24.5,0.0,60.0,8.5,False,Open-Meteo Forecast API,model-estimated live weather-impact risk
NSR-GRID-409,0.18344444547848793,low,0.0,4.0,8.0,8.0,95.0,24.5,0.0,60.0,8.5,False,Open-Meteo Forecast API,model-estimated live weather-impact risk
NSR-GRID-410,0.1844025326815822,low,0.0,4.0,8.0,8.0,95.0,24.5,0.0,60.0,8.5,False,Open-Meteo Forecast API,model-estimated live weather-impact risk
NSR-GRID-411,0.1886534803316093,low,0.0,4.0,8.0,8.0,95.0,24.5,0.0,60.0,8.5,False,Open-Meteo Forecast API,model-estimated live weather-impact risk
NSR-GRID-412,0.22476428069605361,low,0.0,4.0,8.0,8.0,95.0,24.5,0.0,60.0,8.5,False,Open-Meteo Forecast API,model-estimated live weather-impact risk
NSR-GRID-413,0.21770763287091058,low,0.0,4.0,8.0,8.0,95.0,24.5,0.0,60.0,8.5,False,Open-Meteo Forecast API,model-estimated live weather-impact risk
NSR-GRID-414,0.21984581390796526,low,0.0,4.0,8.0,8.0,95.0,24.5,0.0,60.0,8.5,False,Open-Meteo Forecast API,model-estimated live weather-impact risk
NSR-GRID-415,0.17304624548425507,low,0.0,4.0,8.0,8.0,95.0,24.5,0.0,60.0,8.5,False,Open-Meteo Forecast API,model-estimated live weather-impact risk
NSR-GRID-416,0.1121797135908916,low,0.0,4.0,8.0,8.0,95.0,24.5,0.0,60.0,8.5,False,Open-Meteo Forecast API,model-estimated live weather-impact risk
