zone_code,event_count,mean_predicted_score,max_predicted_score,min_predicted_score,high_risk_event_count,medium_risk_event_count,low_risk_event_count,high_risk_event_ratio,mean_absolute_error,mean_rain_24h_mm,max_rain_24h_mm,mean_gpm_precipitation_sum,mean_built_surface_mean,mean_population_sum,dominant_risk_class
NSR-GRID-001,30,0.5776522650795772,0.9166032191418216,0.4569336060573346,6,24,0,0.2,0.004571248575566314,10.506666666666668,44.9,0.0,4113.756665050896,0.0,medium
NSR-GRID-002,30,0.5437014496502787,0.8838016577990595,0.4220446893437574,5,25,0,0.16666666666666666,0.004134819602801109,10.506666666666668,44.9,0.0,3967.2195121951213,0.0,medium
NSR-GRID-003,30,0.6034559217528298,0.942636346287689,0.4816318106209241,7,23,0,0.23333333333333334,0.0051128553731310785,10.506666666666668,44.9,0.0,4228.88527131783,0.0,medium
NSR-GRID-004,30,0.5455145878797971,0.8758439272881967,0.4289928696717203,5,25,0,0.16666666666666666,0.008558906017647245,10.506666666666668,44.9,0.0,3238.604815864022,0.0,medium
NSR-GRID-005,30,0.6314211969115587,0.9642079228969402,0.5132468164711107,7,23,0,0.23333333333333334,0.007063644501396851,10.506666666666668,44.9,0.0,4321.0,0.0,medium
NSR-GRID-006,30,0.6494778738089177,0.976202633564673,0.5342518266221459,7,23,0,0.23333333333333334,0.010509520145420137,10.506666666666668,44.9,0.0,4724.818817546092,0.0,medium
NSR-GRID-007,30,0.6109268574576208,0.946694066778868,0.4916041667851985,7,23,0,0.23333333333333334,0.006017167850549721,10.506666666666668,44.9,0.0,4016.369224247563,0.0,medium
NSR-GRID-008,30,0.5561389633869763,0.8961621952357844,0.4349363122384982,5,25,0,0.16666666666666666,0.004533286090144747,10.506666666666668,44.9,0.0,4123.742263671045,0.0,medium
NSR-GRID-009,30,0.5346705629887486,0.8669451038312599,0.4163557688253556,5,25,0,0.16666666666666666,0.0068687511059969866,10.506666666666668,44.9,0.0,4480.859050445103,0.0,medium
NSR-GRID-010,30,0.5858100432593674,0.9240792274857864,0.4649939349760957,7,23,0,0.23333333333333334,0.004675823155900005,10.506666666666668,44.9,0.0,3743.505987104697,0.0,medium
NSR-GRID-011,30,0.5196360541723646,0.8615462022403689,0.3974779131061892,5,25,0,0.16666666666666666,0.003780412590867594,10.506666666666668,44.9,0.0,3686.9107358262972,0.0,medium
NSR-GRID-012,30,0.5614789020734048,0.9017703966638384,0.4405055785636262,6,24,0,0.2,0.00414356166593869,10.506666666666668,44.9,0.0,3582.3094688221713,0.0,medium
NSR-GRID-013,30,0.5589955706060596,0.9032107736758196,0.4359556297478888,6,24,0,0.2,0.004219999120490216,10.506666666666668,44.9,0.0,3567.604433077578,0.0,medium
NSR-GRID-014,30,0.3832924718268143,0.7257924766040543,0.2607821793654198,3,14,13,0.1,0.004037769167945492,10.506666666666668,44.9,0.0,1788.5822784810132,0.0,medium
NSR-GRID-015,30,0.3705074019332109,0.7110553381572201,0.2512302839709836,2,12,16,0.06666666666666667,0.005254730922880713,10.506666666666668,44.9,0.0,1105.1292705447836,0.0,medium
NSR-GRID-016,30,0.431916978091449,0.7706013506800321,0.3112443837417213,4,16,10,0.13333333333333333,0.004192934381343483,10.506666666666668,44.9,0.0,1905.165384615385,0.0,medium
NSR-GRID-017,30,0.4450086065333559,0.7919028453670339,0.3200888328370561,4,16,10,0.13333333333333333,0.005504281970640802,10.506666666666668,44.9,0.0,2504.6199213630402,0.0,medium
NSR-GRID-018,30,0.3655058575311674,0.7063839246021278,0.2457437579433788,2,12,16,0.06666666666666667,0.0050002214396463905,10.506666666666668,44.9,0.0,1457.457597173145,0.0,medium
NSR-GRID-019,30,0.5658544573548536,0.90090225358136,0.4462744282221356,6,24,0,0.2,0.005198816996312648,10.506666666666668,44.9,0.0,3433.8671875000005,0.0,medium
NSR-GRID-020,30,0.3208408214671245,0.6566046732018836,0.2027637963220723,0,8,22,0.0,0.0069435865610419974,10.506666666666668,44.9,0.0,332.329207920792,0.0,low
NSR-GRID-021,30,0.472795445782258,0.8001879038932674,0.3568261497581806,4,26,0,0.13333333333333333,0.009281548779673108,10.506666666666668,44.9,0.0,1765.0,0.0,medium
NSR-GRID-022,30,0.4215337115867062,0.7650475568533753,0.2977566465682746,3,17,10,0.1,0.004648205222177778,10.506666666666668,44.9,0.0,1744.4305555555554,0.0,medium
NSR-GRID-023,30,0.28873422940299454,0.6276763468141152,0.1694990078666964,0,7,23,0.0,0.005314963953874656,10.506666666666668,44.9,0.0,0.0,0.0,low
NSR-GRID-024,30,0.581554249741616,0.9207006071733131,0.4607177703251766,7,23,0,0.23333333333333334,0.0044368572807091285,10.506666666666668,44.9,0.0,3902.4886644682597,0.0,medium
NSR-GRID-025,30,0.5781449811194136,0.918250602251454,0.456754210854611,7,23,0,0.23333333333333334,0.004482120037418142,10.506666666666668,44.9,0.0,3728.2024324881468,0.0,medium
NSR-GRID-026,30,0.49730172447239673,0.8333721873587198,0.3785467005856599,5,25,0,0.16666666666666666,0.0061595218632854885,10.506666666666668,44.9,0.0,2655.424123711341,0.0,medium
NSR-GRID-027,30,0.5907790327091805,0.9285769266145216,0.4720284552274471,7,23,0,0.23333333333333334,0.005895203098267671,10.506666666666668,44.9,0.0,4037.2133580705,0.0,medium
NSR-GRID-028,30,0.5331425813681402,0.8724098687285922,0.4117841754115529,5,25,0,0.16666666666666666,0.00446171329654545,10.506666666666668,44.9,0.0,4162.111592409242,0.0,medium
NSR-GRID-029,30,0.5270250921647617,0.8679970627334794,0.4050583953593912,5,25,0,0.16666666666666666,0.00411118403825901,10.506666666666668,44.9,0.0,3624.897298412044,0.0,medium
NSR-GRID-030,30,0.5327681279888437,0.8730825574229446,0.4110086075601815,5,25,0,0.16666666666666666,0.003940278848842049,10.506666666666668,44.9,0.0,3616.7958762886597,0.0,medium
NSR-GRID-031,30,0.4371383879302893,0.7745868573228578,0.3150991252096662,4,16,10,0.13333333333333333,0.004642795209710115,10.506666666666668,44.9,0.0,2433.1504844361984,0.0,medium
NSR-GRID-032,30,0.5655545836264888,0.9056521054768992,0.4451886545058358,6,24,0,0.2,0.004556572932667773,10.506666666666668,44.9,0.0,3559.849484536081,0.0,medium
NSR-GRID-033,30,0.3319012161282768,0.6657817468700451,0.2156294862173146,2,10,18,0.06666666666666667,0.00816122354972608,10.506666666666668,44.9,0.0,749.6763553906411,0.0,medium
NSR-GRID-034,30,0.4069427011531849,0.7453147848430481,0.2858409623813085,3,17,10,0.1,0.00435610827222652,10.506666666666668,44.9,0.0,1759.1361386138612,0.0,medium
NSR-GRID-035,30,0.35847584705465657,0.703017865482759,0.2367483755803634,2,12,16,0.06666666666666667,0.004714347425749503,10.506666666666668,44.9,0.0,1071.2575257731955,0.0,medium
NSR-GRID-036,30,0.32228283989606754,0.6607337700963795,0.2030408928096667,1,7,22,0.03333333333333333,0.005887058763642949,10.506666666666668,44.9,0.0,807.9177489177489,0.0,low
NSR-GRID-037,30,0.39023476974308857,0.7294236221425517,0.2698242157489927,3,15,12,0.1,0.00425309839335897,10.506666666666668,44.9,0.0,1711.2685089709216,0.0,medium
NSR-GRID-038,30,0.45202791771628437,0.7909818065877967,0.33082005682645,4,26,0,0.13333333333333333,0.004486275347908039,10.506666666666668,44.9,0.0,2221.0153367875632,0.0,medium
NSR-GRID-039,30,0.527491040133031,0.8633792613658872,0.407829485238298,5,25,0,0.16666666666666666,0.00608848835775099,10.506666666666668,44.9,0.0,3059.1661415668973,0.0,medium
NSR-GRID-040,30,0.4449050064046624,0.783264801692038,0.3243929765530542,4,16,10,0.13333333333333333,0.004588587800965406,10.506666666666668,44.9,0.0,2222.904604538445,0.0,medium
NSR-GRID-041,30,0.572068169854703,0.9088530594883484,0.451310099471886,6,24,0,0.2,0.005040169328425215,10.506666666666668,44.9,0.0,3928.7239196256537,0.0,medium
NSR-GRID-042,30,0.3462947856582784,0.6872135841110526,0.2252429983018433,2,12,16,0.06666666666666667,0.004890288870941386,10.506666666666668,44.9,0.0,1362.4311840562725,0.0,medium
NSR-GRID-043,30,0.48129048162462734,0.8191261619494091,0.3606622293717019,4,26,0,0.13333333333333333,0.004862003714899512,10.506666666666668,44.9,0.0,2488.7342353225417,0.0,medium
NSR-GRID-044,30,0.5802141492029802,0.9183107194750306,0.4608257721109636,7,23,0,0.23333333333333334,0.005271738261061225,10.506666666666668,44.9,0.0,4015.499252988049,0.0,medium
NSR-GRID-045,30,0.3152364671577988,0.6586892539224632,0.1931568851426433,0,7,23,0.0,0.005705194023892191,10.506666666666668,44.9,0.0,879.0248599439773,0.0,low
NSR-GRID-046,30,0.4892772764584359,0.827591161988617,0.3686377038540033,5,25,0,0.16666666666666666,0.004440685983881937,10.506666666666668,44.9,0.0,2642.0817645406014,0.0,medium
NSR-GRID-047,30,0.28367669027052933,0.6253065512634269,0.1635198258105848,0,7,23,0.0,0.004457578050068283,10.506666666666668,44.9,0.0,73.90860215053765,0.0,low
NSR-GRID-048,30,0.4845966659646726,0.8239215890056427,0.3632426169680441,5,25,0,0.16666666666666666,0.004223792209725328,10.506666666666668,44.9,0.0,2736.8980707395513,0.0,medium
NSR-GRID-049,30,0.2828033987600243,0.6261317321437958,0.1617631781767433,0,7,23,0.0,0.004188208023793187,10.506666666666668,44.9,0.0,331.43273542600895,0.0,low
NSR-GRID-050,30,0.5122403271425431,0.8502403836136255,0.3920000437238475,5,25,0,0.16666666666666666,0.00502926079200915,10.506666666666668,44.9,0.0,2900.316710700133,0.0,medium
NSR-GRID-051,30,0.25494977803416996,0.5987310462670058,0.1331548416527673,0,7,23,0.0,0.00461426687530485,10.506666666666668,44.9,0.0,181.66855295068703,0.0,low
NSR-GRID-052,30,0.5472630093647788,0.890478474086449,0.4238466618137917,5,25,0,0.16666666666666666,0.005156556266563953,10.506666666666668,44.9,0.0,3771.184901531728,0.0,medium
NSR-GRID-053,30,0.24681689822043573,0.5897054550574258,0.1248736359677063,0,7,23,0.0,0.004692727000922955,10.506666666666668,44.9,0.0,37.33841528881253,0.0,low
NSR-GRID-054,30,0.5838090328682778,0.9249283683019156,0.4626100110683888,7,23,0,0.23333333333333334,0.00434763895016463,10.506666666666668,44.9,0.0,4043.475524475524,0.0,medium
NSR-GRID-055,30,0.4856587972954239,0.8285014131171544,0.3627550505310728,5,25,0,0.16666666666666666,0.004072248380272516,10.506666666666668,44.9,0.0,3357.04810341174,0.0,medium
NSR-GRID-056,30,0.505097176684128,0.8402819212772755,0.3869731626761936,5,25,0,0.16666666666666666,0.0063052170224437275,10.506666666666668,44.9,0.0,2892.4255138800604,0.0,medium
NSR-GRID-057,30,0.5606047503292223,0.8980273225680315,0.4407686641592864,5,25,0,0.16666666666666666,0.004963720954925363,10.506666666666668,44.9,0.0,3468.3969061241787,0.0,medium
NSR-GRID-058,30,0.5388282268598473,0.8800354961603777,0.4164887054837763,5,25,0,0.16666666666666666,0.0042718076503417916,10.506666666666668,44.9,0.0,3672.891101694915,0.0,medium
NSR-GRID-059,30,0.48093122767793606,0.8241249630994965,0.3589989624778631,5,25,0,0.16666666666666666,0.003833914573234979,10.506666666666668,44.9,0.0,3353.898728813558,0.0,medium
NSR-GRID-060,30,0.5523900029452798,0.8923568034860566,0.4313839649740728,5,25,0,0.16666666666666666,0.004410900416553297,10.506666666666668,44.9,0.0,4080.9538135593216,0.0,medium
NSR-GRID-061,30,0.34143737420094294,0.6794595355035274,0.2224685833794367,2,10,18,0.06666666666666667,0.005480415152568757,10.506666666666668,44.9,0.0,1067.032422123331,0.0,medium
NSR-GRID-062,30,0.43069413481320196,0.7704072606265194,0.3093040294552646,3,17,10,0.1,0.003921283949470284,10.506666666666668,44.9,0.0,2090.202797202796,0.0,medium
NSR-GRID-063,30,0.42714771465198254,0.7679580086767233,0.3051774529606639,3,17,10,0.1,0.003994439530527396,10.506666666666668,44.9,0.0,1729.973087518542,0.0,medium
NSR-GRID-064,30,0.42145933267955105,0.7634771636853314,0.2988416331974487,3,17,10,0.1,0.004119414032474608,10.506666666666668,44.9,0.0,2138.1048728813557,0.0,medium
NSR-GRID-065,30,0.5473030019329808,0.8859346241463256,0.4272319791085193,5,25,0,0.16666666666666666,0.004914581557873747,10.506666666666668,44.9,0.0,3902.3499364137347,0.0,medium
NSR-GRID-066,30,0.3270674412469717,0.6661233827497529,0.2066615235480456,1,8,21,0.03333333333333333,0.005127780389014162,10.506666666666668,44.9,0.0,835.2557203389831,0.0,low
NSR-GRID-067,30,0.39069833090258377,0.7271154419010204,0.2735470637795266,3,16,11,0.1,0.00737175802962595,10.506666666666668,44.9,0.0,1198.8323797414705,0.0,medium
NSR-GRID-068,30,0.5615296365283965,0.9034606826691688,0.4397011927432358,6,24,0,0.2,0.003969072546913267,10.506666666666668,44.9,0.0,3930.6150911403133,0.0,medium
NSR-GRID-069,30,0.4515759596194817,0.7911599177385631,0.3312622259010901,4,26,0,0.13333333333333333,0.004566340180529827,10.506666666666668,44.9,0.0,2436.1265366680796,0.0,medium
NSR-GRID-070,30,0.3779535331637722,0.7194216774588703,0.2548593320794763,3,11,16,0.1,0.004311008556030756,10.506666666666668,44.9,0.0,2078.7591689633255,0.0,medium
NSR-GRID-071,30,0.37074605525922283,0.7108459015720515,0.2508503591319572,2,12,16,0.06666666666666667,0.00482308123389477,10.506666666666668,44.9,0.0,1380.7626112759638,0.0,medium
NSR-GRID-072,30,0.2934519468786573,0.6334596047127116,0.1741079472918505,0,7,23,0.0,0.005482254290183325,10.506666666666668,44.9,0.0,295.8667090485271,0.0,low
NSR-GRID-073,30,0.29024255891547524,0.6310017079882604,0.1706985184170637,0,7,23,0.0,0.005197619299024717,10.506666666666668,44.9,0.0,266.2314049586777,0.0,low
NSR-GRID-074,30,0.2741340486207584,0.6155281421595054,0.1529929612324585,0,7,23,0.0,0.004484690024154243,10.506666666666668,44.9,0.0,86.89682203389833,0.0,low
NSR-GRID-075,30,0.25389549500796993,0.5960214834950711,0.1327635305550155,0,7,23,0.0,0.004547856485431024,10.506666666666668,44.9,0.0,369.57775423728833,0.0,low
NSR-GRID-076,30,0.23683979826851917,0.5808864902051959,0.1139749315075549,0,6,24,0.0,0.005035526616708966,10.506666666666668,44.9,0.0,5.785032859868559,0.0,low
NSR-GRID-077,30,0.2545882257705537,0.5985184431852207,0.1317047873703886,0,7,23,0.0,0.00523760404363086,10.506666666666668,44.9,0.0,5.632627118644071,0.0,low
NSR-GRID-078,30,0.4758507939763557,0.8167836399923393,0.3531985922861826,5,25,0,0.16666666666666666,0.00437650201753718,10.506666666666668,44.9,0.0,2758.0,0.0,medium
NSR-GRID-079,30,0.2750150141472452,0.6167437399292436,0.1548008873985884,0,7,23,0.0,0.004807299247582938,10.506666666666668,44.9,0.0,95.9598629466471,0.0,low
NSR-GRID-080,30,0.5425354087876767,0.8837920418614482,0.4193475261313987,5,25,0,0.16666666666666666,0.004434785064008613,10.506666666666668,44.9,0.0,3586.229744426319,0.0,medium
NSR-GRID-081,30,0.26117665938174583,0.6032409146679878,0.1394740431077058,0,7,23,0.0,0.004781472546711704,10.506666666666668,44.9,0.0,7.52832590706556,0.0,low
NSR-GRID-082,30,0.5559702821188981,0.8961005821656619,0.4346692867021606,5,25,0,0.16666666666666666,0.004103242180545459,10.506666666666668,44.9,0.0,3794.1447954208165,0.0,medium
NSR-GRID-083,30,0.5528278760057399,0.8931746659160386,0.4310789982369721,5,25,0,0.16666666666666666,0.004236031392283542,10.506666666666668,44.9,0.0,3622.013143947423,0.0,medium
NSR-GRID-084,30,0.5301044791422272,0.8704707754123637,0.4085973440624137,5,25,0,0.16666666666666666,0.004029546950905629,10.506666666666668,44.9,0.0,3614.1865197117427,0.0,medium
NSR-GRID-085,30,0.5200866412440542,0.8617977733216442,0.3975520556595207,5,25,0,0.16666666666666666,0.003914529300673078,10.506666666666668,44.9,0.0,3692.5317796610166,0.0,medium
NSR-GRID-086,30,0.4782283772313804,0.8217500342752626,0.353177422151718,5,25,0,0.16666666666666666,0.005898167549994568,10.506666666666668,44.9,0.0,3574.9794404408635,0.0,medium
NSR-GRID-087,30,0.5349263552774934,0.8738174050545674,0.4138603001486133,5,25,0,0.16666666666666666,0.004183157960397859,10.506666666666668,44.9,0.0,3703.492372881356,0.0,medium
NSR-GRID-088,30,0.440055079246315,0.7859525804036792,0.3150803430362353,4,16,10,0.13333333333333333,0.00522538259863431,10.506666666666668,44.9,0.0,2694.199194744649,0.0,medium
NSR-GRID-089,30,0.5009816540122249,0.8375736564856732,0.3817008232844011,5,25,0,0.16666666666666666,0.005383592737095433,10.506666666666668,44.9,0.0,3143.5584745762712,0.0,medium
NSR-GRID-090,30,0.4599930377266339,0.798679561385442,0.3396089809898592,4,26,0,0.13333333333333333,0.004404599866804042,10.506666666666668,44.9,0.0,2340.6091564222133,0.0,medium
NSR-GRID-091,30,0.4227366891102645,0.7629799715082225,0.3016817728104873,3,17,10,0.1,0.004078636789668453,10.506666666666668,44.9,0.0,1904.8467895740616,0.0,medium
NSR-GRID-092,30,0.567646219843952,0.90738476194542,0.4469023529791102,6,24,0,0.2,0.004313464516088086,10.506666666666668,44.9,0.0,4137.173553719009,0.0,medium
NSR-GRID-093,30,0.45411115347519654,0.7955188478317289,0.3323153062774261,4,26,0,0.13333333333333333,0.0036897712840769726,10.506666666666668,44.9,0.0,2325.030514939606,0.0,medium
NSR-GRID-094,30,0.5129521691847461,0.8522784368788829,0.3927200173109434,5,25,0,0.16666666666666666,0.004859701946360441,10.506666666666668,44.9,0.0,3156.540907164051,0.0,medium
NSR-GRID-095,30,0.4585994012125308,0.7999690682322221,0.337678577461744,4,26,0,0.13333333333333333,0.004117184312709957,10.506666666666668,44.9,0.0,2299.056355932204,0.0,medium
NSR-GRID-096,30,0.502882963898301,0.8417800465387989,0.3826652081406825,5,25,0,0.16666666666666666,0.004572062124386071,10.506666666666668,44.9,0.0,3301.563771186441,0.0,medium
NSR-GRID-097,30,0.4376818610790603,0.78213888326318,0.3135420307091485,4,16,10,0.13333333333333333,0.004671417822082042,10.506666666666668,44.9,0.0,2947.63302946788,0.0,medium
NSR-GRID-098,30,0.45723516499160827,0.7971329690392585,0.335426097691423,4,26,0,0.13333333333333333,0.004445804451025701,10.506666666666668,44.9,0.0,3322.011231193051,0.0,medium
NSR-GRID-099,30,0.43106619310820343,0.770477586069284,0.3086547949815379,4,16,10,0.13333333333333333,0.004198349099714212,10.506666666666668,44.9,0.0,2835.5375158965658,0.0,medium
NSR-GRID-100,30,0.2622195356976301,0.6063718781445195,0.1389096951412807,0,7,23,0.0,0.005935335804557041,10.506666666666668,44.9,0.0,758.1606953572186,0.0,low
NSR-GRID-101,30,0.29253958184952694,0.6353527182850236,0.1716401813059748,0,7,23,0.0,0.004363070620799523,10.506666666666668,44.9,0.0,385.41483050847455,0.0,low
NSR-GRID-102,30,0.2796581738060389,0.620901441935121,0.1595953309399563,0,7,23,0.0,0.004536394832471335,10.506666666666668,44.9,0.0,18.059758423394783,0.0,low
NSR-GRID-103,30,0.25730340414429625,0.5985122735703906,0.137503128590614,0,7,23,0.0,0.004827185237306294,10.506666666666668,44.9,0.0,132.43789741415856,0.0,low
NSR-GRID-104,30,0.2828692961115006,0.6264498936309946,0.1618452290501443,0,7,23,0.0,0.004002652352557526,10.506666666666668,44.9,0.0,266.68013856812934,0.0,low
NSR-GRID-105,30,0.5008079333726365,0.8416731449788383,0.3773775130772399,5,25,0,0.16666666666666666,0.005209063611396824,10.506666666666668,44.9,0.0,3617.1870310825298,0.0,medium
NSR-GRID-106,30,0.27643294812370367,0.6181522670065095,0.1559394904687748,0,7,23,0.0,0.0044366261988346865,10.506666666666668,44.9,0.0,91.41150159744409,0.0,low
NSR-GRID-107,30,0.5569225170616614,0.895910823545325,0.4368693574697062,5,25,0,0.16666666666666666,0.004911565486322402,10.506666666666668,44.9,0.0,3836.614924757783,0.0,medium
NSR-GRID-108,30,0.5153036271636409,0.8547058385314079,0.3947035491546428,5,25,0,0.16666666666666666,0.0048444707330566605,10.506666666666668,44.9,0.0,3850.4643298969063,0.0,medium
NSR-GRID-109,30,0.5721881465514407,0.9112768813257884,0.4509766570895962,6,24,0,0.2,0.004783835605287381,10.506666666666668,44.9,0.0,4594.3938144329895,0.0,medium
NSR-GRID-110,30,0.4868574589350355,0.8282956068012426,0.3632894764605541,5,25,0,0.16666666666666666,0.005140976312802458,10.506666666666668,44.9,0.0,4067.2874226804133,0.0,medium
NSR-GRID-111,30,0.5124265769068738,0.8512307397119684,0.3907444846306924,5,25,0,0.16666666666666666,0.004593622622678359,10.506666666666668,44.9,0.0,4045.740053597199,0.0,medium
NSR-GRID-112,30,0.5309625625440951,0.8719452023430673,0.4088007377875852,5,25,0,0.16666666666666666,0.00396037625959205,10.506666666666668,44.9,0.0,4113.96371882086,0.0,medium
NSR-GRID-113,30,0.5262725675820321,0.8679444920275021,0.4029801334507611,5,25,0,0.16666666666666666,0.004506688096836648,10.506666666666668,44.9,0.0,4232.122499484429,0.0,medium
NSR-GRID-114,30,0.5420982320601837,0.8839782482085985,0.4201782088144463,5,25,0,0.16666666666666666,0.003737841450431453,10.506666666666668,44.9,0.0,4321.896701030927,0.0,medium
NSR-GRID-115,30,0.5576494451801157,0.8973430201108865,0.4366319337607019,5,25,0,0.16666666666666666,0.00417907532249556,10.506666666666668,44.9,0.0,3917.207998350857,0.0,medium
NSR-GRID-116,30,0.4736566622553323,0.8147769509473219,0.3516919323343577,4,26,0,0.13333333333333333,0.0043622249199003855,10.506666666666668,44.9,0.0,2755.062049062049,0.0,medium
NSR-GRID-117,30,0.3707335051611841,0.7095360244521315,0.2515440911332326,2,12,16,0.06666666666666667,0.0055565211968811815,10.506666666666668,44.9,0.0,1389.5499896928463,0.0,medium
NSR-GRID-118,30,0.33672945998071724,0.6786631960251192,0.214533814755702,2,10,18,0.06666666666666667,0.004900427513175112,10.506666666666668,44.9,0.0,1345.265718408576,0.0,medium
NSR-GRID-119,30,0.5902857015520244,0.9260189056484306,0.4709414154369609,7,23,0,0.23333333333333334,0.005476734527835316,10.506666666666668,44.9,0.0,4527.309484536081,0.0,medium
NSR-GRID-120,30,0.6119586648067096,0.9499466572703786,0.4908814519865932,7,23,0,0.23333333333333334,0.005343272252530119,10.506666666666668,44.9,0.0,4640.928865979381,0.0,medium
NSR-GRID-121,30,0.5627767746495398,0.904470791653132,0.4409522908266821,6,24,0,0.2,0.0038627400807709883,10.506666666666668,44.9,0.0,4124.776082474227,0.0,medium
NSR-GRID-122,30,0.5284162499096017,0.8699836883591154,0.4051131843460215,5,25,0,0.16666666666666666,0.004709661303956907,10.506666666666668,44.9,0.0,3938.9554639175235,0.0,medium
NSR-GRID-123,30,0.5354462949438858,0.8762811297720953,0.4137375481426986,5,25,0,0.16666666666666666,0.004359273561475756,10.506666666666668,44.9,0.0,4137.688865979381,0.0,medium
NSR-GRID-124,30,0.48796780229964865,0.8299682652075613,0.3656725706701117,5,25,0,0.16666666666666666,0.004057056395695366,10.506666666666668,44.9,0.0,3674.520717377861,0.0,medium
NSR-GRID-125,30,0.32706653446558964,0.6715154227206231,0.2036766082939534,2,6,22,0.06666666666666667,0.005802858769205794,10.506666666666668,44.9,0.0,1107.9938157081017,0.0,low
NSR-GRID-126,30,0.3009930392615536,0.640562313370446,0.1813627876462675,0,7,23,0.0,0.005103382467083447,10.506666666666668,44.9,0.0,450.65340206185596,0.0,low
NSR-GRID-127,30,0.26616998538320674,0.6088612900736088,0.1441760030795441,0,7,23,0.0,0.004736509029282156,10.506666666666668,44.9,0.0,22.06474226804123,0.0,low
NSR-GRID-128,30,0.3732836674865767,0.7299589005305104,0.2413088874604577,3,11,16,0.1,0.010075442304094951,10.506666666666668,44.9,0.0,2474.408,0.0,medium
NSR-GRID-129,30,0.30331115592391017,0.642553160010337,0.184866737495487,0,7,23,0.0,0.006128800442273753,10.506666666666668,44.9,0.0,425.4084507042256,0.0,low
NSR-GRID-130,30,0.518840669565881,0.8606721377788756,0.3967837222240361,5,25,0,0.16666666666666666,0.003695545026943939,10.506666666666668,44.9,0.0,3558.004294917682,0.0,medium
NSR-GRID-131,30,0.2662717605973976,0.6078982010879493,0.1455147013722609,0,7,23,0.0,0.004527965456234514,10.506666666666668,44.9,0.0,12.384566461734149,0.0,low
NSR-GRID-132,30,0.562472089187979,0.9004306468098184,0.4421626670516777,6,24,0,0.2,0.004808812638730128,10.506666666666668,44.9,0.0,4274.9749947022665,0.0,medium
NSR-GRID-133,30,0.5657855366486453,0.9049069725288954,0.4457994824361603,6,24,0,0.2,0.004943821697413057,10.506666666666668,44.9,0.0,4458.2113958907,0.0,medium
NSR-GRID-134,30,0.5212029912056109,0.8659518739117035,0.3976492965113176,5,25,0,0.16666666666666666,0.004525799389764444,10.506666666666668,44.9,0.0,3961.3714770078386,0.0,medium
NSR-GRID-135,30,0.5354580679663139,0.8769668535699835,0.4140320772325857,5,25,0,0.16666666666666666,0.004003742454831472,10.506666666666668,44.9,0.0,4130.348590803133,0.0,medium
NSR-GRID-136,30,0.4559409795671619,0.7960791220267764,0.3347240038786229,4,26,0,0.13333333333333333,0.004205164184968815,10.506666666666668,44.9,0.0,2346.619966087325,0.0,medium
NSR-GRID-137,30,0.5027236591073782,0.84108801706119,0.3814124655735035,5,25,0,0.16666666666666666,0.004709593392662769,10.506666666666668,44.9,0.0,4225.372561492793,0.0,medium
NSR-GRID-138,30,0.4603812195350479,0.8061847951817973,0.3339328508030255,5,25,0,0.16666666666666666,0.007120403996366464,10.506666666666668,44.9,0.0,4221.700233199067,0.0,medium
NSR-GRID-139,30,0.5127323484158098,0.8548551976054742,0.390173383953137,5,25,0,0.16666666666666666,0.004184423320625077,10.506666666666668,44.9,0.0,3531.750529885544,0.0,medium
NSR-GRID-140,30,0.23791235084275228,0.5836396717492862,0.113524063312526,0,7,23,0.0,0.005839443669462977,10.506666666666668,44.9,0.0,308.4077134986225,0.0,low
NSR-GRID-141,30,0.23575614073741327,0.5822655469111805,0.1127868102973703,0,6,24,0.0,0.005145417415175785,10.506666666666668,44.9,0.0,8.252542372881354,0.0,low
NSR-GRID-142,30,0.38098420726988985,0.7221742703203113,0.2592787946826103,3,12,15,0.1,0.004074082890952604,10.506666666666668,44.9,0.0,2023.2663135593202,0.0,medium
NSR-GRID-143,30,0.5764540174384946,0.9165636425029892,0.4553847218626041,6,24,0,0.2,0.0043814196962046505,10.506666666666668,44.9,0.0,4347.331214240304,0.0,medium
NSR-GRID-144,30,0.592000356408053,0.9308993708102078,0.4711865760681077,7,23,0,0.23333333333333334,0.004917725835470411,10.506666666666668,44.9,0.0,4577.472345835982,0.0,medium
NSR-GRID-145,30,0.503105506988972,0.8413784620945712,0.3822009666217011,5,25,0,0.16666666666666666,0.004568440830580607,10.506666666666668,44.9,0.0,3378.190082644627,0.0,medium
NSR-GRID-146,30,0.4964160822286151,0.8376953353158842,0.3736031541566099,5,25,0,0.16666666666666666,0.004237311460761376,10.506666666666668,44.9,0.0,3617.1388005933445,0.0,medium
NSR-GRID-147,30,0.5013752415340634,0.8428896201354277,0.3782047236994251,5,25,0,0.16666666666666666,0.004447891160890259,10.506666666666668,44.9,0.0,3675.006144067797,0.0,medium
NSR-GRID-148,30,0.4461667641582992,0.7872159439476832,0.3237204160473989,4,16,10,0.13333333333333333,0.004146819124846479,10.506666666666668,44.9,0.0,2847.14004237288,0.0,medium
NSR-GRID-149,30,0.532554741095421,0.8728942545183025,0.4109452032694015,5,25,0,0.16666666666666666,0.004325517487481973,10.506666666666668,44.9,0.0,3922.670692943419,0.0,medium
NSR-GRID-150,30,0.42975444407200886,0.769729465186565,0.3077855172444559,4,16,10,0.13333333333333333,0.0048345040057423995,10.506666666666668,44.9,0.0,2353.9866497139215,0.0,medium
NSR-GRID-151,30,0.2506024529262426,0.59512124114479,0.1283848851947449,0,7,23,0.0,0.004946127989648689,10.506666666666668,44.9,0.0,98.27966976264184,0.0,low
NSR-GRID-152,30,0.4883053370594449,0.8307196642076327,0.3662047145295222,5,25,0,0.16666666666666666,0.003929229150544971,10.506666666666668,44.9,0.0,3402.1373546511622,0.0,medium
NSR-GRID-153,30,0.5751654109514936,0.9134806161395608,0.4556532658861288,6,24,0,0.2,0.005235342320065046,10.506666666666668,44.9,0.0,4276.5337043908485,0.0,medium
NSR-GRID-154,30,0.5543451078083452,0.8945726886462948,0.4334635783027944,5,25,0,0.16666666666666666,0.0043033247195055505,10.506666666666668,44.9,0.0,4292.994226804124,0.0,medium
NSR-GRID-155,30,0.5422924885915886,0.8832782900534016,0.4206899747005347,5,25,0,0.16666666666666666,0.003890196513230436,10.506666666666668,44.9,0.0,4367.681368507833,0.0,medium
NSR-GRID-156,30,0.5356747737364692,0.8772950517115379,0.4134118852007154,5,25,0,0.16666666666666666,0.003950159717260828,10.506666666666668,44.9,0.0,4114.499072356213,0.0,medium
NSR-GRID-157,30,0.5140936814924663,0.8585231203571497,0.3907402187741037,5,25,0,0.16666666666666666,0.0043251532569447675,10.506666666666668,44.9,0.0,3878.1947650453417,0.0,medium
NSR-GRID-158,30,0.5391412849268484,0.8823501070988872,0.4161654024168382,5,25,0,0.16666666666666666,0.004092881697419631,10.506666666666668,44.9,0.0,4312.3159521846665,0.0,medium
NSR-GRID-159,30,0.49627080431204146,0.8386648195201332,0.3723150961871255,5,25,0,0.16666666666666666,0.0054277251959439785,10.506666666666668,44.9,0.0,4316.911321922046,0.0,medium
NSR-GRID-160,30,0.5593728490690512,0.9006633592250072,0.4378971387416862,6,24,0,0.2,0.003927344444233764,10.506666666666668,44.9,0.0,4269.007630439267,0.0,medium
NSR-GRID-161,30,0.4792545007288472,0.8197387694517314,0.3574006493749013,5,25,0,0.16666666666666666,0.004066220706077529,10.506666666666668,44.9,0.0,3389.4563827593333,0.0,medium
NSR-GRID-162,30,0.40616225537739925,0.7470912571541223,0.2827595108419282,3,17,10,0.1,0.0050302757784506,10.506666666666668,44.9,0.0,2447.401649484537,0.0,medium
NSR-GRID-163,30,0.47620079595454745,0.8178079436037797,0.3536786846725547,5,25,0,0.16666666666666666,0.0039029361373326245,10.506666666666668,44.9,0.0,3208.920824742267,0.0,medium
NSR-GRID-164,30,0.5127590513778918,0.8540549294580575,0.3906301091047548,5,25,0,0.16666666666666666,0.004203354676238722,10.506666666666668,44.9,0.0,3814.4900020614314,0.0,medium
NSR-GRID-165,30,0.5505474563936186,0.8923101794872315,0.4284451025903842,5,25,0,0.16666666666666666,0.004130499344147937,10.506666666666668,44.9,0.0,4411.474237427867,0.0,medium
NSR-GRID-166,30,0.5199828371637576,0.8590138493472299,0.3988440833380697,5,25,0,0.16666666666666666,0.004113800973487622,10.506666666666668,44.9,0.0,3816.9022680412395,0.0,medium
NSR-GRID-167,30,0.5016671684838193,0.8443120634759407,0.3786586210262308,5,25,0,0.16666666666666666,0.004569835992996955,10.506666666666668,44.9,0.0,3936.366185567011,0.0,medium
NSR-GRID-168,30,0.4846712800627972,0.8263001227879551,0.3616023297470285,5,25,0,0.16666666666666666,0.00432328109819301,10.506666666666668,44.9,0.0,3875.7074226804125,0.0,medium
NSR-GRID-169,30,0.43542177180585284,0.775036315580413,0.3137757842043143,4,16,10,0.13333333333333333,0.0039448844485759525,10.506666666666668,44.9,0.0,2881.7581941867675,0.0,medium
NSR-GRID-170,30,0.39326058723467905,0.7330034358357754,0.2712086365699964,3,16,11,0.1,0.003999712806115145,10.506666666666668,44.9,0.0,2152.167765869745,0.0,medium
NSR-GRID-171,30,0.2846451819329163,0.6263496386974629,0.1642597206812505,0,7,23,0.0,0.0046460179041984,10.506666666666668,44.9,0.0,489.299938157081,0.0,low
NSR-GRID-172,30,0.28034559404742787,0.6231477572131373,0.1594653767543897,0,7,23,0.0,0.0041078901383519726,10.506666666666668,44.9,0.0,47.99999999999999,0.0,low
NSR-GRID-173,30,0.2636251531145677,0.6040541406181029,0.143625954570948,0,7,23,0.0,0.004731726298901376,10.506666666666668,44.9,0.0,245.8716387620497,0.0,low
NSR-GRID-174,30,0.4883131544774682,0.8303418992792477,0.3658399855828852,5,25,0,0.16666666666666666,0.0039130589725335264,10.506666666666668,44.9,0.0,3306.10628742515,0.0,medium
NSR-GRID-175,30,0.562899983999679,0.9042632952343592,0.4413613781004555,6,24,0,0.2,0.003980774732651589,10.506666666666668,44.9,0.0,4004.2948283170826,0.0,medium
NSR-GRID-176,30,0.5435135622226805,0.885859353013138,0.4222923621233384,5,25,0,0.16666666666666666,0.003958930080695336,10.506666666666668,44.9,0.0,4029.709684255139,0.0,medium
NSR-GRID-177,30,0.5349023068667972,0.8756826631981088,0.4131239374497463,5,25,0,0.16666666666666666,0.004077803102894748,10.506666666666668,44.9,0.0,3807.5911403136906,0.0,medium
NSR-GRID-178,30,0.5254044274528453,0.8689098267290604,0.4030385904617677,5,25,0,0.16666666666666666,0.0041862368438985165,10.506666666666668,44.9,0.0,4038.576515472656,0.0,medium
NSR-GRID-179,30,0.5213330385093037,0.8653668623849677,0.3980746484135552,5,25,0,0.16666666666666666,0.004275512729711406,10.506666666666668,44.9,0.0,3946.596948506038,0.0,medium
NSR-GRID-180,30,0.483209417593247,0.8228009599392899,0.3609704400271121,5,25,0,0.16666666666666666,0.004312137584973465,10.506666666666668,44.9,0.0,4125.006991525425,0.0,medium
NSR-GRID-181,30,0.47566228169267327,0.8177706697574101,0.3512352088706303,5,25,0,0.16666666666666666,0.005641549237243614,10.506666666666668,44.9,0.0,3901.906819144429,0.0,medium
NSR-GRID-182,30,0.5811116182889923,0.9198377444537305,0.461267277269113,7,23,0,0.23333333333333334,0.00499522248290675,10.506666666666668,44.9,0.0,4226.928601694915,0.0,medium
NSR-GRID-183,30,0.5226655416017895,0.8622531036443772,0.4017511199110424,5,25,0,0.16666666666666666,0.0040879008768724585,10.506666666666668,44.9,0.0,3833.28883237974,0.0,medium
NSR-GRID-184,30,0.5318485095506591,0.8708099038861733,0.4107656466672202,5,25,0,0.16666666666666666,0.004242342184411838,10.506666666666668,44.9,0.0,3791.6401780038136,0.0,medium
NSR-GRID-185,30,0.4566006193798228,0.7943470462534341,0.3359529499336512,4,26,0,0.13333333333333333,0.00447910825381773,10.506666666666668,44.9,0.0,3020.1015045560493,0.0,medium
NSR-GRID-186,30,0.5042538651739817,0.8478194234760366,0.3798223984334146,5,25,0,0.16666666666666666,0.0052898342534929916,10.506666666666668,44.9,0.0,4129.9813519813515,0.0,medium
NSR-GRID-187,30,0.5585738236333363,0.9003702291154884,0.4367353492395606,6,24,0,0.2,0.0035926293562928845,10.506666666666668,44.9,0.0,4528.655084745764,0.0,medium
NSR-GRID-188,30,0.5626971434531213,0.9031488723933936,0.4415986174085819,6,24,0,0.2,0.004099579074426169,10.506666666666668,44.9,0.0,4490.558262711862,0.0,medium
NSR-GRID-189,30,0.5526534831126678,0.8935085607043906,0.4310010192056943,5,25,0,0.16666666666666666,0.004192488018934158,10.506666666666668,44.9,0.0,4186.853420885406,0.0,medium
NSR-GRID-190,30,0.4840565010546917,0.8226004881167087,0.3628543246378194,5,25,0,0.16666666666666666,0.004341891292591238,10.506666666666668,44.9,0.0,3266.487923728813,0.0,medium
NSR-GRID-191,30,0.3946090012543276,0.7350347108141829,0.2738174244007011,3,16,11,0.1,0.0038924179336918613,10.506666666666668,44.9,0.0,1984.7010593220339,0.0,medium
NSR-GRID-192,30,0.28562914648653565,0.6291835226869015,0.1646136475404156,0,7,23,0.0,0.004113360659141013,10.506666666666668,44.9,0.0,345.40856113583374,0.0,low
NSR-GRID-193,30,0.5782677079004473,0.9189612700838616,0.4569257535704054,7,23,0,0.23333333333333334,0.004050319992499754,10.506666666666668,44.9,0.0,4220.432432432431,0.0,medium
NSR-GRID-194,30,0.3604920230786506,0.6982070630702447,0.2419645241694465,2,12,16,0.06666666666666667,0.006014129282203412,10.506666666666668,44.9,0.0,1225.2502937720335,0.0,medium
NSR-GRID-195,30,0.5128674095258815,0.8557979120064658,0.3897933171816536,5,25,0,0.16666666666666666,0.00417820004290822,10.506666666666668,44.9,0.0,3766.540122633964,0.0,medium
NSR-GRID-196,30,0.34969630469560525,0.6854200555205485,0.2313402115335507,2,12,16,0.06666666666666667,0.006314706297462326,10.506666666666668,44.9,0.0,1113.1532767254525,0.0,medium
NSR-GRID-197,30,0.50061922197919,0.8450149089650759,0.3756797554041677,5,25,0,0.16666666666666666,0.005560628727891356,10.506666666666668,44.9,0.0,3647.679864492907,0.0,medium
NSR-GRID-198,30,0.4477582211546826,0.7906305449826511,0.3251694379764092,4,16,10,0.13333333333333333,0.004123875127019635,10.506666666666668,44.9,0.0,2681.0175810209716,0.0,medium
NSR-GRID-199,30,0.5143146956312739,0.8525310799951921,0.3926411807687861,5,25,0,0.16666666666666666,0.004935890352540958,10.506666666666668,44.9,0.0,4432.0946632782725,0.0,medium
NSR-GRID-200,30,0.532994552802701,0.8738983643308188,0.4109425502485452,5,25,0,0.16666666666666666,0.004259098843063678,10.506666666666668,44.9,0.0,4521.630029648455,0.0,medium
NSR-GRID-201,30,0.5105456303151386,0.8535693394265744,0.387490228677871,5,25,0,0.16666666666666666,0.004727657591708533,10.506666666666668,44.9,0.0,4196.120338983052,0.0,medium
NSR-GRID-202,30,0.5166015750276877,0.8602668934671915,0.3930070844123332,5,25,0,0.16666666666666666,0.0048067694433866345,10.506666666666668,44.9,0.0,4047.3135718822773,0.0,medium
NSR-GRID-203,30,0.5274384478017934,0.8679802819567648,0.4059168838065224,5,25,0,0.16666666666666666,0.004259067822749847,10.506666666666668,44.9,0.0,3544.4866581956785,0.0,medium
NSR-GRID-204,30,0.5594515291511187,0.90164385676851,0.4371846225193692,6,24,0,0.2,0.0039294568305790565,10.506666666666668,44.9,0.0,4027.36713952996,0.0,medium
NSR-GRID-205,30,0.48802003709453406,0.8297899840801942,0.3649096472495277,5,25,0,0.16666666666666666,0.004613622556870209,10.506666666666668,44.9,0.0,3649.0942197755667,0.0,medium
NSR-GRID-206,30,0.5402577162219094,0.8809992170742779,0.4186666170199301,5,25,0,0.16666666666666666,0.004112623392852848,10.506666666666668,44.9,0.0,4247.872326910862,0.0,medium
NSR-GRID-207,30,0.5219204482851638,0.8639618983310521,0.3979136631255643,5,25,0,0.16666666666666666,0.00507679544860534,10.506666666666668,44.9,0.0,4313.145096377889,0.0,medium
NSR-GRID-208,30,0.5651787499658325,0.9059067573949507,0.4442793609398807,6,24,0,0.2,0.004071170000868554,10.506666666666668,44.9,0.0,4548.57136806438,0.0,medium
NSR-GRID-209,30,0.5457933287837409,0.8874938483776244,0.4237148601153466,5,25,0,0.16666666666666666,0.0038995863133854274,10.506666666666668,44.9,0.0,4473.901292099134,0.0,medium
NSR-GRID-210,30,0.5584824261616091,0.8987816824950886,0.4374136701357403,5,25,0,0.16666666666666666,0.0039684534389348,10.506666666666668,44.9,0.0,4463.962100359943,0.0,medium
NSR-GRID-211,30,0.5476389337498037,0.8895554201851634,0.4253799894394494,5,25,0,0.16666666666666666,0.003846903677948041,10.506666666666668,44.9,0.0,4414.526360364176,0.0,medium
NSR-GRID-212,30,0.4489852421866866,0.7900000323334342,0.3258236900075203,4,16,10,0.13333333333333333,0.004816813854309644,10.506666666666668,44.9,0.0,2734.9917407878033,0.0,medium
NSR-GRID-213,30,0.37438570281353617,0.7144552569551678,0.2528284349365209,3,11,16,0.1,0.004735660121541443,10.506666666666668,44.9,0.0,1969.9495858840476,0.0,medium
NSR-GRID-214,30,0.5501344751661612,0.8905959314314974,0.4290518166600814,5,25,0,0.16666666666666666,0.0042456054816270685,10.506666666666668,44.9,0.0,4533.669201520913,0.0,medium
NSR-GRID-215,30,0.5172806278691103,0.8576941450365992,0.3960633455647884,5,25,0,0.16666666666666666,0.003821289850042667,10.506666666666668,44.9,0.0,3869.93980622552,0.0,medium
NSR-GRID-216,30,0.5186977343758165,0.8595350911923021,0.396769654233376,5,25,0,0.16666666666666666,0.003964193668196884,10.506666666666668,44.9,0.0,3659.750257572637,0.0,medium
NSR-GRID-217,30,0.5438479542839711,0.8841165174134283,0.422819373436857,5,25,0,0.16666666666666666,0.004027441725863892,10.506666666666668,44.9,0.0,4404.55711340206,0.0,medium
NSR-GRID-218,30,0.5440324956907642,0.885158416187618,0.4230392039795574,5,25,0,0.16666666666666666,0.004157172693749139,10.506666666666668,44.9,0.0,4148.083487940632,0.0,medium
NSR-GRID-219,30,0.49328310257306934,0.8351603176757347,0.3702192174305896,5,25,0,0.16666666666666666,0.00446925818964403,10.506666666666668,44.9,0.0,3859.3279736136883,0.0,medium
NSR-GRID-220,30,0.5211903078005444,0.8630822548757263,0.3988000184109109,5,25,0,0.16666666666666666,0.00400256920362292,10.506666666666668,44.9,0.0,3705.0618556701043,0.0,medium
NSR-GRID-221,30,0.6179766191541268,0.9542468337985616,0.4971286732995102,7,23,0,0.23333333333333334,0.005348126919197286,10.506666666666668,44.9,0.0,4836.950319521746,0.0,medium
NSR-GRID-222,30,0.4982551408461207,0.8372085555958075,0.3765657924111757,5,25,0,0.16666666666666666,0.004448449868848484,10.506666666666668,44.9,0.0,3323.6125773195868,0.0,medium
NSR-GRID-223,30,0.5656397981537544,0.9057386597680952,0.4452072310073642,6,24,0,0.2,0.004441159848537424,10.506666666666668,44.9,0.0,4529.054410552347,0.0,medium
NSR-GRID-224,30,0.5591056869662425,0.9011797846043192,0.436979719240477,6,24,0,0.2,0.0037764344141089203,10.506666666666668,44.9,0.0,4547.7895713108,0.0,medium
NSR-GRID-225,30,0.503553745371338,0.847702996508428,0.3803718674756322,5,25,0,0.16666666666666666,0.004932264399646732,10.506666666666668,44.9,0.0,3758.2862147125475,0.0,medium
NSR-GRID-226,30,0.4662499372972539,0.8068043018133941,0.3441150226331432,4,26,0,0.13333333333333333,0.004457017910272258,10.506666666666668,44.9,0.0,3429.8279060181376,0.0,medium
NSR-GRID-227,30,0.5594607623661643,0.9030556163637168,0.4360343741976703,6,24,0,0.2,0.004442846230435663,10.506666666666668,44.9,0.0,4597.042456718878,0.0,medium
NSR-GRID-228,30,0.5284535178433241,0.8752018387528402,0.4023864369277258,5,25,0,0.16666666666666666,0.006878493511672709,10.506666666666668,44.9,0.0,4735.43569661995,0.0,medium
NSR-GRID-229,30,0.5601800240406666,0.9029164130044328,0.4374064948960412,6,24,0,0.2,0.004392226966305881,10.506666666666668,44.9,0.0,4655.803298969072,0.0,medium
NSR-GRID-230,30,0.5508717411287581,0.8941243300071883,0.4272087890739576,5,25,0,0.16666666666666666,0.004575629044772586,10.506666666666668,44.9,0.0,4232.114615543188,0.0,medium
NSR-GRID-231,30,0.24785518978109694,0.5946373015774562,0.12265616369869,0,7,23,0.0,0.007729778870639683,10.506666666666668,44.9,0.0,1133.6718386346006,0.0,low
NSR-GRID-232,30,0.5432988555919241,0.885493234245667,0.4204156606287545,5,25,0,0.16666666666666666,0.004242523584975857,10.506666666666668,44.9,0.0,3998.5713522180645,0.0,medium
NSR-GRID-233,30,0.5550659508167738,0.8945290885629459,0.4345097717795328,5,25,0,0.16666666666666666,0.004308559543051834,10.506666666666668,44.9,0.0,4302.962492053401,0.0,medium
NSR-GRID-234,30,0.552980593701572,0.8938049965790094,0.431898067337734,5,25,0,0.16666666666666666,0.0039061113610159076,10.506666666666668,44.9,0.0,4335.677897859717,0.0,medium
NSR-GRID-235,30,0.551561722230467,0.8928050585861297,0.4303955721285477,5,25,0,0.16666666666666666,0.003977671679227407,10.506666666666668,44.9,0.0,4145.411104047469,0.0,medium
NSR-GRID-236,30,0.4786314908621776,0.8191299404522067,0.3573994908311319,5,25,0,0.16666666666666666,0.003979487725129442,10.506666666666668,44.9,0.0,3067.915272188096,0.0,medium
NSR-GRID-237,30,0.279792565137499,0.6185861191863293,0.1601138014668962,0,7,23,0.0,0.0056965783305742415,10.506666666666668,44.9,0.0,546.3784700148339,0.0,low
NSR-GRID-238,30,0.40669972760223355,0.7447137644104991,0.2854862105957235,3,17,10,0.1,0.004310003364093927,10.506666666666668,44.9,0.0,2054.3402542372883,0.0,medium
NSR-GRID-239,30,0.478721828916656,0.8164263937777989,0.3587178704210275,4,26,0,0.13333333333333333,0.0047747097498002326,10.506666666666668,44.9,0.0,2805.3021186440697,0.0,medium
NSR-GRID-240,30,0.4533288666833508,0.7900495137738432,0.3336647034778327,4,26,0,0.13333333333333333,0.005266985054318449,10.506666666666668,44.9,0.0,2457.4784912057653,0.0,medium
NSR-GRID-241,30,0.5154982591009383,0.855408069436257,0.3941257998149612,5,25,0,0.16666666666666666,0.004254287855147034,10.506666666666668,44.9,0.0,3666.340186519713,0.0,medium
NSR-GRID-242,30,0.5384264795013933,0.8815399950353398,0.4139288057051211,5,25,0,0.16666666666666666,0.00524247541964389,10.506666666666668,44.9,0.0,4470.939830508475,0.0,medium
NSR-GRID-243,30,0.44302872833581397,0.7850410849289303,0.3202012908406015,4,16,10,0.13333333333333333,0.004600734525453426,10.506666666666668,44.9,0.0,3087.484739296313,0.0,medium
NSR-GRID-244,30,0.21896705142116304,0.5616578214509605,0.0985498778351137,0,5,25,0.0,0.004331698868731995,10.506666666666668,44.9,0.0,321.7565677966103,0.0,low
NSR-GRID-245,30,0.34384534657738114,0.683204692892698,0.2212367127494306,2,12,16,0.06666666666666667,0.0044501087730809364,10.506666666666668,44.9,0.0,1980.5369781733432,0.0,medium
NSR-GRID-246,30,0.4615052883247685,0.8063783085080011,0.3354332696734305,5,25,0,0.16666666666666666,0.006585055888636809,10.506666666666668,44.9,0.0,3573.95764506565,0.0,medium
NSR-GRID-247,30,0.4239436006939403,0.7647109768278056,0.3011549328803343,3,17,10,0.1,0.004564362652001867,10.506666666666668,44.9,0.0,3036.7476160203464,0.0,medium
NSR-GRID-248,30,0.43998260245954907,0.7803736637874394,0.3173362024948056,4,16,10,0.13333333333333333,0.004446303141803274,10.506666666666668,44.9,0.0,3342.9268757948294,0.0,medium
NSR-GRID-249,30,0.5654674196631746,0.9040223911583236,0.4448764556167722,6,24,0,0.2,0.0044527552644867165,10.506666666666668,44.9,0.0,3876.593818984548,0.0,medium
NSR-GRID-250,30,0.27585538098957196,0.6145029489849063,0.1571101689226462,0,7,23,0.0,0.00594308091816946,10.506666666666668,44.9,0.0,790.8671532846713,0.0,low
NSR-GRID-251,30,0.5403995371110925,0.8818205876116768,0.4193687658204583,5,25,0,0.16666666666666666,0.00406860306317051,10.506666666666668,44.9,0.0,4153.218146718148,0.0,medium
NSR-GRID-252,30,0.5574881774117956,0.8981410995975997,0.4357961020796922,5,25,0,0.16666666666666666,0.0038990538200855047,10.506666666666668,44.9,0.0,4444.553586150041,0.0,medium
NSR-GRID-253,30,0.49071222904187656,0.8315002559047961,0.3678623939018026,5,25,0,0.16666666666666666,0.004439752284241307,10.506666666666668,44.9,0.0,4192.612863327147,0.0,medium
NSR-GRID-254,30,0.553971884814519,0.8932179533825338,0.4334685626419304,5,25,0,0.16666666666666666,0.004439180266626724,10.506666666666668,44.9,0.0,3923.7635051546395,0.0,medium
NSR-GRID-255,30,0.4742826811459518,0.8151406372032106,0.3518033436625547,4,26,0,0.13333333333333333,0.004091861750938783,10.506666666666668,44.9,0.0,2784.407957122242,0.0,medium
NSR-GRID-256,30,0.3791517064929517,0.7180224316320073,0.2586294737215948,3,11,16,0.1,0.004307981338658635,10.506666666666668,44.9,0.0,1649.8136466707886,0.0,medium
NSR-GRID-257,30,0.36432250467462474,0.7070067133452549,0.2434165927724067,2,12,16,0.06666666666666667,0.00444813234736779,10.506666666666668,44.9,0.0,1501.064702246033,0.0,medium
NSR-GRID-258,30,0.37159719687678033,0.7120553893174931,0.2516963617046772,2,12,16,0.06666666666666667,0.004688855679130578,10.506666666666668,44.9,0.0,1630.8674500103075,0.0,medium
NSR-GRID-259,30,0.4867360529743353,0.8250743340924842,0.3662781421406771,5,25,0,0.16666666666666666,0.004508521999805445,10.506666666666668,44.9,0.0,3382.262930146301,0.0,medium
NSR-GRID-260,30,0.512320486795072,0.8527138542199756,0.3900294133579777,5,25,0,0.16666666666666666,0.0042674208855654734,10.506666666666668,44.9,0.0,3899.1935683364263,0.0,medium
NSR-GRID-261,30,0.31925213776223776,0.6645572709141288,0.1934652742096521,2,5,23,0.06666666666666667,0.006954229773907058,10.506666666666668,44.9,0.0,2107.371546391753,0.0,low
NSR-GRID-262,30,0.21441609264324551,0.5553535738244136,0.0944941822757349,0,5,25,0.0,0.004984633512000185,10.506666666666668,44.9,0.0,253.1083865650114,0.0,low
NSR-GRID-263,30,0.271574041544099,0.6120835300803602,0.1509817802500278,0,7,23,0.0,0.005184392370513458,10.506666666666668,44.9,0.0,764.5948062654575,0.0,low
NSR-GRID-264,30,0.3283971080356493,0.669649992771247,0.2080462967821406,2,7,21,0.06666666666666667,0.004842350363210208,10.506666666666668,44.9,0.0,1510.5546391752582,0.0,low
NSR-GRID-265,30,0.497443886293168,0.8421676457866669,0.3727698284290364,5,25,0,0.16666666666666666,0.00555889916979441,10.506666666666668,44.9,0.0,3914.826086956519,0.0,medium
NSR-GRID-266,30,0.4736624761460172,0.8139802188215775,0.3511987600578004,5,25,0,0.16666666666666666,0.004816128812133154,10.506666666666668,44.9,0.0,3457.7086338347417,0.0,medium
NSR-GRID-267,30,0.6264577244244278,0.962557209097465,0.5071543694923201,7,23,0,0.23333333333333334,0.00583746236436535,10.506666666666668,44.9,0.0,4653.21052631579,0.0,medium
NSR-GRID-268,30,0.3338394758630311,0.6725960376575141,0.2110803821234436,2,8,20,0.06666666666666667,0.005413862376076519,10.506666666666668,44.9,0.0,2006.5704225352113,0.0,medium
NSR-GRID-269,30,0.5877152396488295,0.9242241216451188,0.4672653310372789,7,23,0,0.23333333333333334,0.005547422287034777,10.506666666666668,44.9,0.0,4988.153259361998,0.0,medium
NSR-GRID-270,30,0.3704941349517161,0.7113830678931105,0.2470729675491418,3,11,16,0.1,0.004902695122139854,10.506666666666668,44.9,0.0,2241.3127528209507,0.0,medium
NSR-GRID-271,30,0.5424794462429718,0.8837744415490605,0.4211923246114508,5,25,0,0.16666666666666666,0.003876498658326208,10.506666666666668,44.9,0.0,4239.840533672174,0.0,medium
NSR-GRID-272,30,0.5427637131616582,0.8854723682238506,0.4201584725667737,5,25,0,0.16666666666666666,0.004121289368105596,10.506666666666668,44.9,0.0,4573.1858444585705,0.0,medium
NSR-GRID-273,30,0.4767715014463248,0.8180882401213393,0.3535446242110744,5,25,0,0.16666666666666666,0.004735485852721022,10.506666666666668,44.9,0.0,3517.1677610675697,0.0,medium
NSR-GRID-274,30,0.5456935368757448,0.8849723128570264,0.4247056297121224,5,25,0,0.16666666666666666,0.004561884869923395,10.506666666666668,44.9,0.0,3894.695274422547,0.0,medium
NSR-GRID-275,30,0.4368596307490665,0.7775571326177938,0.3147137760452111,4,16,10,0.13333333333333333,0.0038083027237483524,10.506666666666668,44.9,0.0,2897.1852087306625,0.0,medium
NSR-GRID-276,30,0.33686027299962146,0.67435349162473,0.217578730153947,2,10,18,0.06666666666666667,0.0053556741295341,10.506666666666668,44.9,0.0,1644.3045964837956,0.0,medium
NSR-GRID-277,30,0.24205609910516668,0.5830723684158456,0.1211379388525269,0,7,23,0.0,0.004708802134943633,10.506666666666668,44.9,0.0,345.1527218809573,0.0,low
NSR-GRID-278,30,0.3882648444431531,0.7290276999951367,0.2662504708397886,3,15,12,0.1,0.003930884642918221,10.506666666666668,44.9,0.0,1880.6457627118648,0.0,medium
NSR-GRID-279,30,0.35434171476441406,0.6971546333076256,0.2313942115337249,2,12,16,0.06666666666666667,0.004771573362196488,10.506666666666668,44.9,0.0,1933.5431052743068,0.0,medium
NSR-GRID-280,30,0.21687576916729784,0.560526454027502,0.0943924136233763,0,5,25,0.0,0.004873770913390372,10.506666666666668,44.9,0.0,551.7771186440675,0.0,low
NSR-GRID-281,30,0.19012023503883793,0.5320071869567741,0.0689354340997459,0,5,25,0.0,0.00430788741205824,10.506666666666668,44.9,0.0,9.830544376191485,0.0,low
NSR-GRID-282,30,0.2553275879338438,0.5988193820182885,0.1348209828842487,0,7,23,0.0,0.004093793889648222,10.506666666666668,44.9,0.0,544.1805084745761,0.0,low
NSR-GRID-283,30,0.32595913599254006,0.6659557357378568,0.2051497018558158,1,7,22,0.03333333333333333,0.004909909249968181,10.506666666666668,44.9,0.0,1443.2267429540152,0.0,low
NSR-GRID-284,30,0.29975928603938384,0.6426729809005309,0.1775091581621622,0,7,23,0.0,0.005078847052850934,10.506666666666668,44.9,0.0,1240.661368934096,0.0,low
NSR-GRID-285,30,0.5721715037203569,0.9130906333694976,0.4502977179514444,6,24,0,0.2,0.00391844078304285,10.506666666666668,44.9,0.0,4076.8478260869583,0.0,medium
NSR-GRID-286,30,0.2549626552170326,0.5992045219607638,0.1339434649489227,0,7,23,0.0,0.003945681610633482,10.506666666666668,44.9,0.0,646.1406505967705,0.0,low
NSR-GRID-287,30,0.6310862179877728,0.9652627396062354,0.5129540929586655,7,23,0,0.23333333333333334,0.00707080320471783,10.506666666666668,44.9,0.0,5187.409658970555,0.0,medium
NSR-GRID-288,30,0.6005040325686508,0.9338294613673732,0.4816377357128874,7,23,0,0.23333333333333334,0.00610629236429391,10.506666666666668,44.9,0.0,4584.157136806437,0.0,medium
NSR-GRID-289,30,0.5215000536642231,0.8609802496303501,0.3997844069576509,5,25,0,0.16666666666666666,0.004219810468721539,10.506666666666668,44.9,0.0,3554.8192413646952,0.0,medium
NSR-GRID-290,30,0.39366096199454204,0.737234392122592,0.2680268842408168,3,16,11,0.1,0.006693145812673118,10.506666666666668,44.9,0.0,2814.9209913154004,0.0,medium
NSR-GRID-291,30,0.29889213452058067,0.6434663126430489,0.1758043547131902,0,7,23,0.0,0.005454695382657407,10.506666666666668,44.9,0.0,1156.1347172209278,0.0,low
NSR-GRID-292,30,0.31882354240991184,0.6580805310298312,0.198581301292895,0,7,23,0.0,0.005187155549095213,10.506666666666668,44.9,0.0,1267.8664971392252,0.0,low
NSR-GRID-293,30,0.4653731711938642,0.8041548056356066,0.3439443790044381,4,26,0,0.13333333333333333,0.004511807667224435,10.506666666666668,44.9,0.0,3216.780885780886,0.0,medium
NSR-GRID-294,30,0.4018855425191713,0.743673860008171,0.2790842408293442,3,17,10,0.1,0.005076319241180485,10.506666666666668,44.9,0.0,2350.215844100826,0.0,medium
NSR-GRID-295,30,0.22704697373940055,0.5681067217897822,0.1065620661635138,0,6,24,0.0,0.0043250636823558095,10.506666666666668,44.9,0.0,17.788135593220332,0.0,low
NSR-GRID-296,30,0.2029845450215207,0.5450787948628391,0.0836844139819924,0,5,25,0.0,0.005171690321693007,10.506666666666668,44.9,0.0,4.944915254237288,0.0,low
NSR-GRID-297,30,0.17580166265609895,0.5207518061794935,0.0532643221286215,0,5,25,0.0,0.0048335901987054345,10.506666666666668,44.9,0.0,18.54404913172384,0.0,low
NSR-GRID-298,30,0.21206403768027748,0.5555397021902231,0.0915279030319252,0,5,25,0.0,0.004234967554365253,10.506666666666668,44.9,0.0,45.6852361787757,0.0,low
NSR-GRID-299,30,0.20492138863207074,0.5470459690392976,0.0845953260856742,0,5,25,0.0,0.004480319365619616,10.506666666666668,44.9,0.0,36.84343220338983,0.0,low
NSR-GRID-300,30,0.48005393445817657,0.820794086846662,0.3583328787398013,5,25,0,0.16666666666666666,0.004262417063626672,10.506666666666668,44.9,0.0,2936.6347525394417,0.0,medium
NSR-GRID-301,30,0.5697880026652931,0.90989379761598,0.4489612051900558,6,24,0,0.2,0.004157940959690444,10.506666666666668,44.9,0.0,3883.0,0.0,medium
NSR-GRID-302,30,0.3415656984536494,0.6818455724889417,0.2210114974854903,2,11,17,0.06666666666666667,0.004769775509735523,10.506666666666668,44.9,0.0,1512.908135896289,0.0,medium
NSR-GRID-303,30,0.21770873079070122,0.5598283694930056,0.0973034054403111,0,5,25,0.0,0.004258063320961468,10.506666666666668,44.9,0.0,270.69852941176475,0.0,low
NSR-GRID-304,30,0.41743486680577213,0.7564101312757899,0.2951065174539925,3,17,10,0.1,0.0048007762822406454,10.506666666666668,44.9,0.0,2429.218305504021,0.0,medium
NSR-GRID-305,30,0.5419340793974404,0.87976762819644,0.4210137861466677,5,25,0,0.16666666666666666,0.004580525213863334,10.506666666666668,44.9,0.0,3831.8934679579647,0.0,medium
NSR-GRID-306,30,0.5727535908233335,0.912308676305702,0.4520079029673854,6,24,0,0.2,0.004488722614424249,10.506666666666668,44.9,0.0,4161.52906018137,0.0,medium
NSR-GRID-307,30,0.42172728965341444,0.7588678598738473,0.3009159354175913,3,17,10,0.1,0.005222987629387923,10.506666666666668,44.9,0.0,2240.266488046166,0.0,medium
NSR-GRID-308,30,0.2875380759818358,0.6291583345568499,0.1668024890707087,0,7,23,0.0,0.005170638508782396,10.506666666666668,44.9,0.0,926.4774366371315,0.0,low
NSR-GRID-309,30,0.15619663422942673,0.5045002596279575,0.0320771454219075,0,5,25,0.0,0.00667528336408211,10.506666666666668,44.9,0.0,182.24010717229993,0.0,low
NSR-GRID-310,30,0.18011845774578422,0.516774119183095,0.061469721669346,0,5,25,0.0,0.00617749796834607,10.506666666666668,44.9,0.0,177.70760354419951,0.0,low
NSR-GRID-311,30,0.18381914871508942,0.5203429059401572,0.0649778980785982,0,5,25,0.0,0.006006262802708095,10.506666666666668,44.9,0.0,241.2104720676149,0.0,low
NSR-GRID-312,30,0.2556792392228857,0.5989201587353012,0.1351363206064775,0,7,23,0.0,0.004097599648493573,10.506666666666668,44.9,0.0,490.7259793814433,0.0,low
NSR-GRID-313,30,0.250705608646017,0.5937703074847382,0.131039354816465,0,7,23,0.0,0.004803967509166938,10.506666666666668,44.9,0.0,384.6201566364386,0.0,low
NSR-GRID-314,30,0.152047266319305,0.4948571515767369,0.0316692267618165,0,5,25,0.0,0.004319444584390963,10.506666666666668,44.9,0.0,3.2643725530599617,0.0,low
NSR-GRID-315,30,0.20287202387162268,0.547020061885157,0.0813337504744111,0,5,25,0.0,0.004380096925778002,10.506666666666668,44.9,0.0,0.0,0.0,low
NSR-GRID-316,30,0.1927017755548774,0.5368951080593121,0.0713972658050688,0,5,25,0.0,0.004084582099033181,10.506666666666668,44.9,0.0,0.0,0.0,low
NSR-GRID-317,30,0.3943998364936387,0.7364354326514625,0.2717233796575477,3,16,11,0.1,0.0041569367206132175,10.506666666666668,44.9,0.0,1732.014728444308,0.0,medium
NSR-GRID-318,30,0.21992706515601543,0.5615898632918647,0.098249012655527,0,5,25,0.0,0.0046906482849393945,10.506666666666668,44.9,0.0,501.9714003944773,0.0,low
NSR-GRID-319,30,0.2630611322226287,0.6031007557031993,0.143129645424674,0,7,23,0.0,0.004827741829331774,10.506666666666668,44.9,0.0,270.16292372881355,0.0,low
NSR-GRID-320,30,0.5142619182986203,0.8569352455098376,0.3910380114527631,5,25,0,0.16666666666666666,0.004577479848810613,10.506666666666668,44.9,0.0,3551.406952098347,0.0,medium
NSR-GRID-321,30,0.5309994739667401,0.8703868132992193,0.4093097968999689,5,25,0,0.16666666666666666,0.00441167700972186,10.506666666666668,44.9,0.0,3693.339546706208,0.0,medium
NSR-GRID-322,30,0.34986369041609766,0.6939462169199918,0.2275143858190796,2,12,16,0.06666666666666667,0.005040745653130859,10.506666666666668,44.9,0.0,1370.4163135593217,0.0,medium
NSR-GRID-323,30,0.33322447818983414,0.6705210562238715,0.2147014767751965,2,10,18,0.06666666666666667,0.0067825184663858375,10.506666666666668,44.9,0.0,1142.2644067796614,0.0,medium
NSR-GRID-324,30,0.32609883471162776,0.6649608642744836,0.2063194019260097,1,8,21,0.03333333333333333,0.005326774699094762,10.506666666666668,44.9,0.0,1288.129872881356,0.0,low
NSR-GRID-325,30,0.2580641055033742,0.6022734150740356,0.1368559503384221,0,7,23,0.0,0.00405108008883195,10.506666666666668,44.9,0.0,540.2418979029866,0.0,low
NSR-GRID-326,30,0.23921338101988004,0.5771256062195824,0.1216188758197879,0,6,24,0.0,0.006989294188291508,10.506666666666668,44.9,0.0,103.9375,0.0,low
NSR-GRID-327,30,0.248117876270159,0.5932679149653056,0.1273157070185677,0,7,23,0.0,0.004100435494905295,10.506666666666668,44.9,0.0,422.16461864406796,0.0,low
NSR-GRID-328,30,0.2608275028300515,0.6018468839709932,0.1416611063799219,0,7,23,0.0,0.005340227566346933,10.506666666666668,44.9,0.0,503.81059322033923,0.0,low
NSR-GRID-329,30,0.1988284242891845,0.5420084202768959,0.0782247020092505,0,5,25,0.0,0.004213571853284145,10.506666666666668,44.9,0.0,0.29237288135593226,0.0,low
NSR-GRID-330,30,0.1903815494670443,0.5352853607907282,0.0687804488824262,0,5,25,0.0,0.004144962004781419,10.506666666666668,44.9,0.0,0.05509641873278229,0.0,low
NSR-GRID-331,30,0.19794047496870484,0.5424780650228249,0.0753007992477452,0,5,25,0.0,0.004936332341599655,10.506666666666668,44.9,0.0,0.0,0.0,low
NSR-GRID-332,30,0.3566695370880615,0.6941063531466849,0.2375641196511459,2,12,16,0.06666666666666667,0.00604692797431367,10.506666666666668,44.9,0.0,1330.8183565593472,0.0,medium
NSR-GRID-333,30,0.2115892337010882,0.5533029203730166,0.091744066391486,0,5,25,0.0,0.004622715014141604,10.506666666666668,44.9,0.0,46.937684210526335,0.0,low
NSR-GRID-334,30,0.3757583434471578,0.7164463203884295,0.2557891460180603,3,11,16,0.1,0.004844533344714668,10.506666666666668,44.9,0.0,1327.893880074181,0.0,medium
NSR-GRID-335,30,0.3349920605227004,0.676300617086576,0.2140681562113559,2,10,18,0.06666666666666667,0.004719997230898664,10.506666666666668,44.9,0.0,1192.8685349268494,0.0,medium
NSR-GRID-336,30,0.475025197106991,0.8141029609198498,0.3541767602777842,4,26,0,0.13333333333333333,0.0045420373227640825,10.506666666666668,44.9,0.0,3263.393570987016,0.0,medium
NSR-GRID-337,30,0.3119521053314561,0.6528031595151056,0.1907682656011224,0,7,23,0.0,0.004894590842594506,10.506666666666668,44.9,0.0,1240.7304759942297,0.0,low
NSR-GRID-338,30,0.22253508899410762,0.5657120018717855,0.1009975506712804,0,5,25,0.0,0.004733938897491021,10.506666666666668,44.9,0.0,592.8773701566364,0.0,low
NSR-GRID-339,30,0.29254634427803866,0.6324958100822733,0.1720588535737864,0,7,23,0.0,0.0050462128757865704,10.506666666666668,44.9,0.0,930.0867504636303,0.0,low
NSR-GRID-340,30,0.2783057762423635,0.6166253461835992,0.1601784441686815,0,7,23,0.0,0.006275939908307576,10.506666666666668,44.9,0.0,583.1533388293487,0.0,low
NSR-GRID-341,30,0.3840184288086352,0.7202924730484906,0.2640998836019244,3,15,12,0.1,0.00533190660412724,10.506666666666668,44.9,0.0,2180.2058096415326,0.0,medium
NSR-GRID-342,30,0.3061387678286539,0.6491464518305271,0.1846578881350624,0,7,23,0.0,0.005311403127058829,10.506666666666668,44.9,0.0,1070.0778899649702,0.0,low
NSR-GRID-343,30,0.25460780043948916,0.5979335764040423,0.1341685319945377,0,7,23,0.0,0.004158107033771387,10.506666666666668,44.9,0.0,474.1240725474032,0.0,low
NSR-GRID-344,30,0.24693711748166505,0.5913521580354448,0.1261444960106127,0,7,23,0.0,0.004176283576577446,10.506666666666668,44.9,0.0,449.59839274675454,0.0,low
NSR-GRID-345,30,0.21005616679985112,0.5508036864506688,0.0902328962726245,0,5,25,0.0,0.004979998261746318,10.506666666666668,44.9,0.0,85.51525144270403,0.0,low
NSR-GRID-346,30,0.2112778835164704,0.5540841145521279,0.090662232179537,0,5,25,0.0,0.004207043236406761,10.506666666666668,44.9,0.0,1.3389690721649488,0.0,low
NSR-GRID-347,30,0.30317124544262486,0.6387920999603972,0.1846903237655359,0,7,23,0.0,0.006957628476121778,10.506666666666668,44.9,0.0,473.26385224274406,0.0,low
NSR-GRID-348,30,0.2386669548052567,0.5800213758771886,0.1188380434465974,0,6,24,0.0,0.005000240424587423,10.506666666666668,44.9,0.0,807.6074161271331,0.0,low
NSR-GRID-349,30,0.3825750319603975,0.7218651337178689,0.2624693098208596,3,15,12,0.1,0.005053657520952943,10.506666666666668,44.9,0.0,1331.1975228161673,0.0,medium
NSR-GRID-350,30,0.35383310127354645,0.694036918504236,0.2339070384934607,2,12,16,0.06666666666666667,0.004911616267110259,10.506666666666668,44.9,0.0,1374.7461359305528,0.0,medium
NSR-GRID-351,30,0.2828443147307448,0.6234462518701178,0.1632438790723358,0,7,23,0.0,0.0052032976918010765,10.506666666666668,44.9,0.0,518.4916402116402,0.0,low
NSR-GRID-352,30,0.31138163109452177,0.6533396880999836,0.1889176036132929,0,7,23,0.0,0.005173743501296123,10.506666666666668,44.9,0.0,1487.347236925683,0.0,low
NSR-GRID-353,30,0.3585449108480395,0.6942677428938772,0.2383261865492407,2,12,16,0.06666666666666667,0.004847930253617744,10.506666666666668,44.9,0.0,2202.6179085520735,0.0,medium
NSR-GRID-354,30,0.3397873044853346,0.6769758411777534,0.2216303703870608,2,10,18,0.06666666666666667,0.006312823935887065,10.506666666666668,44.9,0.0,1462.0635324015248,0.0,medium
NSR-GRID-355,30,0.22058575987490958,0.5596684704973205,0.102308083108815,0,5,25,0.0,0.006144188417278225,10.506666666666668,44.9,0.0,169.99026248941578,0.0,low
NSR-GRID-356,30,0.24438709083980079,0.5896273756704876,0.1225316212021817,0,7,23,0.0,0.00441798818914654,10.506666666666668,44.9,0.0,395.3365812327898,0.0,low
NSR-GRID-357,30,0.23687564449909196,0.5788901587505122,0.1168303426273188,0,6,24,0.0,0.0046790243936462765,10.506666666666668,44.9,0.0,496.5293245818338,0.0,low
NSR-GRID-358,30,0.34943984385023596,0.6912263817144344,0.2259782033620363,2,12,16,0.06666666666666667,0.004958897334769701,10.506666666666668,44.9,0.0,2231.0099491955975,0.0,medium
NSR-GRID-359,30,0.42708348649949157,0.7692269269221994,0.3021055044571611,4,16,10,0.13333333333333333,0.005475026450093817,10.506666666666668,44.9,0.0,3382.8340038111364,0.0,medium
NSR-GRID-360,30,0.21839050940452662,0.5619016225415598,0.0966325400374789,0,5,25,0.0,0.004387829833835118,10.506666666666668,44.9,0.0,313.94432684165974,0.0,low
NSR-GRID-361,30,0.2154503615393731,0.5581044658292513,0.0951531244163108,0,5,25,0.0,0.004223610636424155,10.506666666666668,44.9,0.0,227.47491001482115,0.0,low
NSR-GRID-362,30,0.20750762803424747,0.552593326605539,0.0837159421233749,0,5,25,0.0,0.005865682718299798,10.506666666666668,44.9,0.0,453.06403162055346,0.0,low
NSR-GRID-363,30,0.39451267382204996,0.7356580251674587,0.2728990774640011,3,16,11,0.1,0.0038329934885152975,10.506666666666668,44.9,0.0,1788.9072345390896,0.0,medium
NSR-GRID-364,30,0.486460332930444,0.8274695527681049,0.3644911893400706,5,25,0,0.16666666666666666,0.004022429985973144,10.506666666666668,44.9,0.0,3125.193179411142,0.0,medium
NSR-GRID-365,30,0.36113441434863547,0.7035948923797245,0.2403691813328684,2,12,16,0.06666666666666667,0.004490240802353091,10.506666666666668,44.9,0.0,1371.7904661016946,0.0,medium
NSR-GRID-366,30,0.22386384733589107,0.5646101658272681,0.1032090018313257,0,5,25,0.0,0.004423681852289249,10.506666666666668,44.9,0.0,61.859504132231415,0.0,low
NSR-GRID-367,30,0.27345503203725413,0.6081428794850794,0.1553884701336419,0,7,23,0.0,0.007214696972720416,10.506666666666668,44.9,0.0,824.7522236340529,0.0,low
NSR-GRID-368,30,0.22705493063755802,0.5694310617790396,0.1059854481700081,0,6,24,0.0,0.004537703565155972,10.506666666666668,44.9,0.0,353.64146548072847,0.0,low
NSR-GRID-369,30,0.20179483007869953,0.5426077834107568,0.082419562866502,0,5,25,0.0,0.005082447063773031,10.506666666666668,44.9,0.0,15.672453948761376,0.0,low
NSR-GRID-370,30,0.1768770821600317,0.5220842533650304,0.0538363948876133,0,5,25,0.0,0.00522324955366477,10.506666666666668,44.9,0.0,36.98262711864406,0.0,low
NSR-GRID-371,30,0.21687178331079096,0.5594718183649079,0.0971097158289609,0,5,25,0.0,0.0046549381246686105,10.506666666666668,44.9,0.0,48.55739093604407,0.0,low
NSR-GRID-372,30,0.2576023287126751,0.599995148838453,0.1371286194034901,0,7,23,0.0,0.004293212493828763,10.506666666666668,44.9,0.0,679.3891949152538,0.0,low
NSR-GRID-373,30,0.2646757529024507,0.6066282644755975,0.1424932657279867,0,7,23,0.0,0.005865581272341675,10.506666666666668,44.9,0.0,899.3983894892986,0.0,low
NSR-GRID-374,30,0.2067465892520646,0.5494514191456653,0.0852583921494703,0,5,25,0.0,0.004460642580474694,10.506666666666668,44.9,0.0,135.90591226954862,0.0,low
NSR-GRID-375,30,0.190075334336896,0.5343988826662542,0.0683078280609643,0,5,25,0.0,0.004247089948879517,10.506666666666668,44.9,0.0,0.2763659466327827,0.0,low
NSR-GRID-376,30,0.36502018307499523,0.7074867946094586,0.245055914868561,2,12,16,0.06666666666666667,0.004638299600416917,10.506666666666668,44.9,0.0,1308.7562814070347,0.0,medium
NSR-GRID-377,30,0.29069896508454696,0.6374012435678055,0.164579799344978,0,7,23,0.0,0.007777272262280877,10.506666666666668,44.9,0.0,1313.3030303030307,0.0,low
NSR-GRID-378,30,0.19165180993637554,0.5317756303349754,0.071612476747985,0,5,25,0.0,0.0047984297200110715,10.506666666666668,44.9,0.0,0.5059717698154179,0.0,low
NSR-GRID-379,30,0.21254715297833332,0.5598322717134728,0.0891327008208907,0,5,25,0.0,0.005999015407542222,10.506666666666668,44.9,0.0,817.8877005347596,0.0,low
NSR-GRID-380,30,0.20452706400128742,0.5444903537735725,0.0849587271194714,0,5,25,0.0,0.00486468797172256,10.506666666666668,44.9,0.0,3.6543072205185365,0.0,low
NSR-GRID-381,30,0.1516629442060378,0.4930669377581332,0.0321218361873662,0,5,25,0.0,0.00491218743022087,10.506666666666668,44.9,0.0,0.0,0.0,low
NSR-GRID-382,30,0.17605805556094817,0.5159697297150179,0.0561342788671643,0,5,25,0.0,0.005126004374264409,10.506666666666668,44.9,0.0,0.0046687416629613,0.0,low
NSR-GRID-383,30,0.23505430717541112,0.5745323542378096,0.1161082265369213,0,6,24,0.0,0.00548295719322609,10.506666666666668,44.9,0.0,382.4624238320921,0.0,low
NSR-GRID-384,30,0.18980680978751413,0.5325096908064467,0.0688965982829924,0,5,25,0.0,0.0042839768201549085,10.506666666666668,44.9,0.0,47.549917491749206,0.0,low
NSR-GRID-385,30,0.14775089707981545,0.4921730247107783,0.0257984234323849,0,5,25,0.0,0.0044013095958455335,10.506666666666668,44.9,0.0,0.042654028436018884,0.0,low
NSR-GRID-386,30,0.189721087664477,0.533186650024557,0.068915691415791,0,5,25,0.0,0.003931011528445862,10.506666666666668,44.9,0.0,0.2822414503502267,0.0,low
NSR-GRID-387,30,0.17998752176655805,0.5249837367494273,0.0579428140049287,0,5,25,0.0,0.0046183383687399505,10.506666666666668,44.9,0.0,0.0,0.0,low
NSR-GRID-388,30,0.19189070955957174,0.5355499350160079,0.0697948446949695,0,5,25,0.0,0.004651037458161985,10.506666666666668,44.9,0.0,25.853668590272054,0.0,low
NSR-GRID-389,30,0.2290060131217854,0.5717822060684608,0.1065448142455806,0,6,24,0.0,0.005652424303121253,10.506666666666668,44.9,0.0,515.8536685902722,0.0,low
NSR-GRID-390,30,0.12636007020688148,0.4740110616243086,0.0,0,5,25,0.0,0.0074747938667864295,10.506666666666668,44.9,0.0,2.385852090032155,0.0,low
NSR-GRID-391,30,0.1948589385328502,0.5386441105225963,0.0731791567523661,0,5,25,0.0,0.004317181854728993,10.506666666666668,44.9,0.0,12.937317784256557,0.0,low
NSR-GRID-392,30,0.16561725411538145,0.5078667539938012,0.0431308258563033,0,5,25,0.0,0.005374627265403612,10.506666666666668,44.9,0.0,28.581032412965204,0.0,low
NSR-GRID-393,30,0.1512125054860456,0.4943587612480028,0.0307585073968363,0,5,25,0.0,0.0043027690679869595,10.506666666666668,44.9,0.0,0.0,0.0,low
NSR-GRID-394,30,0.14018662406832283,0.4857136252609797,0.0181823144791931,0,5,25,0.0,0.0045698180062573885,10.506666666666668,44.9,0.0,0.0,0.0,low
NSR-GRID-395,30,0.13782201554081208,0.4828348757855554,0.0159921780817651,0,4,26,0.0,0.004560336471316844,10.506666666666668,44.9,0.0,0.0,0.0,low
NSR-GRID-396,30,0.17205641982337977,0.5142815973193801,0.0512655466150849,0,5,25,0.0,0.004754162110614191,10.506666666666668,44.9,0.0,0.0,0.0,low
NSR-GRID-397,30,0.15709835800437214,0.5001926296034149,0.0333029072068112,0,5,25,0.0,0.005797345980983554,10.506666666666668,44.9,0.0,0.0,0.0,low
NSR-GRID-398,30,0.17914898222124934,0.5237302497671243,0.0572162622591672,0,5,25,0.0,0.00441679293024294,10.506666666666668,44.9,0.0,0.0041608876560332,0.0,low
NSR-GRID-399,30,0.14813920150627619,0.494852855751875,0.0242190167386919,0,5,25,0.0,0.005532160976487845,10.506666666666668,44.9,0.0,145.77722772277227,0.0,low
NSR-GRID-400,30,0.18695420857846065,0.5299058389529719,0.065735948089863,0,5,25,0.0,0.004215717650269065,10.506666666666668,44.9,0.0,4.663783783783783,0.0,low
NSR-GRID-401,30,0.1772090384372517,0.5212377628091792,0.0560784984528912,0,5,25,0.0,0.004136347034038242,10.506666666666668,44.9,0.0,0.0,0.0,low
NSR-GRID-402,30,0.14794801623614384,0.4915069043453453,0.0270650994438553,0,5,25,0.0,0.0041036118995528325,10.506666666666668,44.9,0.0,0.0,0.0,low
NSR-GRID-403,30,0.19173061048436416,0.5357677896880246,0.0706429725161523,0,5,25,0.0,0.00410067063219899,10.506666666666668,44.9,0.0,0.0,0.0,low
NSR-GRID-404,30,0.1460725957049874,0.4897249553962183,0.0255415514977461,0,5,25,0.0,0.004169558401355647,10.506666666666668,44.9,0.0,0.0,0.0,low
NSR-GRID-405,30,0.19666239984182754,0.5369283042344702,0.0781536285727316,0,5,25,0.0,0.0059653768247637995,10.506666666666668,44.9,0.0,0.0,0.0,low
NSR-GRID-406,30,0.217738147861532,0.5608345763192919,0.0959999386430119,0,5,25,0.0,0.004935659440465637,10.506666666666668,44.9,0.0,272.19616788321156,0.0,low
NSR-GRID-407,30,0.1998760479577702,0.5436286970287366,0.0772043963319475,0,5,25,0.0,0.005066258463964971,10.506666666666668,44.9,0.0,221.85050609914364,0.0,low
NSR-GRID-408,30,0.22505878258619513,0.5650954292134858,0.1060105639008582,0,5,25,0.0,0.005380353883554667,10.506666666666668,44.9,0.0,0.0,0.0,low
NSR-GRID-409,30,0.2105872013417862,0.5522772330051301,0.0906508023282185,0,5,25,0.0,0.004734113516399826,10.506666666666668,44.9,0.0,0.0,0.0,low
NSR-GRID-410,30,0.21243313575613865,0.5552404831638792,0.0922660591770865,0,5,25,0.0,0.004359528120041574,10.506666666666668,44.9,0.0,7.7721304531978,0.0,low
NSR-GRID-411,30,0.21695227754962404,0.559046891660346,0.0967162254311166,0,5,25,0.0,0.004526512184031981,10.506666666666668,44.9,0.0,0.0,0.0,low
NSR-GRID-412,30,0.2515579886206915,0.5925688277461019,0.1329799277375374,0,7,23,0.0,0.005859279922439128,10.506666666666668,44.9,0.0,633.0,0.0,low
NSR-GRID-413,30,0.24512400852728888,0.5866530766242136,0.1252934789120982,0,6,24,0.0,0.004867720044224183,10.506666666666668,44.9,0.0,649.7540716612378,0.0,low
NSR-GRID-414,30,0.2469736173123392,0.5904481593937516,0.1267192937910987,0,6,24,0.0,0.004493275853924898,10.506666666666668,44.9,0.0,350.28361858190704,0.0,low
NSR-GRID-415,30,0.20053918448571145,0.5419589426315357,0.0804722920913138,0,5,25,0.0,0.004620006380842127,10.506666666666668,44.9,0.0,0.0,0.0,low
NSR-GRID-416,30,0.1408226620373186,0.4835959522616677,0.0203703585638833,0,5,25,0.0,0.00443331015836206,10.506666666666668,44.9,0.0,2.4789076376554195,0.0,low
